:START_ID,:END_ID,:TYPE,decision,confidence,override_ai,weight,connection_strength,first_seen_date,last_seen_date,event_time,interaction_count,shared_count
REVIEW-521585,CASE-521585,REVIEWS_CASE,Reject - Fraud Confirmed,0.59,No,0.59,0.4909,06/01/2015,02/01/2015,06/01/2015,2,1
REVIEW-687698,CASE-687698,REVIEWS_CASE,Approve - Pay Claim,0.58,No,0.58,0.5402,07/01/2015,05/01/2015,07/01/2015,2,2
REVIEW-413978,CASE-413978,REVIEWS_CASE,Approve - Pay Claim,0.71,No,0.71,0.6751,03/01/2015,08/01/2015,03/01/2015,3,1
REVIEW-636550,CASE-636550,REVIEWS_CASE,Approve - Pay Claim,0.71,No,0.71,0.6145,07/01/2015,02/01/2015,07/01/2015,2,1
REVIEW-214618,CASE-214618,REVIEWS_CASE,Approve - Pay Claim,0.95,Yes,0.95,0.782,07/01/2015,01/01/2015,07/01/2015,3,2
REVIEW-626808,CASE-626808,REVIEWS_CASE,Approve - Pay Claim,0.84,No,0.84,0.7476,09/01/2015,03/01/2015,09/01/2015,2,2
REVIEW-558938,CASE-558938,REVIEWS_CASE,Approve - Pay Claim,0.57,No,0.57,0.484,02/01/2015,04/01/2015,02/01/2015,2,1
REVIEW-921202,CASE-921202,REVIEWS_CASE,Approve - Pay Claim,0.76,No,0.76,0.756,09/01/2015,03/01/2015,09/01/2015,2,2
REVIEW-143972,CASE-143972,REVIEWS_CASE,Approve - Pay Claim,0.87,No,0.87,0.7223,01/01/2015,08/01/2015,01/01/2015,3,1
REVIEW-183430,CASE-183430,REVIEWS_CASE,Approve - Pay Claim,0.79,Yes,0.79,0.6445,06/01/2015,02/01/2015,06/01/2015,3,2
REVIEW-431876,CASE-431876,REVIEWS_CASE,Approve - Pay Claim,0.83,No,0.83,0.8053,03/01/2015,01/01/2015,03/01/2015,2,1
REVIEW-115399,CASE-115399,REVIEWS_CASE,Reject - Fraud Confirmed,0.98,No,0.98,0.9199,08/01/2015,08/01/2015,08/01/2015,1,1
REVIEW-699044,CASE-699044,REVIEWS_CASE,Approve - Pay Claim,0.9,No,0.9,0.8897,03/01/2015,04/01/2015,03/01/2015,3,2
REVIEW-608513,CASE-608513,REVIEWS_CASE,Approve - Pay Claim,0.81,No,0.81,0.6583,01/01/2015,03/01/2015,01/01/2015,1,1
REVIEW-914088,CASE-914088,REVIEWS_CASE,Approve - Pay Claim,0.95,No,0.95,0.8448,01/01/2015,06/01/2015,01/01/2015,2,2
REVIEW-908616,CASE-908616,REVIEWS_CASE,Approve - Pay Claim,0.78,No,0.78,0.7235,09/01/2015,08/01/2015,09/01/2015,3,1
REVIEW-336614,CASE-336614,REVIEWS_CASE,Approve - Pay Claim,0.91,No,0.91,0.7886,06/01/2015,06/01/2015,06/01/2015,2,2
REVIEW-584859,CASE-584859,REVIEWS_CASE,Approve - Pay Claim,0.64,No,0.64,0.5621,05/01/2015,03/01/2015,05/01/2015,2,1
REVIEW-990493,CASE-990493,REVIEWS_CASE,Approve - Pay Claim,0.92,No,0.92,0.8206,07/01/2015,02/01/2015,07/01/2015,1,2
REVIEW-129872,CASE-129872,REVIEWS_CASE,Reject - Fraud Confirmed,0.81,No,0.81,0.6957,04/01/2015,03/01/2015,04/01/2015,3,1
REVIEW-200152,CASE-200152,REVIEWS_CASE,Escalate to Legal,0.75,Yes,0.75,0.6372,02/01/2015,04/01/2015,02/01/2015,1,1
REVIEW-485664,CASE-485664,REVIEWS_CASE,Approve - Pay Claim,0.67,No,0.67,0.551,07/01/2015,01/01/2015,07/01/2015,1,1
REVIEW-982871,CASE-982871,REVIEWS_CASE,Approve - Pay Claim,0.61,Yes,0.61,0.5966,05/01/2015,04/01/2015,05/01/2015,1,1
REVIEW-206213,CASE-206213,REVIEWS_CASE,Approve - Pay Claim,0.79,Yes,0.79,0.7036,07/01/2015,05/01/2015,07/01/2015,3,1
REVIEW-616337,CASE-616337,REVIEWS_CASE,Reject - Fraud Confirmed,0.9,No,0.9,0.7747,01/01/2015,09/01/2015,01/01/2015,2,1
REVIEW-448961,CASE-448961,REVIEWS_CASE,Approve - Pay Claim,0.62,No,0.62,0.5328,07/01/2015,01/01/2015,07/01/2015,1,2
REVIEW-108844,CASE-108844,REVIEWS_CASE,Approve - Pay Claim,0.87,No,0.87,0.8163,07/01/2015,06/01/2015,07/01/2015,3,2
REVIEW-430029,CASE-430029,REVIEWS_CASE,Approve - Pay Claim,0.89,Yes,0.89,0.8525,05/01/2015,07/01/2015,05/01/2015,3,2
REVIEW-529112,CASE-529112,REVIEWS_CASE,Approve - Pay Claim,0.72,Yes,0.72,0.6898,04/01/2015,05/01/2015,04/01/2015,3,2
REVIEW-939631,CASE-939631,REVIEWS_CASE,Reject - Fraud Confirmed,0.72,No,0.72,0.6572,03/01/2015,04/01/2015,03/01/2015,1,2
REVIEW-582011,CASE-582011,REVIEWS_CASE,Approve - Pay Claim,0.68,No,0.68,0.5498,04/01/2015,02/01/2015,04/01/2015,1,1
REVIEW-691189,CASE-691189,REVIEWS_CASE,Approve - Pay Claim,0.79,No,0.79,0.7441,08/01/2015,08/01/2015,08/01/2015,2,1
REVIEW-537546,CASE-537546,REVIEWS_CASE,Approve - Pay Claim,0.74,No,0.74,0.7325,06/01/2015,03/01/2015,06/01/2015,3,1
REVIEW-729634,CASE-729634,REVIEWS_CASE,Approve - Pay Claim,0.7,No,0.7,0.6581,06/01/2015,02/01/2015,06/01/2015,1,1
REVIEW-524836,CASE-524836,REVIEWS_CASE,Approve - Pay Claim,0.81,No,0.81,0.7271,09/01/2015,01/01/2015,09/01/2015,1,1
REVIEW-307195,CASE-307195,REVIEWS_CASE,Approve - Pay Claim,0.88,No,0.88,0.7905,04/01/2015,05/01/2015,04/01/2015,3,2
REVIEW-485372,CASE-485372,REVIEWS_CASE,Approve - Pay Claim,0.97,No,0.97,0.9499,09/01/2015,07/01/2015,09/01/2015,3,1
REVIEW-303987,CASE-303987,REVIEWS_CASE,Approve - Pay Claim,0.75,No,0.75,0.7108,09/01/2015,04/01/2015,09/01/2015,3,2
REVIEW-332867,CASE-332867,REVIEWS_CASE,Approve - Pay Claim,0.57,No,0.57,0.5147,04/01/2015,02/01/2015,04/01/2015,2,2
REVIEW-346002,CASE-346002,REVIEWS_CASE,Approve - Pay Claim,0.95,No,0.95,0.8047,04/01/2015,02/01/2015,04/01/2015,1,1
REVIEW-500533,CASE-500533,REVIEWS_CASE,Approve - Pay Claim,0.75,No,0.75,0.7215,04/01/2015,09/01/2015,04/01/2015,3,2
REVIEW-260845,CASE-260845,REVIEWS_CASE,Approve - Pay Claim,0.72,No,0.72,0.7167,02/01/2015,07/01/2015,02/01/2015,2,2
REVIEW-657045,CASE-657045,REVIEWS_CASE,Approve - Pay Claim,0.83,Yes,0.83,0.8274,05/01/2015,08/01/2015,05/01/2015,3,1
REVIEW-761189,CASE-761189,REVIEWS_CASE,Approve - Pay Claim,0.99,Yes,0.99,0.906,04/01/2015,01/01/2015,04/01/2015,2,1
REVIEW-175177,CASE-175177,REVIEWS_CASE,Approve - Pay Claim,0.97,No,0.97,0.8023,03/01/2015,02/01/2015,03/01/2015,3,1
REVIEW-166264,CASE-166264,REVIEWS_CASE,Approve - Pay Claim,0.6,No,0.6,0.5609,06/01/2015,09/01/2015,06/01/2015,2,2
REVIEW-527945,CASE-527945,REVIEWS_CASE,Approve - Pay Claim,0.97,No,0.97,0.9177,05/01/2015,08/01/2015,05/01/2015,1,2
REVIEW-484200,CASE-484200,REVIEWS_CASE,Approve - Pay Claim,0.98,Yes,0.98,0.9757,09/01/2015,09/01/2015,09/01/2015,3,2
REVIEW-694662,CASE-694662,REVIEWS_CASE,Approve - Pay Claim,0.85,No,0.85,0.6817,06/01/2015,04/01/2015,06/01/2015,1,1
REVIEW-498875,CASE-498875,REVIEWS_CASE,Approve - Pay Claim,0.83,No,0.83,0.6996,03/01/2015,06/01/2015,03/01/2015,2,1
REVIEW-798177,CASE-798177,REVIEWS_CASE,Approve - Pay Claim,0.79,No,0.79,0.6798,09/01/2015,01/01/2015,09/01/2015,3,2
REVIEW-614763,CASE-614763,REVIEWS_CASE,Approve - Pay Claim,0.57,No,0.57,0.5584,03/01/2015,06/01/2015,03/01/2015,1,1
REVIEW-958857,CASE-958857,REVIEWS_CASE,Approve - Pay Claim,0.98,Yes,0.98,0.878,01/01/2015,05/01/2015,01/01/2015,2,2
REVIEW-307447,CASE-307447,REVIEWS_CASE,Approve - Pay Claim,0.63,No,0.63,0.6267,07/01/2015,05/01/2015,07/01/2015,3,2
REVIEW-900628,CASE-900628,REVIEWS_CASE,Reject - Fraud Confirmed,0.66,No,0.66,0.6309,07/01/2015,06/01/2015,07/01/2015,3,1
REVIEW-235220,CASE-235220,REVIEWS_CASE,Reject - Fraud Confirmed,0.91,No,0.91,0.8566,07/01/2015,04/01/2015,07/01/2015,1,1
REVIEW-389238,CASE-389238,REVIEWS_CASE,Approve - Pay Claim,0.6,No,0.6,0.5748,06/01/2015,02/01/2015,06/01/2015,3,1
REVIEW-760179,CASE-760179,REVIEWS_CASE,Approve - Pay Claim,0.69,No,0.69,0.5545,04/01/2015,09/01/2015,04/01/2015,1,1
REVIEW-939905,CASE-939905,REVIEWS_CASE,Approve - Pay Claim,0.82,No,0.82,0.7887,05/01/2015,02/01/2015,05/01/2015,2,2
REVIEW-632627,CASE-632627,REVIEWS_CASE,Escalate to Legal,0.96,No,0.96,0.8865,08/01/2015,04/01/2015,08/01/2015,1,1
REVIEW-283414,CASE-283414,REVIEWS_CASE,Approve - Pay Claim,0.83,No,0.83,0.6962,08/01/2015,02/01/2015,08/01/2015,2,2
REVIEW-163161,CASE-163161,REVIEWS_CASE,Escalate to Legal,0.69,No,0.69,0.6593,02/01/2015,03/01/2015,02/01/2015,1,1
REVIEW-853360,CASE-853360,REVIEWS_CASE,Approve - Pay Claim,0.6,No,0.6,0.5076,01/01/2015,06/01/2015,01/01/2015,3,2
REVIEW-776860,CASE-776860,REVIEWS_CASE,Approve - Pay Claim,0.62,Yes,0.62,0.613,01/01/2015,05/01/2015,01/01/2015,2,1
REVIEW-149367,CASE-149367,REVIEWS_CASE,Reject - Fraud Confirmed,0.76,No,0.76,0.7503,01/01/2015,08/01/2015,01/01/2015,2,1
REVIEW-395269,CASE-395269,REVIEWS_CASE,Approve - Pay Claim,0.96,No,0.96,0.8046,03/01/2015,01/01/2015,03/01/2015,3,2
REVIEW-981123,CASE-981123,REVIEWS_CASE,Approve - Pay Claim,0.65,No,0.65,0.568,09/01/2015,08/01/2015,09/01/2015,3,2
REVIEW-154982,CASE-154982,REVIEWS_CASE,Approve - Pay Claim,0.71,No,0.71,0.5972,02/01/2015,04/01/2015,02/01/2015,1,1
REVIEW-368050,CASE-368050,REVIEWS_CASE,Approve - Pay Claim,0.64,No,0.64,0.6178,01/01/2015,05/01/2015,01/01/2015,2,2
REVIEW-717392,CASE-717392,REVIEWS_CASE,Approve - Pay Claim,0.68,No,0.68,0.5779,01/01/2015,02/01/2015,01/01/2015,2,1
REVIEW-414779,CASE-414779,REVIEWS_CASE,Approve - Pay Claim,0.84,No,0.84,0.7956,01/01/2015,04/01/2015,01/01/2015,2,1
REVIEW-469874,CASE-469874,REVIEWS_CASE,Reject - Fraud Confirmed,0.78,Yes,0.78,0.6411,04/01/2015,06/01/2015,04/01/2015,1,1
REVIEW-964657,CASE-964657,REVIEWS_CASE,Reject - Fraud Confirmed,0.77,No,0.77,0.7595,03/01/2015,01/01/2015,03/01/2015,3,1
REVIEW-756054,CASE-756054,REVIEWS_CASE,Approve - Pay Claim,0.78,No,0.78,0.7131,07/01/2015,06/01/2015,07/01/2015,1,1
REVIEW-682387,CASE-682387,REVIEWS_CASE,Approve - Pay Claim,0.72,No,0.72,0.6906,07/01/2015,05/01/2015,07/01/2015,1,2
REVIEW-795686,CASE-795686,REVIEWS_CASE,Escalate to Legal,0.98,No,0.98,0.7897,07/01/2015,01/01/2015,07/01/2015,2,1
REVIEW-395983,CASE-395983,REVIEWS_CASE,Approve - Pay Claim,0.82,No,0.82,0.7831,02/01/2015,08/01/2015,02/01/2015,2,2
REVIEW-217938,CASE-217938,REVIEWS_CASE,Escalate to Legal,0.58,No,0.58,0.5279,08/01/2015,07/01/2015,08/01/2015,2,2
REVIEW-203914,CASE-203914,REVIEWS_CASE,Approve - Pay Claim,0.68,No,0.68,0.614,09/01/2015,05/01/2015,09/01/2015,2,1
REVIEW-565157,CASE-565157,REVIEWS_CASE,Approve - Pay Claim,0.63,No,0.63,0.6121,01/01/2015,08/01/2015,01/01/2015,2,1
REVIEW-904191,CASE-904191,REVIEWS_CASE,Escalate to Legal,0.68,No,0.68,0.6676,09/01/2015,02/01/2015,09/01/2015,2,1
REVIEW-575000,CASE-575000,REVIEWS_CASE,Escalate to Legal,0.62,No,0.62,0.5636,09/01/2015,09/01/2015,09/01/2015,2,2
REVIEW-120485,CASE-120485,REVIEWS_CASE,Escalate to Legal,0.57,No,0.57,0.5439,07/01/2015,07/01/2015,07/01/2015,2,2
REVIEW-781181,CASE-781181,REVIEWS_CASE,Approve - Pay Claim,0.87,Yes,0.87,0.7902,05/01/2015,03/01/2015,05/01/2015,2,1
REVIEW-589749,CASE-589749,REVIEWS_CASE,Approve - Pay Claim,0.77,No,0.77,0.7241,05/01/2015,05/01/2015,05/01/2015,1,1
REVIEW-139484,CASE-139484,REVIEWS_CASE,Approve - Pay Claim,0.62,No,0.62,0.5661,02/01/2015,04/01/2015,02/01/2015,3,2
REVIEW-678849,CASE-678849,REVIEWS_CASE,Approve - Pay Claim,0.81,No,0.81,0.8082,07/01/2015,07/01/2015,07/01/2015,2,2
REVIEW-346940,CASE-346940,REVIEWS_CASE,Reject - Fraud Confirmed,0.61,No,0.61,0.5444,03/01/2015,09/01/2015,03/01/2015,3,1
REVIEW-985436,CASE-985436,REVIEWS_CASE,Approve - Pay Claim,0.67,No,0.67,0.5545,08/01/2015,02/01/2015,08/01/2015,1,1
REVIEW-237418,CASE-237418,REVIEWS_CASE,Approve - Pay Claim,0.86,No,0.86,0.7185,08/01/2015,04/01/2015,08/01/2015,2,2
REVIEW-335780,CASE-335780,REVIEWS_CASE,Escalate to Legal,0.95,No,0.95,0.8708,07/01/2015,02/01/2015,07/01/2015,1,2
REVIEW-491392,CASE-491392,REVIEWS_CASE,Approve - Pay Claim,0.84,No,0.84,0.819,06/01/2015,05/01/2015,06/01/2015,3,1
REVIEW-922565,CASE-922565,REVIEWS_CASE,Approve - Pay Claim,0.79,No,0.79,0.708,01/01/2015,06/01/2015,01/01/2015,3,2
REVIEW-288580,CASE-288580,REVIEWS_CASE,Reject - Fraud Confirmed,0.79,No,0.79,0.6382,03/01/2015,04/01/2015,03/01/2015,3,1
REVIEW-154280,CASE-154280,REVIEWS_CASE,Approve - Pay Claim,0.64,No,0.64,0.5876,05/01/2015,05/01/2015,05/01/2015,1,1
REVIEW-914815,CASE-914815,REVIEWS_CASE,Approve - Pay Claim,0.69,No,0.69,0.6772,03/01/2015,09/01/2015,03/01/2015,1,1
REVIEW-249048,CASE-249048,REVIEWS_CASE,Approve - Pay Claim,0.57,Yes,0.57,0.4828,06/01/2015,01/01/2015,06/01/2015,3,2
REVIEW-651861,CASE-651861,REVIEWS_CASE,Approve - Pay Claim,0.84,No,0.84,0.8066,01/01/2015,08/01/2015,01/01/2015,1,1
REVIEW-125324,CASE-125324,REVIEWS_CASE,Approve - Pay Claim,0.55,No,0.55,0.5129,02/01/2015,03/01/2015,02/01/2015,3,1
REVIEW-514065,CASE-514065,REVIEWS_CASE,Approve - Pay Claim,0.71,No,0.71,0.6878,03/01/2015,01/01/2015,03/01/2015,1,1
REVIEW-922167,CASE-922167,REVIEWS_CASE,Approve - Pay Claim,0.97,No,0.97,0.8528,03/01/2015,08/01/2015,03/01/2015,1,1
REVIEW-442795,CASE-442795,REVIEWS_CASE,Escalate to Legal,0.66,No,0.66,0.6434,02/01/2015,09/01/2015,02/01/2015,1,2
REVIEW-438817,CASE-438817,REVIEWS_CASE,Approve - Pay Claim,0.83,No,0.83,0.6796,06/01/2015,05/01/2015,06/01/2015,1,1
REVIEW-868283,CASE-868283,REVIEWS_CASE,Approve - Pay Claim,0.86,Yes,0.86,0.6947,04/01/2015,06/01/2015,04/01/2015,2,2
REVIEW-212580,CASE-212580,REVIEWS_CASE,Approve - Pay Claim,0.66,No,0.66,0.5516,06/01/2015,09/01/2015,06/01/2015,1,2
REVIEW-602410,CASE-602410,REVIEWS_CASE,Reject - Fraud Confirmed,0.85,Yes,0.85,0.727,04/01/2015,05/01/2015,04/01/2015,1,1
REVIEW-630226,CASE-630226,REVIEWS_CASE,Approve - Pay Claim,0.86,Yes,0.86,0.7618,08/01/2015,06/01/2015,08/01/2015,1,1
REVIEW-171254,CASE-171254,REVIEWS_CASE,Approve - Pay Claim,0.61,No,0.61,0.5441,06/01/2015,09/01/2015,06/01/2015,1,2
REVIEW-586367,CASE-586367,REVIEWS_CASE,Approve - Pay Claim,0.85,No,0.85,0.7505,03/01/2015,05/01/2015,03/01/2015,2,1
REVIEW-896890,CASE-896890,REVIEWS_CASE,Approve - Pay Claim,0.88,No,0.88,0.7386,08/01/2015,01/01/2015,08/01/2015,3,1
REVIEW-650026,CASE-650026,REVIEWS_CASE,Approve - Pay Claim,0.61,No,0.61,0.4929,02/01/2015,03/01/2015,02/01/2015,3,1
REVIEW-547744,CASE-547744,REVIEWS_CASE,Reject - Fraud Confirmed,0.74,No,0.74,0.6249,08/01/2015,03/01/2015,08/01/2015,3,1
REVIEW-436126,CASE-436126,REVIEWS_CASE,Approve - Pay Claim,0.77,No,0.77,0.6258,07/01/2015,03/01/2015,07/01/2015,3,2
REVIEW-218684,CASE-218684,REVIEWS_CASE,Approve - Pay Claim,0.72,No,0.72,0.6318,07/01/2015,08/01/2015,07/01/2015,1,2
REVIEW-604614,CASE-604614,REVIEWS_CASE,Escalate to Legal,0.6,No,0.6,0.4881,02/01/2015,08/01/2015,02/01/2015,1,1
REVIEW-509928,CASE-509928,REVIEWS_CASE,Approve - Pay Claim,0.89,No,0.89,0.8137,07/01/2015,07/01/2015,07/01/2015,2,2
REVIEW-593390,CASE-593390,REVIEWS_CASE,Approve - Pay Claim,0.59,No,0.59,0.5024,03/01/2015,01/01/2015,03/01/2015,3,2
REVIEW-529398,CASE-529398,REVIEWS_CASE,Approve - Pay Claim,0.95,No,0.95,0.8347,05/01/2015,03/01/2015,05/01/2015,3,2
REVIEW-442677,CASE-442677,REVIEWS_CASE,Approve - Pay Claim,0.83,No,0.83,0.6705,03/01/2015,02/01/2015,03/01/2015,2,2
REVIEW-365364,CASE-365364,REVIEWS_CASE,Approve - Pay Claim,0.56,Yes,0.56,0.5207,04/01/2015,09/01/2015,04/01/2015,3,1
REVIEW-114839,CASE-114839,REVIEWS_CASE,Approve - Pay Claim,0.68,Yes,0.68,0.639,04/01/2015,01/01/2015,04/01/2015,3,1
REVIEW-872734,CASE-872734,REVIEWS_CASE,Approve - Pay Claim,0.88,Yes,0.88,0.871,09/01/2015,07/01/2015,09/01/2015,3,2
REVIEW-740505,CASE-740505,REVIEWS_CASE,Approve - Pay Claim,0.95,Yes,0.95,0.9025,01/01/2015,07/01/2015,01/01/2015,1,1
REVIEW-241562,CASE-241562,REVIEWS_CASE,Approve - Pay Claim,0.76,No,0.76,0.7367,02/01/2015,08/01/2015,02/01/2015,2,1
REVIEW-405533,CASE-405533,REVIEWS_CASE,Approve - Pay Claim,0.98,No,0.98,0.9446,01/01/2015,03/01/2015,01/01/2015,3,1
REVIEW-667021,CASE-667021,REVIEWS_CASE,Approve - Pay Claim,0.88,Yes,0.88,0.752,08/01/2015,06/01/2015,08/01/2015,1,2
REVIEW-476923,CASE-476923,REVIEWS_CASE,Approve - Pay Claim,0.97,No,0.97,0.8292,01/01/2015,03/01/2015,01/01/2015,1,2
REVIEW-735822,CASE-735822,REVIEWS_CASE,Reject - Fraud Confirmed,0.71,Yes,0.71,0.5771,02/01/2015,08/01/2015,02/01/2015,1,1
REVIEW-130930,CASE-130930,REVIEWS_CASE,Approve - Pay Claim,0.95,No,0.95,0.8637,08/01/2015,04/01/2015,08/01/2015,1,1
REVIEW-280709,CASE-280709,REVIEWS_CASE,Approve - Pay Claim,0.64,No,0.64,0.5225,08/01/2015,05/01/2015,08/01/2015,1,2
REVIEW-898573,CASE-898573,REVIEWS_CASE,Approve - Pay Claim,0.6,Yes,0.6,0.4927,05/01/2015,05/01/2015,05/01/2015,2,1
REVIEW-547802,CASE-547802,REVIEWS_CASE,Approve - Pay Claim,0.77,No,0.77,0.6565,05/01/2015,05/01/2015,05/01/2015,2,2
REVIEW-600845,CASE-600845,REVIEWS_CASE,Reject - Fraud Confirmed,0.55,No,0.55,0.4583,07/01/2015,06/01/2015,07/01/2015,3,1
REVIEW-629918,CASE-629918,REVIEWS_CASE,Approve - Pay Claim,0.95,No,0.95,0.9079,01/01/2015,02/01/2015,01/01/2015,3,2
REVIEW-208298,CASE-208298,REVIEWS_CASE,Approve - Pay Claim,0.83,No,0.83,0.6931,09/01/2015,01/01/2015,09/01/2015,3,1
REVIEW-513099,CASE-513099,REVIEWS_CASE,Escalate to Legal,0.7,No,0.7,0.6068,04/01/2015,07/01/2015,04/01/2015,1,2
REVIEW-184938,CASE-184938,REVIEWS_CASE,Approve - Pay Claim,0.71,No,0.71,0.6332,05/01/2015,08/01/2015,05/01/2015,3,2
REVIEW-336047,CASE-336047,REVIEWS_CASE,Escalate to Legal,0.59,Yes,0.59,0.4737,09/01/2015,08/01/2015,09/01/2015,2,2
REVIEW-532330,CASE-532330,REVIEWS_CASE,Escalate to Legal,0.81,No,0.81,0.6646,07/01/2015,05/01/2015,07/01/2015,3,2
REVIEW-118137,CASE-118137,REVIEWS_CASE,Approve - Pay Claim,0.91,No,0.91,0.8197,05/01/2015,03/01/2015,05/01/2015,2,1
REVIEW-212674,CASE-212674,REVIEWS_CASE,Escalate to Legal,0.72,No,0.72,0.5827,02/01/2015,02/01/2015,02/01/2015,3,2
REVIEW-737593,CASE-737593,REVIEWS_CASE,Approve - Pay Claim,0.72,No,0.72,0.6472,08/01/2015,01/01/2015,08/01/2015,3,2
REVIEW-812025,CASE-812025,REVIEWS_CASE,Approve - Pay Claim,0.92,No,0.92,0.7981,06/01/2015,09/01/2015,06/01/2015,2,1
REVIEW-168151,CASE-168151,REVIEWS_CASE,Approve - Pay Claim,0.59,No,0.59,0.5076,01/01/2015,04/01/2015,01/01/2015,3,1
REVIEW-843227,CASE-843227,REVIEWS_CASE,Reject - Fraud Confirmed,0.67,No,0.67,0.6505,08/01/2015,01/01/2015,08/01/2015,1,1
REVIEW-475588,CASE-475588,REVIEWS_CASE,Escalate to Legal,0.81,No,0.81,0.6507,09/01/2015,07/01/2015,09/01/2015,1,2
REVIEW-226725,CASE-226725,REVIEWS_CASE,Approve - Pay Claim,0.74,No,0.74,0.6159,04/01/2015,04/01/2015,04/01/2015,1,2
REVIEW-818167,CASE-818167,REVIEWS_CASE,Approve - Pay Claim,0.65,No,0.65,0.6151,02/01/2015,05/01/2015,02/01/2015,3,1
REVIEW-842618,CASE-842618,REVIEWS_CASE,Approve - Pay Claim,0.76,No,0.76,0.749,03/01/2015,05/01/2015,03/01/2015,1,2
REVIEW-577810,CASE-577810,REVIEWS_CASE,Approve - Pay Claim,0.96,Yes,0.96,0.9455,04/01/2015,04/01/2015,04/01/2015,3,2
REVIEW-994538,CASE-994538,REVIEWS_CASE,Approve - Pay Claim,0.63,No,0.63,0.5266,04/01/2015,08/01/2015,04/01/2015,3,1
REVIEW-727792,CASE-727792,REVIEWS_CASE,Approve - Pay Claim,0.85,No,0.85,0.7975,02/01/2015,02/01/2015,02/01/2015,3,2
REVIEW-367595,CASE-367595,REVIEWS_CASE,Approve - Pay Claim,0.63,No,0.63,0.6088,06/01/2015,01/01/2015,06/01/2015,1,2
REVIEW-586104,CASE-586104,REVIEWS_CASE,Approve - Pay Claim,0.73,No,0.73,0.6071,04/01/2015,09/01/2015,04/01/2015,3,1
REVIEW-356768,CASE-356768,REVIEWS_CASE,Approve - Pay Claim,0.75,No,0.75,0.7031,05/01/2015,05/01/2015,05/01/2015,1,1
REVIEW-330506,CASE-330506,REVIEWS_CASE,Approve - Pay Claim,0.74,No,0.74,0.7167,08/01/2015,03/01/2015,08/01/2015,1,1
REVIEW-779075,CASE-779075,REVIEWS_CASE,Reject - Fraud Confirmed,0.81,No,0.81,0.6752,07/01/2015,06/01/2015,07/01/2015,1,2
REVIEW-967756,CASE-967756,REVIEWS_CASE,Approve - Pay Claim,0.7,No,0.7,0.669,03/01/2015,08/01/2015,03/01/2015,1,1
REVIEW-127313,CASE-127313,REVIEWS_CASE,Approve - Pay Claim,0.61,No,0.61,0.577,02/01/2015,06/01/2015,02/01/2015,1,2
REVIEW-332892,CASE-332892,REVIEWS_CASE,Approve - Pay Claim,0.75,Yes,0.75,0.74,08/01/2015,05/01/2015,08/01/2015,2,2
REVIEW-444422,CASE-444422,REVIEWS_CASE,Approve - Pay Claim,0.94,Yes,0.94,0.8774,05/01/2015,03/01/2015,05/01/2015,1,1
REVIEW-806081,CASE-806081,REVIEWS_CASE,Approve - Pay Claim,0.77,No,0.77,0.6532,02/01/2015,04/01/2015,02/01/2015,3,2
REVIEW-756459,CASE-756459,REVIEWS_CASE,Approve - Pay Claim,0.94,No,0.94,0.9147,01/01/2015,08/01/2015,01/01/2015,2,1
REVIEW-515698,CASE-515698,REVIEWS_CASE,Approve - Pay Claim,0.59,No,0.59,0.5547,04/01/2015,04/01/2015,04/01/2015,2,2
REVIEW-297816,CASE-297816,REVIEWS_CASE,Approve - Pay Claim,0.84,No,0.84,0.7092,08/01/2015,06/01/2015,08/01/2015,2,2
REVIEW-615047,CASE-615047,REVIEWS_CASE,Approve - Pay Claim,0.88,Yes,0.88,0.7159,06/01/2015,04/01/2015,06/01/2015,2,2
REVIEW-235869,CASE-235869,REVIEWS_CASE,Reject - Fraud Confirmed,0.72,No,0.72,0.6316,02/01/2015,05/01/2015,02/01/2015,3,2
REVIEW-931625,CASE-931625,REVIEWS_CASE,Escalate to Legal,0.82,No,0.82,0.8131,05/01/2015,08/01/2015,05/01/2015,1,1
REVIEW-371635,CASE-371635,REVIEWS_CASE,Approve - Pay Claim,0.85,No,0.85,0.7198,02/01/2015,03/01/2015,02/01/2015,3,1
REVIEW-427199,CASE-427199,REVIEWS_CASE,Approve - Pay Claim,0.61,No,0.61,0.5074,07/01/2015,05/01/2015,07/01/2015,3,2
REVIEW-261315,CASE-261315,REVIEWS_CASE,Escalate to Legal,0.6,No,0.6,0.5354,05/01/2015,09/01/2015,05/01/2015,2,1
REVIEW-278091,CASE-278091,REVIEWS_CASE,Approve - Pay Claim,0.58,Yes,0.58,0.5518,09/01/2015,07/01/2015,09/01/2015,1,1
REVIEW-153154,CASE-153154,REVIEWS_CASE,Approve - Pay Claim,0.62,No,0.62,0.5945,07/01/2015,09/01/2015,07/01/2015,3,2
REVIEW-515217,CASE-515217,REVIEWS_CASE,Approve - Pay Claim,0.97,No,0.97,0.8612,07/01/2015,09/01/2015,07/01/2015,2,1
REVIEW-860497,CASE-860497,REVIEWS_CASE,Approve - Pay Claim,0.74,No,0.74,0.6608,09/01/2015,04/01/2015,09/01/2015,3,1
REVIEW-351741,CASE-351741,REVIEWS_CASE,Approve - Pay Claim,0.9,No,0.9,0.8039,09/01/2015,03/01/2015,09/01/2015,2,1
REVIEW-162004,CASE-162004,REVIEWS_CASE,Approve - Pay Claim,0.76,No,0.76,0.7073,03/01/2015,03/01/2015,03/01/2015,3,1
REVIEW-740384,CASE-740384,REVIEWS_CASE,Reject - Fraud Confirmed,0.89,No,0.89,0.8026,04/01/2015,06/01/2015,04/01/2015,3,1
REVIEW-876714,CASE-876714,REVIEWS_CASE,Approve - Pay Claim,0.84,No,0.84,0.7182,08/01/2015,04/01/2015,08/01/2015,1,1
REVIEW-951543,CASE-951543,REVIEWS_CASE,Approve - Pay Claim,0.75,No,0.75,0.604,04/01/2015,06/01/2015,04/01/2015,1,1
REVIEW-391003,CASE-391003,REVIEWS_CASE,Approve - Pay Claim,0.86,No,0.86,0.7205,03/01/2015,01/01/2015,03/01/2015,1,1
REVIEW-803294,CASE-803294,REVIEWS_CASE,Approve - Pay Claim,0.63,No,0.63,0.6205,08/01/2015,03/01/2015,08/01/2015,3,1
REVIEW-818413,CASE-818413,REVIEWS_CASE,Approve - Pay Claim,0.99,No,0.99,0.9806,09/01/2015,03/01/2015,09/01/2015,1,1
REVIEW-487356,CASE-487356,REVIEWS_CASE,Approve - Pay Claim,0.7,No,0.7,0.6886,07/01/2015,08/01/2015,07/01/2015,3,1
REVIEW-865839,CASE-865839,REVIEWS_CASE,Approve - Pay Claim,0.93,No,0.93,0.8056,01/01/2015,08/01/2015,01/01/2015,1,1
REVIEW-406567,CASE-406567,REVIEWS_CASE,Approve - Pay Claim,0.86,No,0.86,0.8439,03/01/2015,05/01/2015,03/01/2015,1,2
REVIEW-623032,CASE-623032,REVIEWS_CASE,Approve - Pay Claim,0.82,No,0.82,0.703,09/01/2015,07/01/2015,09/01/2015,2,1
REVIEW-935442,CASE-935442,REVIEWS_CASE,Approve - Pay Claim,0.6,Yes,0.6,0.5711,05/01/2015,01/01/2015,05/01/2015,3,2
REVIEW-563878,CASE-563878,REVIEWS_CASE,Approve - Pay Claim,0.81,No,0.81,0.6579,07/01/2015,04/01/2015,07/01/2015,2,2
REVIEW-620855,CASE-620855,REVIEWS_CASE,Approve - Pay Claim,0.88,No,0.88,0.7711,04/01/2015,04/01/2015,04/01/2015,3,2
REVIEW-583169,CASE-583169,REVIEWS_CASE,Approve - Pay Claim,0.75,No,0.75,0.6807,06/01/2015,09/01/2015,06/01/2015,2,2
REVIEW-337677,CASE-337677,REVIEWS_CASE,Approve - Pay Claim,0.81,No,0.81,0.69,06/01/2015,05/01/2015,06/01/2015,3,2
REVIEW-613226,CASE-613226,REVIEWS_CASE,Approve - Pay Claim,0.65,No,0.65,0.6041,06/01/2015,08/01/2015,06/01/2015,1,1
REVIEW-804410,CASE-804410,REVIEWS_CASE,Approve - Pay Claim,0.94,No,0.94,0.9314,01/01/2015,02/01/2015,01/01/2015,3,1
REVIEW-553565,CASE-553565,REVIEWS_CASE,Approve - Pay Claim,0.93,No,0.93,0.8893,02/01/2015,04/01/2015,02/01/2015,1,2
REVIEW-399524,CASE-399524,REVIEWS_CASE,Approve - Pay Claim,0.72,No,0.72,0.6617,03/01/2015,08/01/2015,03/01/2015,2,1
REVIEW-380067,CASE-380067,REVIEWS_CASE,Approve - Pay Claim,0.94,Yes,0.94,0.8441,02/01/2015,01/01/2015,02/01/2015,3,2
REVIEW-958785,CASE-958785,REVIEWS_CASE,Approve - Pay Claim,0.77,No,0.77,0.6818,02/01/2015,06/01/2015,02/01/2015,1,2
REVIEW-797934,CASE-797934,REVIEWS_CASE,Approve - Pay Claim,0.72,No,0.72,0.6178,05/01/2015,09/01/2015,05/01/2015,1,2
REVIEW-883980,CASE-883980,REVIEWS_CASE,Approve - Pay Claim,0.97,Yes,0.97,0.9656,06/01/2015,08/01/2015,06/01/2015,1,1
REVIEW-340614,CASE-340614,REVIEWS_CASE,Approve - Pay Claim,0.97,No,0.97,0.929,03/01/2015,08/01/2015,03/01/2015,3,1
REVIEW-435784,CASE-435784,REVIEWS_CASE,Approve - Pay Claim,0.85,No,0.85,0.7844,06/01/2015,06/01/2015,06/01/2015,1,2
REVIEW-563837,CASE-563837,REVIEWS_CASE,Approve - Pay Claim,0.77,No,0.77,0.703,04/01/2015,03/01/2015,04/01/2015,3,1
REVIEW-200827,CASE-200827,REVIEWS_CASE,Approve - Pay Claim,0.95,No,0.95,0.905,06/01/2015,03/01/2015,06/01/2015,1,2
REVIEW-566720,CASE-566720,REVIEWS_CASE,Reject - Fraud Confirmed,0.78,No,0.78,0.6989,06/01/2015,03/01/2015,06/01/2015,3,2
REVIEW-832746,CASE-832746,REVIEWS_CASE,Reject - Fraud Confirmed,0.74,No,0.74,0.6206,04/01/2015,02/01/2015,04/01/2015,3,2
REVIEW-386690,CASE-386690,REVIEWS_CASE,Escalate to Legal,0.93,No,0.93,0.8869,01/01/2015,03/01/2015,01/01/2015,1,2
REVIEW-594722,CASE-594722,REVIEWS_CASE,Approve - Pay Claim,0.65,No,0.65,0.5623,02/01/2015,01/01/2015,02/01/2015,1,2
REVIEW-514424,CASE-514424,REVIEWS_CASE,Approve - Pay Claim,0.63,No,0.63,0.5993,07/01/2015,01/01/2015,07/01/2015,3,1
REVIEW-954191,CASE-954191,REVIEWS_CASE,Approve - Pay Claim,0.64,Yes,0.64,0.5884,06/01/2015,05/01/2015,06/01/2015,1,1
REVIEW-388671,CASE-388671,REVIEWS_CASE,Escalate to Legal,0.62,No,0.62,0.6093,05/01/2015,01/01/2015,05/01/2015,1,1
REVIEW-457244,CASE-457244,REVIEWS_CASE,Approve - Pay Claim,0.77,No,0.77,0.7684,08/01/2015,03/01/2015,08/01/2015,2,1
REVIEW-412703,CASE-412703,REVIEWS_CASE,Approve - Pay Claim,0.87,Yes,0.87,0.8543,01/01/2015,04/01/2015,01/01/2015,3,1
REVIEW-347984,CASE-347984,REVIEWS_CASE,Escalate to Legal,0.86,Yes,0.86,0.7027,06/01/2015,05/01/2015,06/01/2015,2,2
REVIEW-626074,CASE-626074,REVIEWS_CASE,Approve - Pay Claim,0.75,Yes,0.75,0.6019,05/01/2015,03/01/2015,05/01/2015,3,1
REVIEW-218109,CASE-218109,REVIEWS_CASE,Approve - Pay Claim,0.56,No,0.56,0.4516,05/01/2015,01/01/2015,05/01/2015,1,1
REVIEW-873859,CASE-873859,REVIEWS_CASE,Approve - Pay Claim,0.61,Yes,0.61,0.5917,06/01/2015,04/01/2015,06/01/2015,3,2
REVIEW-467106,CASE-467106,REVIEWS_CASE,Approve - Pay Claim,0.96,No,0.96,0.8584,02/01/2015,04/01/2015,02/01/2015,2,1
REVIEW-357713,CASE-357713,REVIEWS_CASE,Approve - Pay Claim,0.55,No,0.55,0.466,05/01/2015,09/01/2015,05/01/2015,1,2
REVIEW-751612,CASE-751612,REVIEWS_CASE,Approve - Pay Claim,0.87,No,0.87,0.8486,06/01/2015,08/01/2015,06/01/2015,2,1
REVIEW-876680,CASE-876680,REVIEWS_CASE,Approve - Pay Claim,0.87,No,0.87,0.8686,03/01/2015,04/01/2015,03/01/2015,3,2
REVIEW-411289,CASE-411289,REVIEWS_CASE,Approve - Pay Claim,0.59,No,0.59,0.5332,02/01/2015,09/01/2015,02/01/2015,1,1
REVIEW-932097,CASE-932097,REVIEWS_CASE,Approve - Pay Claim,0.66,No,0.66,0.6574,01/01/2015,05/01/2015,01/01/2015,2,1
REVIEW-348814,CASE-348814,REVIEWS_CASE,Approve - Pay Claim,0.63,No,0.63,0.5963,03/01/2015,06/01/2015,03/01/2015,2,2
REVIEW-944102,CASE-944102,REVIEWS_CASE,Reject - Fraud Confirmed,0.66,No,0.66,0.5548,01/01/2015,04/01/2015,01/01/2015,3,1
REVIEW-689901,CASE-689901,REVIEWS_CASE,Approve - Pay Claim,0.58,Yes,0.58,0.5382,04/01/2015,06/01/2015,04/01/2015,2,2
REVIEW-901083,CASE-901083,REVIEWS_CASE,Escalate to Legal,0.76,No,0.76,0.6187,09/01/2015,01/01/2015,09/01/2015,1,2
REVIEW-682178,CASE-682178,REVIEWS_CASE,Approve - Pay Claim,0.81,Yes,0.81,0.7355,09/01/2015,01/01/2015,09/01/2015,3,1
REVIEW-985924,CASE-985924,REVIEWS_CASE,Approve - Pay Claim,0.86,No,0.86,0.8048,08/01/2015,03/01/2015,08/01/2015,2,2
REVIEW-926665,CASE-926665,REVIEWS_CASE,Approve - Pay Claim,0.79,Yes,0.79,0.6395,01/01/2015,02/01/2015,01/01/2015,2,2
REVIEW-302669,CASE-302669,REVIEWS_CASE,Approve - Pay Claim,0.68,No,0.68,0.668,08/01/2015,06/01/2015,08/01/2015,2,2
REVIEW-971295,CASE-971295,REVIEWS_CASE,Approve - Pay Claim,0.55,No,0.55,0.4605,02/01/2015,07/01/2015,02/01/2015,1,1
REVIEW-165565,CASE-165565,REVIEWS_CASE,Approve - Pay Claim,0.91,No,0.91,0.7383,04/01/2015,04/01/2015,04/01/2015,3,2
REVIEW-501692,CASE-501692,REVIEWS_CASE,Approve - Pay Claim,0.64,Yes,0.64,0.5779,07/01/2015,09/01/2015,07/01/2015,3,2
REVIEW-525224,CASE-525224,REVIEWS_CASE,Approve - Pay Claim,0.56,No,0.56,0.5179,01/01/2015,04/01/2015,01/01/2015,2,2
REVIEW-355085,CASE-355085,REVIEWS_CASE,Approve - Pay Claim,0.93,No,0.93,0.7869,05/01/2015,07/01/2015,05/01/2015,3,1
REVIEW-830729,CASE-830729,REVIEWS_CASE,Approve - Pay Claim,0.55,No,0.55,0.5141,03/01/2015,07/01/2015,03/01/2015,1,2
REVIEW-651948,CASE-651948,REVIEWS_CASE,Approve - Pay Claim,0.98,No,0.98,0.8155,02/01/2015,07/01/2015,02/01/2015,3,1
REVIEW-131478,CASE-131478,REVIEWS_CASE,Approve - Pay Claim,0.89,No,0.89,0.8852,03/01/2015,05/01/2015,03/01/2015,1,1
REVIEW-268833,CASE-268833,REVIEWS_CASE,Approve - Pay Claim,0.75,Yes,0.75,0.6387,02/01/2015,04/01/2015,02/01/2015,3,1
REVIEW-808153,CASE-808153,REVIEWS_CASE,Approve - Pay Claim,0.57,No,0.57,0.4892,01/01/2015,07/01/2015,01/01/2015,1,1
REVIEW-497347,CASE-497347,REVIEWS_CASE,Approve - Pay Claim,0.6,No,0.6,0.5243,01/01/2015,06/01/2015,01/01/2015,1,1
REVIEW-439660,CASE-439660,REVIEWS_CASE,Reject - Fraud Confirmed,0.74,No,0.74,0.6897,05/01/2015,09/01/2015,05/01/2015,2,1
REVIEW-847123,CASE-847123,REVIEWS_CASE,Approve - Pay Claim,0.64,No,0.64,0.5568,07/01/2015,07/01/2015,07/01/2015,3,1
REVIEW-172307,CASE-172307,REVIEWS_CASE,Approve - Pay Claim,0.78,No,0.78,0.775,09/01/2015,05/01/2015,09/01/2015,3,1
REVIEW-810189,CASE-810189,REVIEWS_CASE,Approve - Pay Claim,0.87,No,0.87,0.8298,08/01/2015,02/01/2015,08/01/2015,3,2
REVIEW-432068,CASE-432068,REVIEWS_CASE,Approve - Pay Claim,0.7,No,0.7,0.6877,08/01/2015,08/01/2015,08/01/2015,2,1
REVIEW-903203,CASE-903203,REVIEWS_CASE,Reject - Fraud Confirmed,0.76,Yes,0.76,0.752,06/01/2015,09/01/2015,06/01/2015,3,2
REVIEW-492224,CASE-492224,REVIEWS_CASE,Approve - Pay Claim,0.6,No,0.6,0.5332,03/01/2015,06/01/2015,03/01/2015,1,2
REVIEW-107181,CASE-107181,REVIEWS_CASE,Approve - Pay Claim,0.63,No,0.63,0.6191,02/01/2015,02/01/2015,02/01/2015,3,1
REVIEW-373935,CASE-373935,REVIEWS_CASE,Escalate to Legal,0.57,No,0.57,0.5368,01/01/2015,04/01/2015,01/01/2015,1,1
REVIEW-812989,CASE-812989,REVIEWS_CASE,Approve - Pay Claim,0.57,No,0.57,0.5514,01/01/2015,05/01/2015,01/01/2015,1,2
REVIEW-327856,CASE-327856,REVIEWS_CASE,Approve - Pay Claim,0.74,No,0.74,0.6349,09/01/2015,05/01/2015,09/01/2015,1,2
REVIEW-263159,CASE-263159,REVIEWS_CASE,Approve - Pay Claim,0.84,No,0.84,0.8059,05/01/2015,06/01/2015,05/01/2015,1,1
REVIEW-372912,CASE-372912,REVIEWS_CASE,Approve - Pay Claim,0.87,No,0.87,0.8381,09/01/2015,06/01/2015,09/01/2015,3,1
REVIEW-722747,CASE-722747,REVIEWS_CASE,Approve - Pay Claim,0.93,No,0.93,0.8796,07/01/2015,04/01/2015,07/01/2015,3,2
REVIEW-248467,CASE-248467,REVIEWS_CASE,Approve - Pay Claim,0.94,No,0.94,0.8384,06/01/2015,03/01/2015,06/01/2015,2,2
REVIEW-955953,CASE-955953,REVIEWS_CASE,Approve - Pay Claim,0.85,No,0.85,0.8187,05/01/2015,07/01/2015,05/01/2015,3,2
REVIEW-137675,CASE-137675,REVIEWS_CASE,Escalate to Legal,0.66,No,0.66,0.5881,03/01/2015,08/01/2015,03/01/2015,3,2
REVIEW-343421,CASE-343421,REVIEWS_CASE,Approve - Pay Claim,0.92,No,0.92,0.7404,06/01/2015,08/01/2015,06/01/2015,3,1
REVIEW-413192,CASE-413192,REVIEWS_CASE,Approve - Pay Claim,0.72,No,0.72,0.7093,06/01/2015,04/01/2015,06/01/2015,3,2
REVIEW-247801,CASE-247801,REVIEWS_CASE,Approve - Pay Claim,0.7,No,0.7,0.6381,07/01/2015,08/01/2015,07/01/2015,2,2
REVIEW-171147,CASE-171147,REVIEWS_CASE,Approve - Pay Claim,0.72,No,0.72,0.6407,09/01/2015,06/01/2015,09/01/2015,3,1
REVIEW-431283,CASE-431283,REVIEWS_CASE,Reject - Fraud Confirmed,0.83,No,0.83,0.7919,07/01/2015,05/01/2015,07/01/2015,3,1
REVIEW-758740,CASE-758740,REVIEWS_CASE,Approve - Pay Claim,0.84,No,0.84,0.7973,03/01/2015,03/01/2015,03/01/2015,3,1
REVIEW-628337,CASE-628337,REVIEWS_CASE,Approve - Pay Claim,0.92,Yes,0.92,0.7591,03/01/2015,09/01/2015,03/01/2015,3,1
REVIEW-930032,CASE-930032,REVIEWS_CASE,Approve - Pay Claim,0.56,Yes,0.56,0.4486,03/01/2015,04/01/2015,03/01/2015,1,1
REVIEW-396590,CASE-396590,REVIEWS_CASE,Reject - Fraud Confirmed,0.86,Yes,0.86,0.8208,01/01/2015,02/01/2015,01/01/2015,3,1
REVIEW-238412,CASE-238412,REVIEWS_CASE,Approve - Pay Claim,0.87,Yes,0.87,0.717,06/01/2015,09/01/2015,06/01/2015,3,1
REVIEW-218456,CASE-218456,REVIEWS_CASE,Reject - Fraud Confirmed,0.86,No,0.86,0.7693,05/01/2015,09/01/2015,05/01/2015,1,2
REVIEW-792673,CASE-792673,REVIEWS_CASE,Approve - Pay Claim,0.86,Yes,0.86,0.7928,05/01/2015,09/01/2015,05/01/2015,1,2
REVIEW-971338,CASE-971338,REVIEWS_CASE,Escalate to Legal,0.79,Yes,0.79,0.716,02/01/2015,07/01/2015,02/01/2015,1,1
REVIEW-714738,CASE-714738,REVIEWS_CASE,Escalate to Legal,0.78,No,0.78,0.6498,08/01/2015,02/01/2015,08/01/2015,1,2
REVIEW-753844,CASE-753844,REVIEWS_CASE,Escalate to Legal,0.6,No,0.6,0.5343,02/01/2015,07/01/2015,02/01/2015,3,1
REVIEW-918037,CASE-918037,REVIEWS_CASE,Approve - Pay Claim,0.61,No,0.61,0.4984,01/01/2015,07/01/2015,01/01/2015,3,2
REVIEW-735307,CASE-735307,REVIEWS_CASE,Approve - Pay Claim,0.59,No,0.59,0.5382,06/01/2015,07/01/2015,06/01/2015,3,1
REVIEW-789208,CASE-789208,REVIEWS_CASE,Approve - Pay Claim,0.88,No,0.88,0.7598,07/01/2015,04/01/2015,07/01/2015,3,1
REVIEW-498759,CASE-498759,REVIEWS_CASE,Approve - Pay Claim,0.56,No,0.56,0.5287,08/01/2015,04/01/2015,08/01/2015,3,2
REVIEW-795004,CASE-795004,REVIEWS_CASE,Approve - Pay Claim,0.72,No,0.72,0.6994,04/01/2015,05/01/2015,04/01/2015,1,1
REVIEW-203250,CASE-203250,REVIEWS_CASE,Approve - Pay Claim,0.89,No,0.89,0.8615,03/01/2015,03/01/2015,03/01/2015,1,2
REVIEW-156636,CASE-156636,REVIEWS_CASE,Approve - Pay Claim,0.63,No,0.63,0.5297,04/01/2015,09/01/2015,04/01/2015,2,2
REVIEW-740518,CASE-740518,REVIEWS_CASE,Approve - Pay Claim,0.96,No,0.96,0.7737,07/01/2015,01/01/2015,07/01/2015,1,1
REVIEW-599262,CASE-599262,REVIEWS_CASE,Approve - Pay Claim,0.63,No,0.63,0.566,01/01/2015,02/01/2015,01/01/2015,1,2
REVIEW-357949,CASE-357949,REVIEWS_CASE,Approve - Pay Claim,0.71,No,0.71,0.6901,08/01/2015,02/01/2015,08/01/2015,1,2
REVIEW-493161,CASE-493161,REVIEWS_CASE,Approve - Pay Claim,0.66,No,0.66,0.5932,01/01/2015,06/01/2015,01/01/2015,3,2
REVIEW-320251,CASE-320251,REVIEWS_CASE,Approve - Pay Claim,0.63,No,0.63,0.5077,07/01/2015,05/01/2015,07/01/2015,1,1
REVIEW-231127,CASE-231127,REVIEWS_CASE,Approve - Pay Claim,0.95,No,0.95,0.7733,05/01/2015,02/01/2015,05/01/2015,3,1
REVIEW-555374,CASE-555374,REVIEWS_CASE,Approve - Pay Claim,0.66,No,0.66,0.594,09/01/2015,07/01/2015,09/01/2015,3,1
REVIEW-491484,CASE-491484,REVIEWS_CASE,Approve - Pay Claim,0.78,Yes,0.78,0.636,08/01/2015,09/01/2015,08/01/2015,2,1
REVIEW-265093,CASE-265093,REVIEWS_CASE,Approve - Pay Claim,0.9,No,0.9,0.8904,03/01/2015,03/01/2015,03/01/2015,2,2
REVIEW-267808,CASE-267808,REVIEWS_CASE,Approve - Pay Claim,0.78,Yes,0.78,0.771,04/01/2015,05/01/2015,04/01/2015,3,1
REVIEW-116735,CASE-116735,REVIEWS_CASE,Approve - Pay Claim,0.79,Yes,0.79,0.7739,06/01/2015,08/01/2015,06/01/2015,2,2
REVIEW-445694,CASE-445694,REVIEWS_CASE,Approve - Pay Claim,0.56,No,0.56,0.4723,09/01/2015,08/01/2015,09/01/2015,3,1
REVIEW-168260,CASE-168260,REVIEWS_CASE,Approve - Pay Claim,0.95,No,0.95,0.9116,04/01/2015,01/01/2015,04/01/2015,1,1
REVIEW-246435,CASE-246435,REVIEWS_CASE,Approve - Pay Claim,0.66,No,0.66,0.6552,09/01/2015,06/01/2015,09/01/2015,1,2
REVIEW-726880,CASE-726880,REVIEWS_CASE,Approve - Pay Claim,0.62,No,0.62,0.5937,06/01/2015,05/01/2015,06/01/2015,1,2
REVIEW-246705,CASE-246705,REVIEWS_CASE,Approve - Pay Claim,0.83,No,0.83,0.6825,02/01/2015,02/01/2015,02/01/2015,3,1
REVIEW-619589,CASE-619589,REVIEWS_CASE,Approve - Pay Claim,0.99,No,0.99,0.878,08/01/2015,02/01/2015,08/01/2015,2,1
REVIEW-729534,CASE-729534,REVIEWS_CASE,Approve - Pay Claim,0.56,Yes,0.56,0.4564,06/01/2015,05/01/2015,06/01/2015,2,1
REVIEW-505014,CASE-505014,REVIEWS_CASE,Approve - Pay Claim,0.86,No,0.86,0.7178,03/01/2015,01/01/2015,03/01/2015,1,2
REVIEW-920826,CASE-920826,REVIEWS_CASE,Approve - Pay Claim,0.82,Yes,0.82,0.8042,01/01/2015,07/01/2015,01/01/2015,1,2
REVIEW-110408,CASE-110408,REVIEWS_CASE,Approve - Pay Claim,0.74,No,0.74,0.6174,05/01/2015,06/01/2015,05/01/2015,3,2
REVIEW-283052,CASE-283052,REVIEWS_CASE,Approve - Pay Claim,0.77,No,0.77,0.7252,08/01/2015,05/01/2015,08/01/2015,3,1
REVIEW-382394,CASE-382394,REVIEWS_CASE,Approve - Pay Claim,0.83,No,0.83,0.7895,08/01/2015,08/01/2015,08/01/2015,1,1
REVIEW-876699,CASE-876699,REVIEWS_CASE,Reject - Fraud Confirmed,0.77,No,0.77,0.7294,01/01/2015,07/01/2015,01/01/2015,2,2
REVIEW-871432,CASE-871432,REVIEWS_CASE,Approve - Pay Claim,0.82,Yes,0.82,0.7557,01/01/2015,06/01/2015,01/01/2015,2,1
REVIEW-379882,CASE-379882,REVIEWS_CASE,Approve - Pay Claim,0.56,No,0.56,0.4695,05/01/2015,02/01/2015,05/01/2015,2,1
REVIEW-372891,CASE-372891,REVIEWS_CASE,Approve - Pay Claim,0.82,No,0.82,0.7248,09/01/2015,03/01/2015,09/01/2015,1,2
REVIEW-599174,CASE-599174,REVIEWS_CASE,Approve - Pay Claim,0.75,No,0.75,0.7195,04/01/2015,07/01/2015,04/01/2015,2,2
REVIEW-811042,CASE-811042,REVIEWS_CASE,Approve - Pay Claim,0.61,No,0.61,0.5823,01/01/2015,08/01/2015,01/01/2015,1,2
REVIEW-505316,CASE-505316,REVIEWS_CASE,Approve - Pay Claim,0.75,No,0.75,0.7298,08/01/2015,05/01/2015,08/01/2015,2,2
REVIEW-116645,CASE-116645,REVIEWS_CASE,Approve - Pay Claim,0.74,No,0.74,0.635,07/01/2015,01/01/2015,07/01/2015,2,1
REVIEW-788502,CASE-788502,REVIEWS_CASE,Approve - Pay Claim,0.93,No,0.93,0.8346,03/01/2015,08/01/2015,03/01/2015,1,2
REVIEW-627486,CASE-627486,REVIEWS_CASE,Approve - Pay Claim,0.84,No,0.84,0.7028,08/01/2015,06/01/2015,08/01/2015,2,1
REVIEW-328387,CASE-328387,REVIEWS_CASE,Approve - Pay Claim,0.57,No,0.57,0.5177,04/01/2015,04/01/2015,04/01/2015,3,2
REVIEW-540152,CASE-540152,REVIEWS_CASE,Approve - Pay Claim,0.89,No,0.89,0.8692,03/01/2015,06/01/2015,03/01/2015,2,1
REVIEW-385932,CASE-385932,REVIEWS_CASE,Escalate to Legal,0.91,No,0.91,0.819,06/01/2015,02/01/2015,06/01/2015,1,2
REVIEW-998192,CASE-998192,REVIEWS_CASE,Reject - Fraud Confirmed,0.9,Yes,0.9,0.7251,06/01/2015,04/01/2015,06/01/2015,2,2
REVIEW-663938,CASE-663938,REVIEWS_CASE,Approve - Pay Claim,0.92,No,0.92,0.9006,04/01/2015,09/01/2015,04/01/2015,3,2
REVIEW-756870,CASE-756870,REVIEWS_CASE,Approve - Pay Claim,0.94,No,0.94,0.915,09/01/2015,04/01/2015,09/01/2015,2,1
REVIEW-919875,CASE-919875,REVIEWS_CASE,Approve - Pay Claim,0.9,Yes,0.9,0.7839,03/01/2015,05/01/2015,03/01/2015,3,1
REVIEW-315631,CASE-315631,REVIEWS_CASE,Approve - Pay Claim,0.79,No,0.79,0.7421,08/01/2015,06/01/2015,08/01/2015,2,2
REVIEW-113464,CASE-113464,REVIEWS_CASE,Approve - Pay Claim,0.75,Yes,0.75,0.6088,05/01/2015,07/01/2015,05/01/2015,2,2
REVIEW-556415,CASE-556415,REVIEWS_CASE,Approve - Pay Claim,0.93,No,0.93,0.7934,04/01/2015,03/01/2015,04/01/2015,3,1
REVIEW-403776,CASE-403776,REVIEWS_CASE,Approve - Pay Claim,0.98,No,0.98,0.8205,09/01/2015,04/01/2015,09/01/2015,2,1
REVIEW-396002,CASE-396002,REVIEWS_CASE,Approve - Pay Claim,0.6,No,0.6,0.5475,04/01/2015,04/01/2015,04/01/2015,1,1
REVIEW-509489,CASE-509489,REVIEWS_CASE,Approve - Pay Claim,0.89,No,0.89,0.7244,03/01/2015,05/01/2015,03/01/2015,1,2
REVIEW-361829,CASE-361829,REVIEWS_CASE,Approve - Pay Claim,0.56,No,0.56,0.4655,07/01/2015,06/01/2015,07/01/2015,1,2
REVIEW-603632,CASE-603632,REVIEWS_CASE,Escalate to Legal,0.85,No,0.85,0.8095,03/01/2015,07/01/2015,03/01/2015,3,2
REVIEW-783494,CASE-783494,REVIEWS_CASE,Reject - Fraud Confirmed,0.72,No,0.72,0.5929,03/01/2015,06/01/2015,03/01/2015,1,1
REVIEW-439049,CASE-439049,REVIEWS_CASE,Approve - Pay Claim,0.9,No,0.9,0.7725,06/01/2015,02/01/2015,06/01/2015,3,2
REVIEW-502634,CASE-502634,REVIEWS_CASE,Approve - Pay Claim,0.88,No,0.88,0.8649,01/01/2015,06/01/2015,01/01/2015,3,1
REVIEW-794731,CASE-794731,REVIEWS_CASE,Approve - Pay Claim,0.98,No,0.98,0.8619,07/01/2015,09/01/2015,07/01/2015,3,2
REVIEW-641934,CASE-641934,REVIEWS_CASE,Approve - Pay Claim,0.98,Yes,0.98,0.8661,04/01/2015,03/01/2015,04/01/2015,1,1
REVIEW-113516,CASE-113516,REVIEWS_CASE,Approve - Pay Claim,0.64,No,0.64,0.6287,05/01/2015,03/01/2015,05/01/2015,1,1
REVIEW-425631,CASE-425631,REVIEWS_CASE,Approve - Pay Claim,0.75,No,0.75,0.6991,09/01/2015,04/01/2015,09/01/2015,1,1
REVIEW-512894,CASE-512894,REVIEWS_CASE,Approve - Pay Claim,0.71,No,0.71,0.6409,04/01/2015,01/01/2015,04/01/2015,3,2
REVIEW-464234,CASE-464234,REVIEWS_CASE,Approve - Pay Claim,0.56,No,0.56,0.4509,08/01/2015,05/01/2015,08/01/2015,1,2
REVIEW-911429,CASE-911429,REVIEWS_CASE,Approve - Pay Claim,0.56,No,0.56,0.5568,04/01/2015,08/01/2015,04/01/2015,2,2
REVIEW-106186,CASE-106186,REVIEWS_CASE,Approve - Pay Claim,0.96,No,0.96,0.8621,03/01/2015,07/01/2015,03/01/2015,2,2
REVIEW-311783,CASE-311783,REVIEWS_CASE,Approve - Pay Claim,0.7,No,0.7,0.6435,04/01/2015,01/01/2015,04/01/2015,1,2
REVIEW-228403,CASE-228403,REVIEWS_CASE,Approve - Pay Claim,0.85,No,0.85,0.7253,01/01/2015,06/01/2015,01/01/2015,3,2
REVIEW-209177,CASE-209177,REVIEWS_CASE,Reject - Fraud Confirmed,0.84,No,0.84,0.7753,02/01/2015,07/01/2015,02/01/2015,1,2
REVIEW-497929,CASE-497929,REVIEWS_CASE,Approve - Pay Claim,0.83,No,0.83,0.6999,05/01/2015,08/01/2015,05/01/2015,1,2
REVIEW-735844,CASE-735844,REVIEWS_CASE,Approve - Pay Claim,0.79,No,0.79,0.7887,07/01/2015,07/01/2015,07/01/2015,2,1
REVIEW-710741,CASE-710741,REVIEWS_CASE,Approve - Pay Claim,0.79,No,0.79,0.6873,05/01/2015,06/01/2015,05/01/2015,3,2
REVIEW-276804,CASE-276804,REVIEWS_CASE,Reject - Fraud Confirmed,0.86,No,0.86,0.7247,07/01/2015,07/01/2015,07/01/2015,1,1
REVIEW-507545,CASE-507545,REVIEWS_CASE,Approve - Pay Claim,0.56,No,0.56,0.4946,08/01/2015,02/01/2015,08/01/2015,3,2
REVIEW-485642,CASE-485642,REVIEWS_CASE,Approve - Pay Claim,0.98,Yes,0.98,0.9585,06/01/2015,03/01/2015,06/01/2015,3,2
REVIEW-171183,CASE-171183,REVIEWS_CASE,Approve - Pay Claim,0.75,No,0.75,0.6803,01/01/2015,05/01/2015,01/01/2015,2,1
REVIEW-714784,CASE-714784,REVIEWS_CASE,Approve - Pay Claim,0.93,No,0.93,0.8933,04/01/2015,09/01/2015,04/01/2015,3,1
REVIEW-143924,CASE-143924,REVIEWS_CASE,Approve - Pay Claim,0.7,No,0.7,0.6343,09/01/2015,04/01/2015,09/01/2015,3,2
REVIEW-996850,CASE-996850,REVIEWS_CASE,Approve - Pay Claim,0.86,No,0.86,0.7401,01/01/2015,04/01/2015,01/01/2015,1,1
REVIEW-284834,CASE-284834,REVIEWS_CASE,Approve - Pay Claim,0.72,No,0.72,0.67,06/01/2015,05/01/2015,06/01/2015,1,2
REVIEW-407958,CASE-407958,REVIEWS_CASE,Approve - Pay Claim,0.82,No,0.82,0.7729,05/01/2015,05/01/2015,05/01/2015,2,2
REVIEW-832300,CASE-832300,REVIEWS_CASE,Approve - Pay Claim,0.9,Yes,0.9,0.8525,02/01/2015,02/01/2015,02/01/2015,1,1
REVIEW-655356,CASE-655356,REVIEWS_CASE,Approve - Pay Claim,0.69,No,0.69,0.6203,09/01/2015,05/01/2015,09/01/2015,1,2
REVIEW-831053,CASE-831053,REVIEWS_CASE,Approve - Pay Claim,0.58,No,0.58,0.5353,06/01/2015,07/01/2015,06/01/2015,3,1
REVIEW-594988,CASE-594988,REVIEWS_CASE,Approve - Pay Claim,0.96,No,0.96,0.9598,03/01/2015,08/01/2015,03/01/2015,3,2
REVIEW-191891,CASE-191891,REVIEWS_CASE,Approve - Pay Claim,0.74,No,0.74,0.6068,01/01/2015,07/01/2015,01/01/2015,1,1
REVIEW-831479,CASE-831479,REVIEWS_CASE,Approve - Pay Claim,0.94,No,0.94,0.8066,04/01/2015,04/01/2015,04/01/2015,2,1
REVIEW-714346,CASE-714346,REVIEWS_CASE,Escalate to Legal,0.6,No,0.6,0.5192,08/01/2015,09/01/2015,08/01/2015,1,1
REVIEW-856153,CASE-856153,REVIEWS_CASE,Approve - Pay Claim,0.73,No,0.73,0.6751,02/01/2015,03/01/2015,02/01/2015,2,2
REVIEW-521694,CASE-521694,REVIEWS_CASE,Approve - Pay Claim,0.88,No,0.88,0.7045,01/01/2015,06/01/2015,01/01/2015,1,2
REVIEW-730819,CASE-730819,REVIEWS_CASE,Approve - Pay Claim,0.97,No,0.97,0.916,02/01/2015,03/01/2015,02/01/2015,2,1
REVIEW-912665,CASE-912665,REVIEWS_CASE,Reject - Fraud Confirmed,0.91,No,0.91,0.7775,01/01/2015,02/01/2015,01/01/2015,3,1
REVIEW-469966,CASE-469966,REVIEWS_CASE,Approve - Pay Claim,0.76,No,0.76,0.7025,05/01/2015,05/01/2015,05/01/2015,3,2
REVIEW-952300,CASE-952300,REVIEWS_CASE,Approve - Pay Claim,0.89,No,0.89,0.7879,05/01/2015,04/01/2015,05/01/2015,2,1
REVIEW-322609,CASE-322609,REVIEWS_CASE,Approve - Pay Claim,0.66,No,0.66,0.561,04/01/2015,08/01/2015,04/01/2015,1,1
REVIEW-890280,CASE-890280,REVIEWS_CASE,Escalate to Legal,0.94,No,0.94,0.8484,04/01/2015,04/01/2015,04/01/2015,1,2
REVIEW-824728,CASE-824728,REVIEWS_CASE,Approve - Pay Claim,0.87,No,0.87,0.7119,01/01/2015,06/01/2015,01/01/2015,1,1
REVIEW-606037,CASE-606037,REVIEWS_CASE,Approve - Pay Claim,0.75,Yes,0.75,0.6855,06/01/2015,03/01/2015,06/01/2015,2,1
REVIEW-636843,CASE-636843,REVIEWS_CASE,Approve - Pay Claim,0.82,No,0.82,0.6624,01/01/2015,01/01/2015,01/01/2015,1,2
REVIEW-111874,CASE-111874,REVIEWS_CASE,Approve - Pay Claim,0.95,No,0.95,0.9379,09/01/2015,09/01/2015,09/01/2015,2,1
REVIEW-439844,CASE-439844,REVIEWS_CASE,Approve - Pay Claim,0.69,Yes,0.69,0.6265,01/01/2015,04/01/2015,01/01/2015,3,2
REVIEW-463513,CASE-463513,REVIEWS_CASE,Approve - Pay Claim,0.69,No,0.69,0.656,04/01/2015,02/01/2015,04/01/2015,2,1
REVIEW-682754,CASE-682754,REVIEWS_CASE,Approve - Pay Claim,0.87,Yes,0.87,0.7564,05/01/2015,02/01/2015,05/01/2015,2,1
REVIEW-307469,CASE-307469,REVIEWS_CASE,Approve - Pay Claim,0.99,No,0.99,0.9517,01/01/2015,07/01/2015,01/01/2015,1,1
REVIEW-526296,CASE-526296,REVIEWS_CASE,Approve - Pay Claim,0.79,No,0.79,0.724,07/01/2015,09/01/2015,07/01/2015,3,1
REVIEW-658816,CASE-658816,REVIEWS_CASE,Approve - Pay Claim,0.88,Yes,0.88,0.7417,01/01/2015,07/01/2015,01/01/2015,2,1
REVIEW-488464,CASE-488464,REVIEWS_CASE,Approve - Pay Claim,0.75,No,0.75,0.6378,01/01/2015,08/01/2015,01/01/2015,2,1
REVIEW-480094,CASE-480094,REVIEWS_CASE,Approve - Pay Claim,0.82,Yes,0.82,0.8095,09/01/2015,05/01/2015,09/01/2015,2,2
REVIEW-263108,CASE-263108,REVIEWS_CASE,Approve - Pay Claim,0.63,No,0.63,0.5165,08/01/2015,05/01/2015,08/01/2015,3,2
REVIEW-261905,CASE-261905,REVIEWS_CASE,Reject - Fraud Confirmed,0.66,No,0.66,0.6383,07/01/2015,08/01/2015,07/01/2015,3,2
REVIEW-223404,CASE-223404,REVIEWS_CASE,Approve - Pay Claim,0.76,No,0.76,0.6633,09/01/2015,09/01/2015,09/01/2015,3,2
REVIEW-991480,CASE-991480,REVIEWS_CASE,Approve - Pay Claim,0.56,No,0.56,0.4676,05/01/2015,07/01/2015,05/01/2015,2,2
REVIEW-804219,CASE-804219,REVIEWS_CASE,Approve - Pay Claim,0.82,No,0.82,0.7303,09/01/2015,09/01/2015,09/01/2015,1,2
REVIEW-593466,CASE-593466,REVIEWS_CASE,Reject - Fraud Confirmed,0.79,No,0.79,0.7606,07/01/2015,08/01/2015,07/01/2015,3,2
REVIEW-437442,CASE-437442,REVIEWS_CASE,Reject - Fraud Confirmed,0.64,No,0.64,0.5899,06/01/2015,04/01/2015,06/01/2015,2,2
REVIEW-942106,CASE-942106,REVIEWS_CASE,Approve - Pay Claim,0.79,No,0.79,0.7069,06/01/2015,03/01/2015,06/01/2015,2,1
REVIEW-794951,CASE-794951,REVIEWS_CASE,Approve - Pay Claim,0.72,No,0.72,0.596,09/01/2015,01/01/2015,09/01/2015,3,2
REVIEW-182450,CASE-182450,REVIEWS_CASE,Approve - Pay Claim,0.6,No,0.6,0.5959,05/01/2015,08/01/2015,05/01/2015,3,2
REVIEW-730973,CASE-730973,REVIEWS_CASE,Approve - Pay Claim,0.71,Yes,0.71,0.6162,03/01/2015,02/01/2015,03/01/2015,2,2
REVIEW-687755,CASE-687755,REVIEWS_CASE,Approve - Pay Claim,0.6,No,0.6,0.5742,03/01/2015,09/01/2015,03/01/2015,3,1
REVIEW-757644,CASE-757644,REVIEWS_CASE,Approve - Pay Claim,0.85,No,0.85,0.7919,06/01/2015,02/01/2015,06/01/2015,1,2
REVIEW-998865,CASE-998865,REVIEWS_CASE,Approve - Pay Claim,0.65,Yes,0.65,0.5617,03/01/2015,02/01/2015,03/01/2015,3,1
REVIEW-205134,CASE-205134,REVIEWS_CASE,Approve - Pay Claim,0.58,Yes,0.58,0.4789,08/01/2015,07/01/2015,08/01/2015,2,1
REVIEW-749325,CASE-749325,REVIEWS_CASE,Approve - Pay Claim,0.65,No,0.65,0.5427,08/01/2015,05/01/2015,08/01/2015,1,2
REVIEW-774303,CASE-774303,REVIEWS_CASE,Approve - Pay Claim,0.95,No,0.95,0.8772,07/01/2015,05/01/2015,07/01/2015,3,1
REVIEW-698470,CASE-698470,REVIEWS_CASE,Approve - Pay Claim,0.58,No,0.58,0.5678,09/01/2015,02/01/2015,09/01/2015,1,1
REVIEW-431478,CASE-431478,REVIEWS_CASE,Approve - Pay Claim,0.6,No,0.6,0.5774,06/01/2015,09/01/2015,06/01/2015,2,2
REVIEW-797634,CASE-797634,REVIEWS_CASE,Approve - Pay Claim,0.64,No,0.64,0.5967,08/01/2015,03/01/2015,08/01/2015,1,1
REVIEW-885789,CASE-885789,REVIEWS_CASE,Approve - Pay Claim,0.64,No,0.64,0.6254,06/01/2015,07/01/2015,06/01/2015,3,1
REVIEW-287436,CASE-287436,REVIEWS_CASE,Approve - Pay Claim,0.95,No,0.95,0.7951,06/01/2015,08/01/2015,06/01/2015,2,2
REVIEW-469426,CASE-469426,REVIEWS_CASE,Approve - Pay Claim,0.61,No,0.61,0.5459,07/01/2015,02/01/2015,07/01/2015,2,2
REVIEW-943425,CASE-943425,REVIEWS_CASE,Approve - Pay Claim,0.58,No,0.58,0.5072,05/01/2015,09/01/2015,05/01/2015,3,1
REVIEW-536052,CASE-536052,REVIEWS_CASE,Escalate to Legal,0.76,No,0.76,0.7418,05/01/2015,08/01/2015,05/01/2015,3,1
REVIEW-873384,CASE-873384,REVIEWS_CASE,Reject - Fraud Confirmed,0.68,Yes,0.68,0.6361,03/01/2015,01/01/2015,03/01/2015,3,1
REVIEW-790225,CASE-790225,REVIEWS_CASE,Escalate to Legal,0.75,No,0.75,0.6855,03/01/2015,02/01/2015,03/01/2015,1,2
REVIEW-587498,CASE-587498,REVIEWS_CASE,Approve - Pay Claim,0.63,No,0.63,0.5501,08/01/2015,06/01/2015,08/01/2015,1,2
REVIEW-639027,CASE-639027,REVIEWS_CASE,Approve - Pay Claim,0.69,No,0.69,0.5954,08/01/2015,04/01/2015,08/01/2015,1,2
REVIEW-217899,CASE-217899,REVIEWS_CASE,Approve - Pay Claim,0.87,No,0.87,0.6981,06/01/2015,09/01/2015,06/01/2015,3,2
REVIEW-589094,CASE-589094,REVIEWS_CASE,Escalate to Legal,0.61,No,0.61,0.5711,01/01/2015,08/01/2015,01/01/2015,2,1
REVIEW-458829,CASE-458829,REVIEWS_CASE,Approve - Pay Claim,0.9,No,0.9,0.8015,02/01/2015,05/01/2015,02/01/2015,1,2
REVIEW-669800,CASE-669800,REVIEWS_CASE,Approve - Pay Claim,0.81,No,0.81,0.6994,04/01/2015,01/01/2015,04/01/2015,1,1
REVIEW-520179,CASE-520179,REVIEWS_CASE,Approve - Pay Claim,0.55,No,0.55,0.4546,03/01/2015,06/01/2015,03/01/2015,3,2
REVIEW-607974,CASE-607974,REVIEWS_CASE,Approve - Pay Claim,0.71,No,0.71,0.6037,06/01/2015,05/01/2015,06/01/2015,1,2
REVIEW-465065,CASE-465065,REVIEWS_CASE,Approve - Pay Claim,0.89,Yes,0.89,0.7882,03/01/2015,02/01/2015,03/01/2015,3,1
REVIEW-369941,CASE-369941,REVIEWS_CASE,Approve - Pay Claim,0.67,No,0.67,0.6655,07/01/2015,02/01/2015,07/01/2015,3,1
REVIEW-831668,CASE-831668,REVIEWS_CASE,Approve - Pay Claim,0.88,No,0.88,0.7301,08/01/2015,05/01/2015,08/01/2015,1,2
REVIEW-640474,CASE-640474,REVIEWS_CASE,Approve - Pay Claim,0.8,No,0.8,0.739,05/01/2015,09/01/2015,05/01/2015,2,2
REVIEW-221283,CASE-221283,REVIEWS_CASE,Approve - Pay Claim,0.96,Yes,0.96,0.8528,05/01/2015,06/01/2015,05/01/2015,3,1
REVIEW-961496,CASE-961496,REVIEWS_CASE,Approve - Pay Claim,0.91,No,0.91,0.8163,03/01/2015,02/01/2015,03/01/2015,3,2
REVIEW-804751,CASE-804751,REVIEWS_CASE,Approve - Pay Claim,0.69,No,0.69,0.5784,03/01/2015,02/01/2015,03/01/2015,1,1
REVIEW-691115,CASE-691115,REVIEWS_CASE,Reject - Fraud Confirmed,0.94,No,0.94,0.7541,03/01/2015,08/01/2015,03/01/2015,1,2
REVIEW-713172,CASE-713172,REVIEWS_CASE,Approve - Pay Claim,0.67,No,0.67,0.5955,02/01/2015,05/01/2015,02/01/2015,1,2
REVIEW-621756,CASE-621756,REVIEWS_CASE,Approve - Pay Claim,0.68,No,0.68,0.6656,07/01/2015,03/01/2015,07/01/2015,2,1
REVIEW-615116,CASE-615116,REVIEWS_CASE,Approve - Pay Claim,0.74,No,0.74,0.6523,07/01/2015,07/01/2015,07/01/2015,2,1
REVIEW-947598,CASE-947598,REVIEWS_CASE,Approve - Pay Claim,0.71,No,0.71,0.6452,01/01/2015,02/01/2015,01/01/2015,1,2
REVIEW-658002,CASE-658002,REVIEWS_CASE,Approve - Pay Claim,0.86,No,0.86,0.7569,06/01/2015,05/01/2015,06/01/2015,1,2
REVIEW-374545,CASE-374545,REVIEWS_CASE,Approve - Pay Claim,0.93,No,0.93,0.7777,03/01/2015,03/01/2015,03/01/2015,2,1
REVIEW-805806,CASE-805806,REVIEWS_CASE,Approve - Pay Claim,0.57,No,0.57,0.542,04/01/2015,03/01/2015,04/01/2015,2,1
REVIEW-235097,CASE-235097,REVIEWS_CASE,Approve - Pay Claim,0.7,Yes,0.7,0.647,09/01/2015,08/01/2015,09/01/2015,3,1
REVIEW-290971,CASE-290971,REVIEWS_CASE,Approve - Pay Claim,0.66,No,0.66,0.5675,02/01/2015,05/01/2015,02/01/2015,1,2
REVIEW-180286,CASE-180286,REVIEWS_CASE,Approve - Pay Claim,0.86,No,0.86,0.7927,05/01/2015,01/01/2015,05/01/2015,2,1
REVIEW-662088,CASE-662088,REVIEWS_CASE,Approve - Pay Claim,0.56,No,0.56,0.5128,09/01/2015,05/01/2015,09/01/2015,1,1
REVIEW-178081,CASE-178081,REVIEWS_CASE,Approve - Pay Claim,0.72,No,0.72,0.6994,08/01/2015,06/01/2015,08/01/2015,2,2
REVIEW-507452,CASE-507452,REVIEWS_CASE,Approve - Pay Claim,0.91,Yes,0.91,0.735,02/01/2015,02/01/2015,02/01/2015,1,2
REVIEW-892148,CASE-892148,REVIEWS_CASE,Reject - Fraud Confirmed,0.79,No,0.79,0.665,05/01/2015,03/01/2015,05/01/2015,3,2
REVIEW-230223,CASE-230223,REVIEWS_CASE,Approve - Pay Claim,0.76,No,0.76,0.7175,03/01/2015,03/01/2015,03/01/2015,3,1
REVIEW-420815,CASE-420815,REVIEWS_CASE,Approve - Pay Claim,0.6,No,0.6,0.5004,01/01/2015,09/01/2015,01/01/2015,1,1
REVIEW-608039,CASE-608039,REVIEWS_CASE,Approve - Pay Claim,0.83,No,0.83,0.8238,04/01/2015,06/01/2015,04/01/2015,1,1
REVIEW-250162,CASE-250162,REVIEWS_CASE,Approve - Pay Claim,0.86,Yes,0.86,0.7072,06/01/2015,09/01/2015,06/01/2015,2,1
REVIEW-786432,CASE-786432,REVIEWS_CASE,Approve - Pay Claim,0.76,Yes,0.76,0.6673,08/01/2015,04/01/2015,08/01/2015,3,2
REVIEW-482495,CASE-482495,REVIEWS_CASE,Approve - Pay Claim,0.65,No,0.65,0.5893,08/01/2015,08/01/2015,08/01/2015,2,2
REVIEW-796005,CASE-796005,REVIEWS_CASE,Approve - Pay Claim,0.59,No,0.59,0.4977,08/01/2015,01/01/2015,08/01/2015,1,2
REVIEW-910604,CASE-910604,REVIEWS_CASE,Approve - Pay Claim,0.8,No,0.8,0.651,04/01/2015,09/01/2015,04/01/2015,2,2
REVIEW-327488,CASE-327488,REVIEWS_CASE,Approve - Pay Claim,0.99,Yes,0.99,0.9176,02/01/2015,02/01/2015,02/01/2015,2,1
REVIEW-715202,CASE-715202,REVIEWS_CASE,Approve - Pay Claim,0.85,No,0.85,0.8108,03/01/2015,01/01/2015,03/01/2015,2,2
REVIEW-648852,CASE-648852,REVIEWS_CASE,Approve - Pay Claim,0.62,No,0.62,0.5337,05/01/2015,04/01/2015,05/01/2015,3,2
REVIEW-516959,CASE-516959,REVIEWS_CASE,Escalate to Legal,0.74,No,0.74,0.5958,01/01/2015,06/01/2015,01/01/2015,1,2
REVIEW-984456,CASE-984456,REVIEWS_CASE,Approve - Pay Claim,0.71,No,0.71,0.6699,05/01/2015,08/01/2015,05/01/2015,2,2
REVIEW-786103,CASE-786103,REVIEWS_CASE,Approve - Pay Claim,0.98,No,0.98,0.9006,04/01/2015,05/01/2015,04/01/2015,1,1
REVIEW-247505,CASE-247505,REVIEWS_CASE,Approve - Pay Claim,0.64,No,0.64,0.6288,09/01/2015,04/01/2015,09/01/2015,3,1
REVIEW-259792,CASE-259792,REVIEWS_CASE,Approve - Pay Claim,0.55,No,0.55,0.5073,07/01/2015,02/01/2015,07/01/2015,2,2
REVIEW-185124,CASE-185124,REVIEWS_CASE,Approve - Pay Claim,0.91,No,0.91,0.7976,04/01/2015,09/01/2015,04/01/2015,3,2
REVIEW-389525,CASE-389525,REVIEWS_CASE,Approve - Pay Claim,0.85,No,0.85,0.6833,07/01/2015,02/01/2015,07/01/2015,3,1
REVIEW-265437,CASE-265437,REVIEWS_CASE,Approve - Pay Claim,0.84,No,0.84,0.8112,03/01/2015,01/01/2015,03/01/2015,3,1
REVIEW-921851,CASE-921851,REVIEWS_CASE,Approve - Pay Claim,0.55,No,0.55,0.5222,04/01/2015,01/01/2015,04/01/2015,3,2
REVIEW-488724,CASE-488724,REVIEWS_CASE,Approve - Pay Claim,0.73,No,0.73,0.625,02/01/2015,05/01/2015,02/01/2015,2,2
REVIEW-338070,CASE-338070,REVIEWS_CASE,Approve - Pay Claim,0.93,Yes,0.93,0.7999,08/01/2015,03/01/2015,08/01/2015,3,2
REVIEW-440616,CASE-440616,REVIEWS_CASE,Escalate to Legal,0.64,No,0.64,0.6376,06/01/2015,05/01/2015,06/01/2015,1,1
REVIEW-463237,CASE-463237,REVIEWS_CASE,Escalate to Legal,0.93,No,0.93,0.7945,06/01/2015,07/01/2015,06/01/2015,2,2
REVIEW-594783,CASE-594783,REVIEWS_CASE,Reject - Fraud Confirmed,0.61,No,0.61,0.5099,04/01/2015,01/01/2015,04/01/2015,3,1
REVIEW-979336,CASE-979336,REVIEWS_CASE,Reject - Fraud Confirmed,0.67,No,0.67,0.553,04/01/2015,02/01/2015,04/01/2015,1,2
REVIEW-865201,CASE-865201,REVIEWS_CASE,Approve - Pay Claim,0.73,Yes,0.73,0.6167,08/01/2015,03/01/2015,08/01/2015,2,2
REVIEW-728025,CASE-728025,REVIEWS_CASE,Reject - Fraud Confirmed,0.77,No,0.77,0.6665,04/01/2015,09/01/2015,04/01/2015,1,1
REVIEW-804608,CASE-804608,REVIEWS_CASE,Approve - Pay Claim,0.94,No,0.94,0.8275,05/01/2015,06/01/2015,05/01/2015,1,2
REVIEW-331170,CASE-331170,REVIEWS_CASE,Approve - Pay Claim,0.89,No,0.89,0.8382,08/01/2015,05/01/2015,08/01/2015,2,1
REVIEW-910365,CASE-910365,REVIEWS_CASE,Approve - Pay Claim,0.65,No,0.65,0.5375,08/01/2015,08/01/2015,08/01/2015,2,2
REVIEW-379268,CASE-379268,REVIEWS_CASE,Reject - Fraud Confirmed,0.89,No,0.89,0.8176,07/01/2015,03/01/2015,07/01/2015,1,1
REVIEW-135400,CASE-135400,REVIEWS_CASE,Approve - Pay Claim,0.61,No,0.61,0.607,04/01/2015,07/01/2015,04/01/2015,1,2
REVIEW-798579,CASE-798579,REVIEWS_CASE,Approve - Pay Claim,0.59,No,0.59,0.5785,01/01/2015,04/01/2015,01/01/2015,3,1
REVIEW-250833,CASE-250833,REVIEWS_CASE,Approve - Pay Claim,0.6,No,0.6,0.4898,07/01/2015,02/01/2015,07/01/2015,2,1
REVIEW-824116,CASE-824116,REVIEWS_CASE,Approve - Pay Claim,0.96,No,0.96,0.8616,06/01/2015,06/01/2015,06/01/2015,3,1
REVIEW-871305,CASE-871305,REVIEWS_CASE,Approve - Pay Claim,0.94,Yes,0.94,0.8084,09/01/2015,01/01/2015,09/01/2015,3,2
REVIEW-907113,CASE-907113,REVIEWS_CASE,Approve - Pay Claim,0.84,Yes,0.84,0.8297,06/01/2015,09/01/2015,06/01/2015,2,1
REVIEW-833321,CASE-833321,REVIEWS_CASE,Approve - Pay Claim,0.95,No,0.95,0.8571,09/01/2015,02/01/2015,09/01/2015,2,1
REVIEW-521592,CASE-521592,REVIEWS_CASE,Approve - Pay Claim,0.57,No,0.57,0.5023,03/01/2015,01/01/2015,03/01/2015,1,1
REVIEW-254837,CASE-254837,REVIEWS_CASE,Reject - Fraud Confirmed,0.7,No,0.7,0.6182,08/01/2015,09/01/2015,08/01/2015,2,1
REVIEW-574707,CASE-574707,REVIEWS_CASE,Approve - Pay Claim,0.84,No,0.84,0.7128,07/01/2015,07/01/2015,07/01/2015,1,2
REVIEW-149601,CASE-149601,REVIEWS_CASE,Approve - Pay Claim,0.91,Yes,0.91,0.8263,06/01/2015,07/01/2015,06/01/2015,1,2
REVIEW-630683,CASE-630683,REVIEWS_CASE,Approve - Pay Claim,0.82,No,0.82,0.6636,05/01/2015,08/01/2015,05/01/2015,1,1
REVIEW-500639,CASE-500639,REVIEWS_CASE,Escalate to Legal,0.71,Yes,0.71,0.6445,07/01/2015,01/01/2015,07/01/2015,3,2
REVIEW-352120,CASE-352120,REVIEWS_CASE,Approve - Pay Claim,0.56,No,0.56,0.4919,02/01/2015,05/01/2015,02/01/2015,3,2
REVIEW-569245,CASE-569245,REVIEWS_CASE,Approve - Pay Claim,0.81,No,0.81,0.6534,06/01/2015,03/01/2015,06/01/2015,2,1
REVIEW-700074,CASE-700074,REVIEWS_CASE,Approve - Pay Claim,0.75,No,0.75,0.6009,09/01/2015,06/01/2015,09/01/2015,2,1
REVIEW-866805,CASE-866805,REVIEWS_CASE,Approve - Pay Claim,0.57,No,0.57,0.5638,08/01/2015,08/01/2015,08/01/2015,1,1
REVIEW-951863,CASE-951863,REVIEWS_CASE,Reject - Fraud Confirmed,0.65,Yes,0.65,0.6301,04/01/2015,01/01/2015,04/01/2015,1,1
REVIEW-211578,CASE-211578,REVIEWS_CASE,Approve - Pay Claim,0.93,No,0.93,0.7866,01/01/2015,04/01/2015,01/01/2015,1,2
REVIEW-357394,CASE-357394,REVIEWS_CASE,Reject - Fraud Confirmed,0.57,Yes,0.57,0.5324,04/01/2015,06/01/2015,04/01/2015,3,1
REVIEW-797636,CASE-797636,REVIEWS_CASE,Approve - Pay Claim,0.9,Yes,0.9,0.7389,08/01/2015,05/01/2015,08/01/2015,1,2
REVIEW-620075,CASE-620075,REVIEWS_CASE,Reject - Fraud Confirmed,0.7,No,0.7,0.6124,09/01/2015,01/01/2015,09/01/2015,2,1
REVIEW-965187,CASE-965187,REVIEWS_CASE,Approve - Pay Claim,0.93,Yes,0.93,0.7796,06/01/2015,07/01/2015,06/01/2015,3,2
REVIEW-771509,CASE-771509,REVIEWS_CASE,Approve - Pay Claim,0.87,No,0.87,0.7721,09/01/2015,05/01/2015,09/01/2015,3,2
REVIEW-602704,CASE-602704,REVIEWS_CASE,Approve - Pay Claim,0.79,Yes,0.79,0.6987,02/01/2015,03/01/2015,02/01/2015,1,2
REVIEW-545506,CASE-545506,REVIEWS_CASE,Approve - Pay Claim,0.69,No,0.69,0.672,05/01/2015,09/01/2015,05/01/2015,1,1
REVIEW-777533,CASE-777533,REVIEWS_CASE,Approve - Pay Claim,0.97,No,0.97,0.9467,05/01/2015,03/01/2015,05/01/2015,3,2
REVIEW-953334,CASE-953334,REVIEWS_CASE,Reject - Fraud Confirmed,0.7,Yes,0.7,0.5647,03/01/2015,04/01/2015,03/01/2015,1,1
REVIEW-990998,CASE-990998,REVIEWS_CASE,Approve - Pay Claim,0.9,No,0.9,0.8412,09/01/2015,06/01/2015,09/01/2015,1,1
REVIEW-331683,CASE-331683,REVIEWS_CASE,Approve - Pay Claim,0.81,No,0.81,0.6906,04/01/2015,09/01/2015,04/01/2015,1,2
REVIEW-364055,CASE-364055,REVIEWS_CASE,Approve - Pay Claim,0.81,Yes,0.81,0.7123,07/01/2015,05/01/2015,07/01/2015,2,2
REVIEW-521854,CASE-521854,REVIEWS_CASE,Approve - Pay Claim,0.96,Yes,0.96,0.9455,09/01/2015,09/01/2015,09/01/2015,3,1
REVIEW-737252,CASE-737252,REVIEWS_CASE,Approve - Pay Claim,0.64,No,0.64,0.5218,08/01/2015,09/01/2015,08/01/2015,2,2
REVIEW-344480,CASE-344480,REVIEWS_CASE,Approve - Pay Claim,0.59,Yes,0.59,0.5764,07/01/2015,08/01/2015,07/01/2015,1,2
REVIEW-898519,CASE-898519,REVIEWS_CASE,Approve - Pay Claim,0.96,No,0.96,0.8538,02/01/2015,07/01/2015,02/01/2015,1,2
REVIEW-957816,CASE-957816,REVIEWS_CASE,Approve - Pay Claim,0.72,No,0.72,0.6612,01/01/2015,02/01/2015,01/01/2015,1,2
REVIEW-101421,CASE-101421,REVIEWS_CASE,Approve - Pay Claim,0.87,No,0.87,0.7651,08/01/2015,09/01/2015,08/01/2015,1,1
REVIEW-793948,CASE-793948,REVIEWS_CASE,Approve - Pay Claim,0.6,No,0.6,0.572,06/01/2015,07/01/2015,06/01/2015,1,1
REVIEW-167466,CASE-167466,REVIEWS_CASE,Approve - Pay Claim,0.95,No,0.95,0.8401,01/01/2015,05/01/2015,01/01/2015,2,2
REVIEW-219028,CASE-219028,REVIEWS_CASE,Reject - Fraud Confirmed,0.6,Yes,0.6,0.486,06/01/2015,09/01/2015,06/01/2015,3,2
REVIEW-130156,CASE-130156,REVIEWS_CASE,Approve - Pay Claim,0.68,No,0.68,0.6168,07/01/2015,05/01/2015,07/01/2015,1,2
REVIEW-762951,CASE-762951,REVIEWS_CASE,Approve - Pay Claim,0.98,No,0.98,0.9033,02/01/2015,02/01/2015,02/01/2015,1,2
REVIEW-376879,CASE-376879,REVIEWS_CASE,Approve - Pay Claim,0.64,No,0.64,0.5743,02/01/2015,03/01/2015,02/01/2015,2,1
REVIEW-599031,CASE-599031,REVIEWS_CASE,Approve - Pay Claim,0.9,No,0.9,0.8995,06/01/2015,02/01/2015,06/01/2015,1,1
REVIEW-676255,CASE-676255,REVIEWS_CASE,Approve - Pay Claim,0.69,No,0.69,0.6218,06/01/2015,03/01/2015,06/01/2015,2,2
REVIEW-884180,CASE-884180,REVIEWS_CASE,Approve - Pay Claim,0.95,No,0.95,0.8208,06/01/2015,04/01/2015,06/01/2015,1,1
REVIEW-258265,CASE-258265,REVIEWS_CASE,Approve - Pay Claim,0.68,No,0.68,0.6647,02/01/2015,05/01/2015,02/01/2015,2,2
REVIEW-180008,CASE-180008,REVIEWS_CASE,Approve - Pay Claim,0.84,No,0.84,0.7712,01/01/2015,07/01/2015,01/01/2015,2,2
REVIEW-963761,CASE-963761,REVIEWS_CASE,Approve - Pay Claim,0.77,No,0.77,0.7187,08/01/2015,01/01/2015,08/01/2015,3,1
REVIEW-454758,CASE-454758,REVIEWS_CASE,Approve - Pay Claim,0.78,No,0.78,0.7791,05/01/2015,06/01/2015,05/01/2015,1,1
REVIEW-330119,CASE-330119,REVIEWS_CASE,Approve - Pay Claim,0.79,No,0.79,0.7794,09/01/2015,04/01/2015,09/01/2015,3,2
REVIEW-388616,CASE-388616,REVIEWS_CASE,Approve - Pay Claim,0.56,No,0.56,0.542,02/01/2015,08/01/2015,02/01/2015,2,1
REVIEW-342830,CASE-342830,REVIEWS_CASE,Approve - Pay Claim,0.92,No,0.92,0.8144,09/01/2015,01/01/2015,09/01/2015,2,2
REVIEW-491170,CASE-491170,REVIEWS_CASE,Approve - Pay Claim,0.83,No,0.83,0.7336,09/01/2015,07/01/2015,09/01/2015,1,2
REVIEW-439341,CASE-439341,REVIEWS_CASE,Reject - Fraud Confirmed,0.75,Yes,0.75,0.6952,07/01/2015,03/01/2015,07/01/2015,3,1
REVIEW-221186,CASE-221186,REVIEWS_CASE,Approve - Pay Claim,0.95,No,0.95,0.8785,07/01/2015,08/01/2015,07/01/2015,3,2
REVIEW-727109,CASE-727109,REVIEWS_CASE,Approve - Pay Claim,0.76,No,0.76,0.6582,02/01/2015,03/01/2015,02/01/2015,1,2
REVIEW-608443,CASE-608443,REVIEWS_CASE,Approve - Pay Claim,0.69,No,0.69,0.5665,02/01/2015,04/01/2015,02/01/2015,1,2
REVIEW-117862,CASE-117862,REVIEWS_CASE,Approve - Pay Claim,0.7,No,0.7,0.6369,06/01/2015,06/01/2015,06/01/2015,3,2
REVIEW-991553,CASE-991553,REVIEWS_CASE,Approve - Pay Claim,0.81,No,0.81,0.7696,09/01/2015,03/01/2015,09/01/2015,2,1
REVIEW-378587,CASE-378587,REVIEWS_CASE,Approve - Pay Claim,0.71,No,0.71,0.64,09/01/2015,07/01/2015,09/01/2015,1,2
REVIEW-420948,CASE-420948,REVIEWS_CASE,Approve - Pay Claim,0.65,No,0.65,0.5779,01/01/2015,05/01/2015,01/01/2015,2,2
REVIEW-457188,CASE-457188,REVIEWS_CASE,Escalate to Legal,0.84,No,0.84,0.7802,02/01/2015,04/01/2015,02/01/2015,1,1
REVIEW-987524,CASE-987524,REVIEWS_CASE,Approve - Pay Claim,0.61,No,0.61,0.574,08/01/2015,07/01/2015,08/01/2015,2,2
REVIEW-524215,CASE-524215,REVIEWS_CASE,Approve - Pay Claim,0.72,No,0.72,0.604,02/01/2015,02/01/2015,02/01/2015,1,1
REVIEW-449263,CASE-449263,REVIEWS_CASE,Approve - Pay Claim,0.65,Yes,0.65,0.5435,09/01/2015,02/01/2015,09/01/2015,2,2
REVIEW-607687,CASE-607687,REVIEWS_CASE,Approve - Pay Claim,0.93,No,0.93,0.8323,08/01/2015,04/01/2015,08/01/2015,1,1
REVIEW-967713,CASE-967713,REVIEWS_CASE,Approve - Pay Claim,0.78,No,0.78,0.6946,03/01/2015,09/01/2015,03/01/2015,2,2
REVIEW-840225,CASE-840225,REVIEWS_CASE,Reject - Fraud Confirmed,0.98,Yes,0.98,0.8837,08/01/2015,09/01/2015,08/01/2015,2,1
REVIEW-746630,CASE-746630,REVIEWS_CASE,Approve - Pay Claim,0.8,No,0.8,0.6917,01/01/2015,08/01/2015,01/01/2015,1,1
REVIEW-110122,CASE-110122,REVIEWS_CASE,Approve - Pay Claim,0.7,No,0.7,0.6045,02/01/2015,01/01/2015,02/01/2015,3,2
REVIEW-281388,CASE-281388,REVIEWS_CASE,Approve - Pay Claim,0.59,No,0.59,0.5057,03/01/2015,06/01/2015,03/01/2015,2,2
REVIEW-231548,CASE-231548,REVIEWS_CASE,Escalate to Legal,0.85,No,0.85,0.7611,07/01/2015,08/01/2015,07/01/2015,3,2
REVIEW-889003,CASE-889003,REVIEWS_CASE,Approve - Pay Claim,0.82,No,0.82,0.7678,09/01/2015,02/01/2015,09/01/2015,1,1
REVIEW-354455,CASE-354455,REVIEWS_CASE,Approve - Pay Claim,0.74,No,0.74,0.5955,04/01/2015,07/01/2015,04/01/2015,3,2
REVIEW-601042,CASE-601042,REVIEWS_CASE,Approve - Pay Claim,0.65,No,0.65,0.5252,02/01/2015,03/01/2015,02/01/2015,3,1
REVIEW-471938,CASE-471938,REVIEWS_CASE,Approve - Pay Claim,0.65,No,0.65,0.6201,06/01/2015,09/01/2015,06/01/2015,3,2
REVIEW-564654,CASE-564654,REVIEWS_CASE,Approve - Pay Claim,0.66,No,0.66,0.6329,07/01/2015,05/01/2015,07/01/2015,3,1
REVIEW-649800,CASE-649800,REVIEWS_CASE,Approve - Pay Claim,0.86,No,0.86,0.8149,03/01/2015,08/01/2015,03/01/2015,3,1
REVIEW-133889,CASE-133889,REVIEWS_CASE,Approve - Pay Claim,0.73,No,0.73,0.6646,05/01/2015,06/01/2015,05/01/2015,1,1
REVIEW-931901,CASE-931901,REVIEWS_CASE,Escalate to Legal,0.62,No,0.62,0.5589,03/01/2015,05/01/2015,03/01/2015,2,1
REVIEW-769475,CASE-769475,REVIEWS_CASE,Approve - Pay Claim,0.94,No,0.94,0.7879,01/01/2015,09/01/2015,01/01/2015,2,1
REVIEW-844062,CASE-844062,REVIEWS_CASE,Approve - Pay Claim,0.87,No,0.87,0.79,07/01/2015,08/01/2015,07/01/2015,3,1
REVIEW-844129,CASE-844129,REVIEWS_CASE,Approve - Pay Claim,0.73,No,0.73,0.6385,01/01/2015,01/01/2015,01/01/2015,2,2
REVIEW-732169,CASE-732169,REVIEWS_CASE,Approve - Pay Claim,0.73,Yes,0.73,0.6445,06/01/2015,01/01/2015,06/01/2015,2,2
REVIEW-221854,CASE-221854,REVIEWS_CASE,Reject - Fraud Confirmed,0.99,No,0.99,0.9411,02/01/2015,07/01/2015,02/01/2015,3,1
REVIEW-776950,CASE-776950,REVIEWS_CASE,Reject - Fraud Confirmed,0.58,No,0.58,0.5474,02/01/2015,05/01/2015,02/01/2015,2,1
REVIEW-515457,CASE-515457,REVIEWS_CASE,Approve - Pay Claim,0.95,Yes,0.95,0.9365,07/01/2015,07/01/2015,07/01/2015,3,1
REVIEW-556270,CASE-556270,REVIEWS_CASE,Approve - Pay Claim,0.89,No,0.89,0.8639,08/01/2015,02/01/2015,08/01/2015,2,2
REVIEW-908935,CASE-908935,REVIEWS_CASE,Approve - Pay Claim,0.63,No,0.63,0.593,07/01/2015,05/01/2015,07/01/2015,3,1
REVIEW-490514,CASE-490514,REVIEWS_CASE,Escalate to Legal,0.62,No,0.62,0.5342,01/01/2015,07/01/2015,01/01/2015,2,2
REVIEW-774895,CASE-774895,REVIEWS_CASE,Approve - Pay Claim,0.79,No,0.79,0.7859,06/01/2015,05/01/2015,06/01/2015,3,2
REVIEW-974522,CASE-974522,REVIEWS_CASE,Approve - Pay Claim,0.93,No,0.93,0.7572,05/01/2015,09/01/2015,05/01/2015,1,2
REVIEW-836349,CASE-836349,REVIEWS_CASE,Escalate to Legal,0.65,No,0.65,0.6272,04/01/2015,04/01/2015,04/01/2015,1,1
REVIEW-591269,CASE-591269,REVIEWS_CASE,Approve - Pay Claim,0.84,No,0.84,0.7435,06/01/2015,09/01/2015,06/01/2015,1,1
REVIEW-550127,CASE-550127,REVIEWS_CASE,Approve - Pay Claim,0.65,No,0.65,0.5395,03/01/2015,06/01/2015,03/01/2015,1,2
REVIEW-215278,CASE-215278,REVIEWS_CASE,Approve - Pay Claim,0.92,Yes,0.92,0.8195,07/01/2015,07/01/2015,07/01/2015,2,2
REVIEW-674570,CASE-674570,REVIEWS_CASE,Approve - Pay Claim,0.97,No,0.97,0.9532,09/01/2015,01/01/2015,09/01/2015,1,1
REVIEW-918516,CASE-918516,REVIEWS_CASE,Approve - Pay Claim,0.82,No,0.82,0.8086,03/01/2015,02/01/2015,03/01/2015,1,2
