:START_ID,:END_ID,:TYPE,shared_attribute,shared_value_hash,confidence_score,fraud_signal,weight,connection_strength,first_seen_date,last_seen_date,event_time,interaction_count,shared_count
CUST-OH-5436-2258,CUST-IL-6330-8823,SHARED_BANK_ACCOUNT,bank_account,130a3d72f4494a72,0.99,CRITICAL,0.99,0.8677,08/01/2015,08/01/2015,08/01/2015,10,3
CUST-IL-6946-4532,CUST-OH-1918-3058,SHARED_BANK_ACCOUNT,bank_account,176a4f53e05dc489,0.99,CRITICAL,0.99,0.8775,07/01/2015,03/01/2015,07/01/2015,10,2
CUST-IL-9425-7922,CUST-OH-1674-6021,SHARED_BANK_ACCOUNT,bank_account,2bce71a6d1ad4d76,0.99,CRITICAL,0.99,0.9281,09/01/2015,09/01/2015,09/01/2015,5,5
CUST-IL-2750-9374,CUST-IN-4219-4495,SHARED_BANK_ACCOUNT,bank_account,390b818600a357cf,0.99,CRITICAL,0.99,0.8346,08/01/2015,09/01/2015,08/01/2015,13,3
CUST-IL-9352-9121,CUST-IN-7445-3522,SHARED_BANK_ACCOUNT,bank_account,4862b119de822a2b,0.99,CRITICAL,0.99,0.886,09/01/2015,05/01/2015,09/01/2015,15,3
CUST-OH-5193-9664,CUST-IL-4256-3109,SHARED_BANK_ACCOUNT,bank_account,5122ae040d7ad8b7,0.99,CRITICAL,0.99,0.8216,05/01/2015,01/01/2015,05/01/2015,6,4
CUST-OH-5193-9664,CUST-IN-8310-6925,SHARED_BANK_ACCOUNT,bank_account,5122ae040d7ad8b7,0.99,CRITICAL,0.99,0.8711,05/01/2015,08/01/2015,05/01/2015,12,3
CUST-IL-4256-3109,CUST-IN-8310-6925,SHARED_BANK_ACCOUNT,bank_account,5122ae040d7ad8b7,0.99,CRITICAL,0.99,0.9295,08/01/2015,07/01/2015,08/01/2015,14,2
CUST-OH-9032-1203,CUST-IL-4452-1959,SHARED_BANK_ACCOUNT,bank_account,53bb7589044b4ec3,0.99,CRITICAL,0.99,0.8256,08/01/2015,07/01/2015,08/01/2015,12,1
CUST-OH-5853-9416,CUST-OH-6262-7395,SHARED_BANK_ACCOUNT,bank_account,5ab320a4e533e494,0.99,CRITICAL,0.99,0.977,02/01/2015,05/01/2015,02/01/2015,7,4
CUST-OH-5853-9416,CUST-IN-8058-9199,SHARED_BANK_ACCOUNT,bank_account,5ab320a4e533e494,0.99,CRITICAL,0.99,0.822,03/01/2015,03/01/2015,03/01/2015,13,3
CUST-OH-5853-9416,CUST-OH-3886-2587,SHARED_BANK_ACCOUNT,bank_account,5ab320a4e533e494,0.99,CRITICAL,0.99,0.799,01/01/2015,01/01/2015,01/01/2015,10,2
CUST-OH-6262-7395,CUST-IN-8058-9199,SHARED_BANK_ACCOUNT,bank_account,5ab320a4e533e494,0.99,CRITICAL,0.99,0.9097,04/01/2015,08/01/2015,04/01/2015,14,3
CUST-OH-6262-7395,CUST-OH-3886-2587,SHARED_BANK_ACCOUNT,bank_account,5ab320a4e533e494,0.99,CRITICAL,0.99,0.9463,06/01/2015,07/01/2015,06/01/2015,3,5
CUST-IN-8058-9199,CUST-OH-3886-2587,SHARED_BANK_ACCOUNT,bank_account,5ab320a4e533e494,0.99,CRITICAL,0.99,0.8388,01/01/2015,04/01/2015,01/01/2015,11,5
CUST-OH-5323-3957,CUST-IL-7015-9314,SHARED_BANK_ACCOUNT,bank_account,5e17c3fbbe4e07a9,0.99,CRITICAL,0.99,0.9689,01/01/2015,03/01/2015,01/01/2015,4,1
CUST-OH-5323-3957,CUST-OH-4307-3612,SHARED_BANK_ACCOUNT,bank_account,5e17c3fbbe4e07a9,0.99,CRITICAL,0.99,0.874,07/01/2015,08/01/2015,07/01/2015,13,1
CUST-OH-5323-3957,CUST-IL-2464-2205,SHARED_BANK_ACCOUNT,bank_account,5e17c3fbbe4e07a9,0.99,CRITICAL,0.99,0.8188,02/01/2015,02/01/2015,02/01/2015,2,5
CUST-OH-5323-3957,CUST-OH-5778-1025,SHARED_BANK_ACCOUNT,bank_account,5e17c3fbbe4e07a9,0.99,CRITICAL,0.99,0.9051,09/01/2015,04/01/2015,09/01/2015,6,2
CUST-IL-7015-9314,CUST-OH-4307-3612,SHARED_BANK_ACCOUNT,bank_account,5e17c3fbbe4e07a9,0.99,CRITICAL,0.99,0.8309,05/01/2015,06/01/2015,05/01/2015,14,4
CUST-IL-7015-9314,CUST-IL-2464-2205,SHARED_BANK_ACCOUNT,bank_account,5e17c3fbbe4e07a9,0.99,CRITICAL,0.99,0.9818,09/01/2015,04/01/2015,09/01/2015,10,5
CUST-IL-7015-9314,CUST-OH-5778-1025,SHARED_BANK_ACCOUNT,bank_account,5e17c3fbbe4e07a9,0.99,CRITICAL,0.99,0.9075,08/01/2015,09/01/2015,08/01/2015,9,1
CUST-OH-4307-3612,CUST-IL-2464-2205,SHARED_BANK_ACCOUNT,bank_account,5e17c3fbbe4e07a9,0.99,CRITICAL,0.99,0.794,05/01/2015,07/01/2015,05/01/2015,9,3
CUST-OH-4307-3612,CUST-OH-5778-1025,SHARED_BANK_ACCOUNT,bank_account,5e17c3fbbe4e07a9,0.99,CRITICAL,0.99,0.884,03/01/2015,08/01/2015,03/01/2015,2,4
CUST-IL-2464-2205,CUST-OH-5778-1025,SHARED_BANK_ACCOUNT,bank_account,5e17c3fbbe4e07a9,0.99,CRITICAL,0.99,0.9118,03/01/2015,07/01/2015,03/01/2015,8,1
CUST-OH-9366-3576,CUST-OH-3434-4150,SHARED_BANK_ACCOUNT,bank_account,638c04d9164c4bc1,0.99,CRITICAL,0.99,0.7979,04/01/2015,03/01/2015,04/01/2015,9,3
CUST-IN-1834-4577,CUST-IL-2537-9894,SHARED_BANK_ACCOUNT,bank_account,67af23d9c724ad20,0.99,CRITICAL,0.99,0.811,06/01/2015,06/01/2015,06/01/2015,12,4
CUST-IN-1834-4577,CUST-IL-4635-5714,SHARED_BANK_ACCOUNT,bank_account,67af23d9c724ad20,0.99,CRITICAL,0.99,0.8402,05/01/2015,03/01/2015,05/01/2015,8,4
CUST-IN-1834-4577,CUST-IN-4887-2718,SHARED_BANK_ACCOUNT,bank_account,67af23d9c724ad20,0.99,CRITICAL,0.99,0.858,04/01/2015,04/01/2015,04/01/2015,15,1
CUST-IN-1834-4577,CUST-IL-7534-3133,SHARED_BANK_ACCOUNT,bank_account,67af23d9c724ad20,0.99,CRITICAL,0.99,0.95,05/01/2015,09/01/2015,05/01/2015,11,3
CUST-IL-2537-9894,CUST-IL-4635-5714,SHARED_BANK_ACCOUNT,bank_account,67af23d9c724ad20,0.99,CRITICAL,0.99,0.9832,01/01/2015,07/01/2015,01/01/2015,5,2
CUST-IL-2537-9894,CUST-IN-4887-2718,SHARED_BANK_ACCOUNT,bank_account,67af23d9c724ad20,0.99,CRITICAL,0.99,0.7971,05/01/2015,09/01/2015,05/01/2015,5,4
CUST-IL-2537-9894,CUST-IL-7534-3133,SHARED_BANK_ACCOUNT,bank_account,67af23d9c724ad20,0.99,CRITICAL,0.99,0.8834,07/01/2015,08/01/2015,07/01/2015,5,5
CUST-IL-4635-5714,CUST-IN-4887-2718,SHARED_BANK_ACCOUNT,bank_account,67af23d9c724ad20,0.99,CRITICAL,0.99,0.9138,07/01/2015,01/01/2015,07/01/2015,14,5
CUST-IL-4635-5714,CUST-IL-7534-3133,SHARED_BANK_ACCOUNT,bank_account,67af23d9c724ad20,0.99,CRITICAL,0.99,0.8097,09/01/2015,07/01/2015,09/01/2015,4,3
CUST-IN-4887-2718,CUST-IL-7534-3133,SHARED_BANK_ACCOUNT,bank_account,67af23d9c724ad20,0.99,CRITICAL,0.99,0.941,03/01/2015,01/01/2015,03/01/2015,11,3
CUST-IL-5075-4810,CUST-IN-8333-8704,SHARED_BANK_ACCOUNT,bank_account,8478c73aad8ae1f7,0.99,CRITICAL,0.99,0.7989,02/01/2015,05/01/2015,02/01/2015,11,2
CUST-OH-9769-1709,CUST-OH-6620-7819,SHARED_BANK_ACCOUNT,bank_account,8d31d2f7bf095250,0.99,CRITICAL,0.99,0.8814,03/01/2015,09/01/2015,03/01/2015,10,4
CUST-IL-1277-4693,CUST-IN-3902-6158,SHARED_BANK_ACCOUNT,bank_account,8d543707c92c4a1d,0.99,CRITICAL,0.99,0.8237,02/01/2015,09/01/2015,02/01/2015,8,1
CUST-OH-6670-3614,CUST-OH-3895-9476,SHARED_BANK_ACCOUNT,bank_account,8fee60fc49924959,0.99,CRITICAL,0.99,0.8136,06/01/2015,07/01/2015,06/01/2015,7,4
CUST-IL-1849-9789,CUST-IN-7864-9605,SHARED_BANK_ACCOUNT,bank_account,aefd6ec450edcc36,0.99,CRITICAL,0.99,0.899,07/01/2015,04/01/2015,07/01/2015,3,4
CUST-OH-5316-5072,CUST-OH-7573-7043,SHARED_BANK_ACCOUNT,bank_account,ba783480b5bd14ae,0.99,CRITICAL,0.99,0.8674,05/01/2015,03/01/2015,05/01/2015,7,1
CUST-OH-4853-1424,CUST-IN-7394-3379,SHARED_BANK_ACCOUNT,bank_account,bb3e06ce8be7df36,0.99,CRITICAL,0.99,0.8002,06/01/2015,01/01/2015,06/01/2015,15,5
CUST-IN-9103-4589,CUST-OH-4880-7593,SHARED_BANK_ACCOUNT,bank_account,c5537a70651ed72d,0.99,CRITICAL,0.99,0.8928,03/01/2015,06/01/2015,03/01/2015,11,4
CUST-OH-9037-6704,CUST-OH-6498-3405,SHARED_BANK_ACCOUNT,bank_account,cc1c107fd7988a57,0.99,CRITICAL,0.99,0.9672,06/01/2015,06/01/2015,06/01/2015,2,3
CUST-OH-9037-6704,CUST-IN-8457-8779,SHARED_BANK_ACCOUNT,bank_account,cc1c107fd7988a57,0.99,CRITICAL,0.99,0.9217,05/01/2015,04/01/2015,05/01/2015,4,4
CUST-OH-6498-3405,CUST-IN-8457-8779,SHARED_BANK_ACCOUNT,bank_account,cc1c107fd7988a57,0.99,CRITICAL,0.99,0.8901,03/01/2015,05/01/2015,03/01/2015,7,3
CUST-OH-7277-3475,CUST-IN-4858-7099,SHARED_BANK_ACCOUNT,bank_account,ef9ea20a12871ed4,0.99,CRITICAL,0.99,0.8288,01/01/2015,01/01/2015,01/01/2015,9,4
CUST-IL-3680-7987,CUST-IL-1301-9795,SHARED_BANK_ACCOUNT,bank_account,f51c4e4165fa27a8,0.99,CRITICAL,0.99,0.7969,07/01/2015,06/01/2015,07/01/2015,13,4
CUST-OH-7152-5443,CUST-IL-3768-8966,SHARED_BANK_ACCOUNT,bank_account,fffd334f52178c52,0.99,CRITICAL,0.99,0.9551,05/01/2015,01/01/2015,05/01/2015,10,2
CUST-OH-7152-5443,CUST-OH-1498-1934,SHARED_BANK_ACCOUNT,bank_account,fffd334f52178c52,0.99,CRITICAL,0.99,0.8546,05/01/2015,09/01/2015,05/01/2015,12,4
CUST-IL-3768-8966,CUST-OH-1498-1934,SHARED_BANK_ACCOUNT,bank_account,fffd334f52178c52,0.99,CRITICAL,0.99,0.9746,02/01/2015,03/01/2015,02/01/2015,6,2
CUST-IN-7611-8161,CUST-IL-7173-3330,SHARED_IP_ADDRESS,ip_address,8270d1e1d802,0.75,HIGH,0.75,0.716,02/01/2015,08/01/2015,02/01/2015,8,4
CUST-IN-7611-8161,CUST-IN-6202-9905,SHARED_IP_ADDRESS,ip_address,8270d1e1d802,0.75,HIGH,0.75,0.7115,02/01/2015,04/01/2015,02/01/2015,6,5
CUST-IN-7611-8161,CUST-IN-8426-8491,SHARED_IP_ADDRESS,ip_address,8270d1e1d802,0.75,HIGH,0.75,0.7189,08/01/2015,07/01/2015,08/01/2015,2,1
CUST-IN-7611-8161,CUST-IN-3455-5685,SHARED_IP_ADDRESS,ip_address,8270d1e1d802,0.75,HIGH,0.75,0.7498,04/01/2015,02/01/2015,04/01/2015,10,3
CUST-IN-7611-8161,CUST-IL-5349-9397,SHARED_IP_ADDRESS,ip_address,8270d1e1d802,0.75,HIGH,0.75,0.6166,09/01/2015,06/01/2015,09/01/2015,7,3
CUST-IN-7611-8161,CUST-IL-8938-4220,SHARED_IP_ADDRESS,ip_address,8270d1e1d802,0.75,HIGH,0.75,0.6251,09/01/2015,08/01/2015,09/01/2015,12,1
CUST-IN-7611-8161,CUST-OH-3262-6310,SHARED_IP_ADDRESS,ip_address,8270d1e1d802,0.75,HIGH,0.75,0.7212,02/01/2015,07/01/2015,02/01/2015,10,5
CUST-IN-7611-8161,CUST-OH-4472-5630,SHARED_IP_ADDRESS,ip_address,8270d1e1d802,0.75,HIGH,0.75,0.7447,09/01/2015,05/01/2015,09/01/2015,14,3
CUST-IN-7611-8161,CUST-IN-9906-6088,SHARED_IP_ADDRESS,ip_address,8270d1e1d802,0.75,HIGH,0.75,0.6711,03/01/2015,01/01/2015,03/01/2015,14,5
CUST-IN-7611-8161,CUST-OH-6072-5985,SHARED_IP_ADDRESS,ip_address,8270d1e1d802,0.75,HIGH,0.75,0.6009,08/01/2015,06/01/2015,08/01/2015,7,5
CUST-IL-7173-3330,CUST-IN-6202-9905,SHARED_IP_ADDRESS,ip_address,8270d1e1d802,0.75,HIGH,0.75,0.6385,04/01/2015,04/01/2015,04/01/2015,13,5
CUST-IL-7173-3330,CUST-IN-8426-8491,SHARED_IP_ADDRESS,ip_address,8270d1e1d802,0.75,HIGH,0.75,0.6367,01/01/2015,06/01/2015,01/01/2015,10,1
CUST-IL-7173-3330,CUST-IN-3455-5685,SHARED_IP_ADDRESS,ip_address,8270d1e1d802,0.75,HIGH,0.75,0.6081,07/01/2015,07/01/2015,07/01/2015,10,1
CUST-IL-7173-3330,CUST-IL-5349-9397,SHARED_IP_ADDRESS,ip_address,8270d1e1d802,0.75,HIGH,0.75,0.7468,04/01/2015,08/01/2015,04/01/2015,5,2
CUST-IL-7173-3330,CUST-IL-8938-4220,SHARED_IP_ADDRESS,ip_address,8270d1e1d802,0.75,HIGH,0.75,0.7238,05/01/2015,01/01/2015,05/01/2015,15,4
CUST-IL-7173-3330,CUST-OH-3262-6310,SHARED_IP_ADDRESS,ip_address,8270d1e1d802,0.75,HIGH,0.75,0.7139,04/01/2015,08/01/2015,04/01/2015,13,4
CUST-IL-7173-3330,CUST-OH-4472-5630,SHARED_IP_ADDRESS,ip_address,8270d1e1d802,0.75,HIGH,0.75,0.644,06/01/2015,09/01/2015,06/01/2015,10,2
CUST-IL-7173-3330,CUST-IN-9906-6088,SHARED_IP_ADDRESS,ip_address,8270d1e1d802,0.75,HIGH,0.75,0.718,05/01/2015,08/01/2015,05/01/2015,4,5
CUST-IL-7173-3330,CUST-OH-6072-5985,SHARED_IP_ADDRESS,ip_address,8270d1e1d802,0.75,HIGH,0.75,0.7354,09/01/2015,08/01/2015,09/01/2015,14,1
CUST-IN-6202-9905,CUST-IN-8426-8491,SHARED_IP_ADDRESS,ip_address,8270d1e1d802,0.75,HIGH,0.75,0.6276,09/01/2015,06/01/2015,09/01/2015,7,1
CUST-IN-6202-9905,CUST-IN-3455-5685,SHARED_IP_ADDRESS,ip_address,8270d1e1d802,0.75,HIGH,0.75,0.6216,03/01/2015,06/01/2015,03/01/2015,13,5
CUST-IN-6202-9905,CUST-IL-5349-9397,SHARED_IP_ADDRESS,ip_address,8270d1e1d802,0.75,HIGH,0.75,0.6972,02/01/2015,05/01/2015,02/01/2015,8,3
CUST-IN-6202-9905,CUST-IL-8938-4220,SHARED_IP_ADDRESS,ip_address,8270d1e1d802,0.75,HIGH,0.75,0.6023,09/01/2015,03/01/2015,09/01/2015,13,3
CUST-IN-6202-9905,CUST-OH-3262-6310,SHARED_IP_ADDRESS,ip_address,8270d1e1d802,0.75,HIGH,0.75,0.6513,09/01/2015,07/01/2015,09/01/2015,14,1
CUST-IN-6202-9905,CUST-OH-4472-5630,SHARED_IP_ADDRESS,ip_address,8270d1e1d802,0.75,HIGH,0.75,0.6322,05/01/2015,02/01/2015,05/01/2015,9,4
CUST-IN-6202-9905,CUST-IN-9906-6088,SHARED_IP_ADDRESS,ip_address,8270d1e1d802,0.75,HIGH,0.75,0.6882,07/01/2015,01/01/2015,07/01/2015,4,5
CUST-IN-6202-9905,CUST-OH-6072-5985,SHARED_IP_ADDRESS,ip_address,8270d1e1d802,0.75,HIGH,0.75,0.7133,09/01/2015,04/01/2015,09/01/2015,8,4
CUST-IN-8426-8491,CUST-IN-3455-5685,SHARED_IP_ADDRESS,ip_address,8270d1e1d802,0.75,HIGH,0.75,0.6213,01/01/2015,09/01/2015,01/01/2015,14,1
CUST-IN-8426-8491,CUST-IL-5349-9397,SHARED_IP_ADDRESS,ip_address,8270d1e1d802,0.75,HIGH,0.75,0.7099,07/01/2015,05/01/2015,07/01/2015,4,3
CUST-IN-8426-8491,CUST-IL-8938-4220,SHARED_IP_ADDRESS,ip_address,8270d1e1d802,0.75,HIGH,0.75,0.7405,07/01/2015,03/01/2015,07/01/2015,2,2
CUST-IN-8426-8491,CUST-OH-3262-6310,SHARED_IP_ADDRESS,ip_address,8270d1e1d802,0.75,HIGH,0.75,0.7096,05/01/2015,03/01/2015,05/01/2015,13,3
CUST-IN-8426-8491,CUST-OH-4472-5630,SHARED_IP_ADDRESS,ip_address,8270d1e1d802,0.75,HIGH,0.75,0.6875,01/01/2015,08/01/2015,01/01/2015,10,4
CUST-IN-8426-8491,CUST-IN-9906-6088,SHARED_IP_ADDRESS,ip_address,8270d1e1d802,0.75,HIGH,0.75,0.6458,06/01/2015,04/01/2015,06/01/2015,6,4
CUST-IN-8426-8491,CUST-OH-6072-5985,SHARED_IP_ADDRESS,ip_address,8270d1e1d802,0.75,HIGH,0.75,0.7235,02/01/2015,07/01/2015,02/01/2015,8,1
CUST-IN-3455-5685,CUST-IL-5349-9397,SHARED_IP_ADDRESS,ip_address,8270d1e1d802,0.75,HIGH,0.75,0.7197,02/01/2015,03/01/2015,02/01/2015,9,3
CUST-IN-3455-5685,CUST-IL-8938-4220,SHARED_IP_ADDRESS,ip_address,8270d1e1d802,0.75,HIGH,0.75,0.6712,01/01/2015,08/01/2015,01/01/2015,4,1
CUST-IN-3455-5685,CUST-OH-3262-6310,SHARED_IP_ADDRESS,ip_address,8270d1e1d802,0.75,HIGH,0.75,0.627,03/01/2015,04/01/2015,03/01/2015,12,2
CUST-IN-3455-5685,CUST-OH-4472-5630,SHARED_IP_ADDRESS,ip_address,8270d1e1d802,0.75,HIGH,0.75,0.6926,02/01/2015,03/01/2015,02/01/2015,11,2
CUST-IN-3455-5685,CUST-IN-9906-6088,SHARED_IP_ADDRESS,ip_address,8270d1e1d802,0.75,HIGH,0.75,0.6312,03/01/2015,01/01/2015,03/01/2015,14,4
CUST-IN-3455-5685,CUST-OH-6072-5985,SHARED_IP_ADDRESS,ip_address,8270d1e1d802,0.75,HIGH,0.75,0.6274,06/01/2015,03/01/2015,06/01/2015,4,3
CUST-IL-5349-9397,CUST-IL-8938-4220,SHARED_IP_ADDRESS,ip_address,8270d1e1d802,0.75,HIGH,0.75,0.6962,05/01/2015,03/01/2015,05/01/2015,7,4
CUST-IL-5349-9397,CUST-OH-3262-6310,SHARED_IP_ADDRESS,ip_address,8270d1e1d802,0.75,HIGH,0.75,0.653,04/01/2015,03/01/2015,04/01/2015,6,5
CUST-IL-5349-9397,CUST-OH-4472-5630,SHARED_IP_ADDRESS,ip_address,8270d1e1d802,0.75,HIGH,0.75,0.6142,05/01/2015,08/01/2015,05/01/2015,5,5
CUST-IL-5349-9397,CUST-IN-9906-6088,SHARED_IP_ADDRESS,ip_address,8270d1e1d802,0.75,HIGH,0.75,0.7384,02/01/2015,02/01/2015,02/01/2015,15,2
CUST-IL-5349-9397,CUST-OH-6072-5985,SHARED_IP_ADDRESS,ip_address,8270d1e1d802,0.75,HIGH,0.75,0.6705,03/01/2015,02/01/2015,03/01/2015,14,2
CUST-IL-8938-4220,CUST-OH-3262-6310,SHARED_IP_ADDRESS,ip_address,8270d1e1d802,0.75,HIGH,0.75,0.6118,04/01/2015,02/01/2015,04/01/2015,12,1
CUST-IL-8938-4220,CUST-OH-4472-5630,SHARED_IP_ADDRESS,ip_address,8270d1e1d802,0.75,HIGH,0.75,0.6698,01/01/2015,08/01/2015,01/01/2015,15,4
CUST-IL-8938-4220,CUST-IN-9906-6088,SHARED_IP_ADDRESS,ip_address,8270d1e1d802,0.75,HIGH,0.75,0.7228,02/01/2015,06/01/2015,02/01/2015,7,4
CUST-IL-8938-4220,CUST-OH-6072-5985,SHARED_IP_ADDRESS,ip_address,8270d1e1d802,0.75,HIGH,0.75,0.708,07/01/2015,08/01/2015,07/01/2015,13,4
CUST-OH-3262-6310,CUST-OH-4472-5630,SHARED_IP_ADDRESS,ip_address,8270d1e1d802,0.75,HIGH,0.75,0.6036,01/01/2015,07/01/2015,01/01/2015,7,2
CUST-OH-3262-6310,CUST-IN-9906-6088,SHARED_IP_ADDRESS,ip_address,8270d1e1d802,0.75,HIGH,0.75,0.7456,05/01/2015,02/01/2015,05/01/2015,3,1
CUST-OH-3262-6310,CUST-OH-6072-5985,SHARED_IP_ADDRESS,ip_address,8270d1e1d802,0.75,HIGH,0.75,0.6201,09/01/2015,08/01/2015,09/01/2015,14,4
CUST-OH-4472-5630,CUST-IN-9906-6088,SHARED_IP_ADDRESS,ip_address,8270d1e1d802,0.75,HIGH,0.75,0.7422,07/01/2015,02/01/2015,07/01/2015,11,4
CUST-OH-4472-5630,CUST-OH-6072-5985,SHARED_IP_ADDRESS,ip_address,8270d1e1d802,0.75,HIGH,0.75,0.7241,01/01/2015,07/01/2015,01/01/2015,8,1
CUST-IN-9906-6088,CUST-OH-6072-5985,SHARED_IP_ADDRESS,ip_address,8270d1e1d802,0.75,HIGH,0.75,0.6539,04/01/2015,03/01/2015,04/01/2015,4,5
CUST-IL-9086-1612,CUST-IL-2062-9474,SHARED_IP_ADDRESS,ip_address,f7d7b6ed1c3d,0.75,HIGH,0.75,0.681,08/01/2015,01/01/2015,08/01/2015,10,2
CUST-IL-9086-1612,CUST-OH-7904-1324,SHARED_IP_ADDRESS,ip_address,f7d7b6ed1c3d,0.75,HIGH,0.75,0.6168,03/01/2015,05/01/2015,03/01/2015,4,2
CUST-IL-9086-1612,CUST-IL-6946-4532,SHARED_IP_ADDRESS,ip_address,f7d7b6ed1c3d,0.75,HIGH,0.75,0.6056,02/01/2015,03/01/2015,02/01/2015,4,2
CUST-IL-9086-1612,CUST-IL-2263-6731,SHARED_IP_ADDRESS,ip_address,f7d7b6ed1c3d,0.75,HIGH,0.75,0.6159,09/01/2015,09/01/2015,09/01/2015,4,4
CUST-IL-9086-1612,CUST-IL-8968-7411,SHARED_IP_ADDRESS,ip_address,f7d7b6ed1c3d,0.75,HIGH,0.75,0.6862,07/01/2015,06/01/2015,07/01/2015,15,4
CUST-IL-9086-1612,CUST-IN-8551-7891,SHARED_IP_ADDRESS,ip_address,f7d7b6ed1c3d,0.75,HIGH,0.75,0.6166,01/01/2015,02/01/2015,01/01/2015,7,4
CUST-IL-9086-1612,CUST-OH-1166-8572,SHARED_IP_ADDRESS,ip_address,f7d7b6ed1c3d,0.75,HIGH,0.75,0.7433,01/01/2015,05/01/2015,01/01/2015,2,5
CUST-IL-9086-1612,CUST-IN-1711-8953,SHARED_IP_ADDRESS,ip_address,f7d7b6ed1c3d,0.75,HIGH,0.75,0.6806,04/01/2015,05/01/2015,04/01/2015,14,3
CUST-IL-9086-1612,CUST-OH-1918-3058,SHARED_IP_ADDRESS,ip_address,f7d7b6ed1c3d,0.75,HIGH,0.75,0.7383,03/01/2015,09/01/2015,03/01/2015,3,1
CUST-IL-9086-1612,CUST-IL-3074-3779,SHARED_IP_ADDRESS,ip_address,f7d7b6ed1c3d,0.75,HIGH,0.75,0.6136,01/01/2015,07/01/2015,01/01/2015,10,5
CUST-IL-9086-1612,CUST-IL-4374-2428,SHARED_IP_ADDRESS,ip_address,f7d7b6ed1c3d,0.75,HIGH,0.75,0.7208,04/01/2015,09/01/2015,04/01/2015,4,1
CUST-IL-9086-1612,CUST-OH-9449-8584,SHARED_IP_ADDRESS,ip_address,f7d7b6ed1c3d,0.75,HIGH,0.75,0.6811,02/01/2015,04/01/2015,02/01/2015,7,5
CUST-IL-9086-1612,CUST-IL-3864-5263,SHARED_IP_ADDRESS,ip_address,f7d7b6ed1c3d,0.75,HIGH,0.75,0.6607,08/01/2015,01/01/2015,08/01/2015,13,4
CUST-IL-9086-1612,CUST-OH-6262-7395,SHARED_IP_ADDRESS,ip_address,f7d7b6ed1c3d,0.75,HIGH,0.75,0.7136,09/01/2015,06/01/2015,09/01/2015,14,5
CUST-IL-9086-1612,CUST-IL-4208-7298,SHARED_IP_ADDRESS,ip_address,f7d7b6ed1c3d,0.75,HIGH,0.75,0.6428,01/01/2015,03/01/2015,01/01/2015,12,5
CUST-IL-9086-1612,CUST-IL-2501-4459,SHARED_IP_ADDRESS,ip_address,f7d7b6ed1c3d,0.75,HIGH,0.75,0.691,02/01/2015,02/01/2015,02/01/2015,12,4
CUST-IL-9086-1612,CUST-IN-4632-4367,SHARED_IP_ADDRESS,ip_address,f7d7b6ed1c3d,0.75,HIGH,0.75,0.6804,02/01/2015,07/01/2015,02/01/2015,8,3
CUST-IL-9086-1612,CUST-IN-1496-3167,SHARED_IP_ADDRESS,ip_address,f7d7b6ed1c3d,0.75,HIGH,0.75,0.662,05/01/2015,01/01/2015,05/01/2015,4,2
CUST-IL-9086-1612,CUST-OH-7203-6259,SHARED_IP_ADDRESS,ip_address,f7d7b6ed1c3d,0.75,HIGH,0.75,0.6718,01/01/2015,04/01/2015,01/01/2015,14,5
CUST-IL-2062-9474,CUST-OH-7904-1324,SHARED_IP_ADDRESS,ip_address,f7d7b6ed1c3d,0.75,HIGH,0.75,0.6642,01/01/2015,03/01/2015,01/01/2015,6,3
CUST-IL-2062-9474,CUST-IL-6946-4532,SHARED_IP_ADDRESS,ip_address,f7d7b6ed1c3d,0.75,HIGH,0.75,0.7318,04/01/2015,03/01/2015,04/01/2015,9,5
CUST-IL-2062-9474,CUST-IL-2263-6731,SHARED_IP_ADDRESS,ip_address,f7d7b6ed1c3d,0.75,HIGH,0.75,0.7471,05/01/2015,01/01/2015,05/01/2015,4,1
CUST-IL-2062-9474,CUST-IL-8968-7411,SHARED_IP_ADDRESS,ip_address,f7d7b6ed1c3d,0.75,HIGH,0.75,0.7012,08/01/2015,03/01/2015,08/01/2015,10,4
CUST-IL-2062-9474,CUST-IN-8551-7891,SHARED_IP_ADDRESS,ip_address,f7d7b6ed1c3d,0.75,HIGH,0.75,0.619,02/01/2015,07/01/2015,02/01/2015,8,4
CUST-IL-2062-9474,CUST-OH-1166-8572,SHARED_IP_ADDRESS,ip_address,f7d7b6ed1c3d,0.75,HIGH,0.75,0.6695,04/01/2015,09/01/2015,04/01/2015,5,2
CUST-IL-2062-9474,CUST-IN-1711-8953,SHARED_IP_ADDRESS,ip_address,f7d7b6ed1c3d,0.75,HIGH,0.75,0.7499,02/01/2015,01/01/2015,02/01/2015,11,5
CUST-IL-2062-9474,CUST-OH-1918-3058,SHARED_IP_ADDRESS,ip_address,f7d7b6ed1c3d,0.75,HIGH,0.75,0.7362,08/01/2015,02/01/2015,08/01/2015,14,4
CUST-IL-2062-9474,CUST-IL-3074-3779,SHARED_IP_ADDRESS,ip_address,f7d7b6ed1c3d,0.75,HIGH,0.75,0.675,02/01/2015,05/01/2015,02/01/2015,6,2
CUST-IL-2062-9474,CUST-IL-4374-2428,SHARED_IP_ADDRESS,ip_address,f7d7b6ed1c3d,0.75,HIGH,0.75,0.6404,08/01/2015,03/01/2015,08/01/2015,4,3
CUST-IL-2062-9474,CUST-OH-9449-8584,SHARED_IP_ADDRESS,ip_address,f7d7b6ed1c3d,0.75,HIGH,0.75,0.6684,09/01/2015,07/01/2015,09/01/2015,12,2
CUST-IL-2062-9474,CUST-IL-3864-5263,SHARED_IP_ADDRESS,ip_address,f7d7b6ed1c3d,0.75,HIGH,0.75,0.6035,07/01/2015,05/01/2015,07/01/2015,2,5
CUST-IL-2062-9474,CUST-OH-6262-7395,SHARED_IP_ADDRESS,ip_address,f7d7b6ed1c3d,0.75,HIGH,0.75,0.7124,01/01/2015,08/01/2015,01/01/2015,3,5
CUST-IL-2062-9474,CUST-IL-4208-7298,SHARED_IP_ADDRESS,ip_address,f7d7b6ed1c3d,0.75,HIGH,0.75,0.6657,02/01/2015,02/01/2015,02/01/2015,15,5
CUST-IL-2062-9474,CUST-IL-2501-4459,SHARED_IP_ADDRESS,ip_address,f7d7b6ed1c3d,0.75,HIGH,0.75,0.6986,07/01/2015,01/01/2015,07/01/2015,4,4
CUST-IL-2062-9474,CUST-IN-4632-4367,SHARED_IP_ADDRESS,ip_address,f7d7b6ed1c3d,0.75,HIGH,0.75,0.7465,03/01/2015,07/01/2015,03/01/2015,14,4
CUST-IL-2062-9474,CUST-IN-1496-3167,SHARED_IP_ADDRESS,ip_address,f7d7b6ed1c3d,0.75,HIGH,0.75,0.7465,06/01/2015,09/01/2015,06/01/2015,4,1
CUST-IL-2062-9474,CUST-OH-7203-6259,SHARED_IP_ADDRESS,ip_address,f7d7b6ed1c3d,0.75,HIGH,0.75,0.6164,01/01/2015,01/01/2015,01/01/2015,5,3
CUST-OH-7904-1324,CUST-IL-6946-4532,SHARED_IP_ADDRESS,ip_address,f7d7b6ed1c3d,0.75,HIGH,0.75,0.6049,09/01/2015,02/01/2015,09/01/2015,6,3
CUST-OH-7904-1324,CUST-IL-2263-6731,SHARED_IP_ADDRESS,ip_address,f7d7b6ed1c3d,0.75,HIGH,0.75,0.6437,05/01/2015,08/01/2015,05/01/2015,3,1
CUST-OH-7904-1324,CUST-IL-8968-7411,SHARED_IP_ADDRESS,ip_address,f7d7b6ed1c3d,0.75,HIGH,0.75,0.727,02/01/2015,08/01/2015,02/01/2015,6,3
CUST-OH-7904-1324,CUST-IN-8551-7891,SHARED_IP_ADDRESS,ip_address,f7d7b6ed1c3d,0.75,HIGH,0.75,0.6196,05/01/2015,01/01/2015,05/01/2015,11,5
CUST-OH-7904-1324,CUST-OH-1166-8572,SHARED_IP_ADDRESS,ip_address,f7d7b6ed1c3d,0.75,HIGH,0.75,0.6656,08/01/2015,04/01/2015,08/01/2015,11,2
CUST-OH-7904-1324,CUST-IN-1711-8953,SHARED_IP_ADDRESS,ip_address,f7d7b6ed1c3d,0.75,HIGH,0.75,0.6065,09/01/2015,02/01/2015,09/01/2015,4,2
CUST-OH-7904-1324,CUST-OH-1918-3058,SHARED_IP_ADDRESS,ip_address,f7d7b6ed1c3d,0.75,HIGH,0.75,0.6605,06/01/2015,07/01/2015,06/01/2015,11,1
CUST-OH-7904-1324,CUST-IL-3074-3779,SHARED_IP_ADDRESS,ip_address,f7d7b6ed1c3d,0.75,HIGH,0.75,0.7105,06/01/2015,04/01/2015,06/01/2015,2,4
CUST-OH-7904-1324,CUST-IL-4374-2428,SHARED_IP_ADDRESS,ip_address,f7d7b6ed1c3d,0.75,HIGH,0.75,0.7146,01/01/2015,08/01/2015,01/01/2015,14,1
CUST-OH-7904-1324,CUST-OH-9449-8584,SHARED_IP_ADDRESS,ip_address,f7d7b6ed1c3d,0.75,HIGH,0.75,0.74,02/01/2015,01/01/2015,02/01/2015,2,3
CUST-OH-7904-1324,CUST-IL-3864-5263,SHARED_IP_ADDRESS,ip_address,f7d7b6ed1c3d,0.75,HIGH,0.75,0.7153,02/01/2015,06/01/2015,02/01/2015,11,5
CUST-OH-7904-1324,CUST-OH-6262-7395,SHARED_IP_ADDRESS,ip_address,f7d7b6ed1c3d,0.75,HIGH,0.75,0.7414,04/01/2015,01/01/2015,04/01/2015,13,4
CUST-OH-7904-1324,CUST-IL-4208-7298,SHARED_IP_ADDRESS,ip_address,f7d7b6ed1c3d,0.75,HIGH,0.75,0.6302,08/01/2015,01/01/2015,08/01/2015,12,1
CUST-OH-7904-1324,CUST-IL-2501-4459,SHARED_IP_ADDRESS,ip_address,f7d7b6ed1c3d,0.75,HIGH,0.75,0.6912,06/01/2015,05/01/2015,06/01/2015,8,5
CUST-OH-7904-1324,CUST-IN-4632-4367,SHARED_IP_ADDRESS,ip_address,f7d7b6ed1c3d,0.75,HIGH,0.75,0.7096,04/01/2015,04/01/2015,04/01/2015,8,4
CUST-OH-7904-1324,CUST-IN-1496-3167,SHARED_IP_ADDRESS,ip_address,f7d7b6ed1c3d,0.75,HIGH,0.75,0.6192,06/01/2015,04/01/2015,06/01/2015,4,4
CUST-OH-7904-1324,CUST-OH-7203-6259,SHARED_IP_ADDRESS,ip_address,f7d7b6ed1c3d,0.75,HIGH,0.75,0.6296,09/01/2015,03/01/2015,09/01/2015,15,1
CUST-IL-6946-4532,CUST-IL-2263-6731,SHARED_IP_ADDRESS,ip_address,f7d7b6ed1c3d,0.75,HIGH,0.75,0.6489,03/01/2015,07/01/2015,03/01/2015,13,4
CUST-IL-6946-4532,CUST-IL-8968-7411,SHARED_IP_ADDRESS,ip_address,f7d7b6ed1c3d,0.75,HIGH,0.75,0.6346,02/01/2015,08/01/2015,02/01/2015,9,4
CUST-IL-6946-4532,CUST-IN-8551-7891,SHARED_IP_ADDRESS,ip_address,f7d7b6ed1c3d,0.75,HIGH,0.75,0.681,01/01/2015,03/01/2015,01/01/2015,2,2
CUST-IL-6946-4532,CUST-OH-1166-8572,SHARED_IP_ADDRESS,ip_address,f7d7b6ed1c3d,0.75,HIGH,0.75,0.6765,08/01/2015,05/01/2015,08/01/2015,4,2
CUST-IL-6946-4532,CUST-IN-1711-8953,SHARED_IP_ADDRESS,ip_address,f7d7b6ed1c3d,0.75,HIGH,0.75,0.6406,03/01/2015,05/01/2015,03/01/2015,8,1
CUST-IL-6946-4532,CUST-OH-1918-3058,SHARED_IP_ADDRESS,ip_address,f7d7b6ed1c3d,0.75,HIGH,0.75,0.7417,09/01/2015,07/01/2015,09/01/2015,8,1
CUST-IL-6946-4532,CUST-IL-3074-3779,SHARED_IP_ADDRESS,ip_address,f7d7b6ed1c3d,0.75,HIGH,0.75,0.6059,09/01/2015,04/01/2015,09/01/2015,2,4
CUST-IL-6946-4532,CUST-IL-4374-2428,SHARED_IP_ADDRESS,ip_address,f7d7b6ed1c3d,0.75,HIGH,0.75,0.6237,08/01/2015,02/01/2015,08/01/2015,6,2
CUST-IL-6946-4532,CUST-OH-9449-8584,SHARED_IP_ADDRESS,ip_address,f7d7b6ed1c3d,0.75,HIGH,0.75,0.6336,09/01/2015,08/01/2015,09/01/2015,15,5
CUST-IL-6946-4532,CUST-IL-3864-5263,SHARED_IP_ADDRESS,ip_address,f7d7b6ed1c3d,0.75,HIGH,0.75,0.7448,01/01/2015,03/01/2015,01/01/2015,7,1
CUST-IL-6946-4532,CUST-OH-6262-7395,SHARED_IP_ADDRESS,ip_address,f7d7b6ed1c3d,0.75,HIGH,0.75,0.6615,08/01/2015,05/01/2015,08/01/2015,15,4
CUST-IL-6946-4532,CUST-IL-4208-7298,SHARED_IP_ADDRESS,ip_address,f7d7b6ed1c3d,0.75,HIGH,0.75,0.6411,03/01/2015,08/01/2015,03/01/2015,15,2
CUST-IL-6946-4532,CUST-IL-2501-4459,SHARED_IP_ADDRESS,ip_address,f7d7b6ed1c3d,0.75,HIGH,0.75,0.6281,08/01/2015,07/01/2015,08/01/2015,2,5
CUST-IL-6946-4532,CUST-IN-4632-4367,SHARED_IP_ADDRESS,ip_address,f7d7b6ed1c3d,0.75,HIGH,0.75,0.7072,01/01/2015,04/01/2015,01/01/2015,11,5
CUST-IL-6946-4532,CUST-IN-1496-3167,SHARED_IP_ADDRESS,ip_address,f7d7b6ed1c3d,0.75,HIGH,0.75,0.6015,04/01/2015,09/01/2015,04/01/2015,7,2
CUST-IL-6946-4532,CUST-OH-7203-6259,SHARED_IP_ADDRESS,ip_address,f7d7b6ed1c3d,0.75,HIGH,0.75,0.6099,08/01/2015,01/01/2015,08/01/2015,8,5
CUST-IL-2263-6731,CUST-IL-8968-7411,SHARED_IP_ADDRESS,ip_address,f7d7b6ed1c3d,0.75,HIGH,0.75,0.625,02/01/2015,09/01/2015,02/01/2015,5,5
CUST-IL-2263-6731,CUST-IN-8551-7891,SHARED_IP_ADDRESS,ip_address,f7d7b6ed1c3d,0.75,HIGH,0.75,0.7115,07/01/2015,04/01/2015,07/01/2015,4,1
CUST-IL-2263-6731,CUST-OH-1166-8572,SHARED_IP_ADDRESS,ip_address,f7d7b6ed1c3d,0.75,HIGH,0.75,0.6738,02/01/2015,01/01/2015,02/01/2015,3,5
CUST-IL-2263-6731,CUST-IN-1711-8953,SHARED_IP_ADDRESS,ip_address,f7d7b6ed1c3d,0.75,HIGH,0.75,0.7408,07/01/2015,07/01/2015,07/01/2015,9,5
CUST-IL-2263-6731,CUST-OH-1918-3058,SHARED_IP_ADDRESS,ip_address,f7d7b6ed1c3d,0.75,HIGH,0.75,0.6223,01/01/2015,06/01/2015,01/01/2015,15,2
CUST-IL-2263-6731,CUST-IL-3074-3779,SHARED_IP_ADDRESS,ip_address,f7d7b6ed1c3d,0.75,HIGH,0.75,0.6022,09/01/2015,05/01/2015,09/01/2015,6,4
CUST-IL-2263-6731,CUST-IL-4374-2428,SHARED_IP_ADDRESS,ip_address,f7d7b6ed1c3d,0.75,HIGH,0.75,0.7354,09/01/2015,01/01/2015,09/01/2015,12,1
CUST-IL-2263-6731,CUST-OH-9449-8584,SHARED_IP_ADDRESS,ip_address,f7d7b6ed1c3d,0.75,HIGH,0.75,0.6002,02/01/2015,03/01/2015,02/01/2015,2,5
CUST-IL-2263-6731,CUST-IL-3864-5263,SHARED_IP_ADDRESS,ip_address,f7d7b6ed1c3d,0.75,HIGH,0.75,0.6312,08/01/2015,06/01/2015,08/01/2015,2,2
CUST-IL-2263-6731,CUST-OH-6262-7395,SHARED_IP_ADDRESS,ip_address,f7d7b6ed1c3d,0.75,HIGH,0.75,0.6327,03/01/2015,09/01/2015,03/01/2015,13,4
CUST-IL-2263-6731,CUST-IL-4208-7298,SHARED_IP_ADDRESS,ip_address,f7d7b6ed1c3d,0.75,HIGH,0.75,0.6091,03/01/2015,06/01/2015,03/01/2015,5,3
CUST-IL-2263-6731,CUST-IL-2501-4459,SHARED_IP_ADDRESS,ip_address,f7d7b6ed1c3d,0.75,HIGH,0.75,0.6027,04/01/2015,02/01/2015,04/01/2015,11,2
CUST-IL-2263-6731,CUST-IN-4632-4367,SHARED_IP_ADDRESS,ip_address,f7d7b6ed1c3d,0.75,HIGH,0.75,0.6778,07/01/2015,04/01/2015,07/01/2015,3,2
CUST-IL-2263-6731,CUST-IN-1496-3167,SHARED_IP_ADDRESS,ip_address,f7d7b6ed1c3d,0.75,HIGH,0.75,0.6373,05/01/2015,04/01/2015,05/01/2015,2,4
CUST-IL-2263-6731,CUST-OH-7203-6259,SHARED_IP_ADDRESS,ip_address,f7d7b6ed1c3d,0.75,HIGH,0.75,0.6438,08/01/2015,03/01/2015,08/01/2015,13,1
CUST-IL-8968-7411,CUST-IN-8551-7891,SHARED_IP_ADDRESS,ip_address,f7d7b6ed1c3d,0.75,HIGH,0.75,0.7071,08/01/2015,08/01/2015,08/01/2015,14,4
CUST-IL-8968-7411,CUST-OH-1166-8572,SHARED_IP_ADDRESS,ip_address,f7d7b6ed1c3d,0.75,HIGH,0.75,0.6605,02/01/2015,03/01/2015,02/01/2015,3,1
CUST-IL-8968-7411,CUST-IN-1711-8953,SHARED_IP_ADDRESS,ip_address,f7d7b6ed1c3d,0.75,HIGH,0.75,0.6359,09/01/2015,08/01/2015,09/01/2015,11,5
CUST-IL-8968-7411,CUST-OH-1918-3058,SHARED_IP_ADDRESS,ip_address,f7d7b6ed1c3d,0.75,HIGH,0.75,0.6167,04/01/2015,03/01/2015,04/01/2015,5,4
CUST-IL-8968-7411,CUST-IL-3074-3779,SHARED_IP_ADDRESS,ip_address,f7d7b6ed1c3d,0.75,HIGH,0.75,0.6007,08/01/2015,09/01/2015,08/01/2015,5,3
CUST-IL-8968-7411,CUST-IL-4374-2428,SHARED_IP_ADDRESS,ip_address,f7d7b6ed1c3d,0.75,HIGH,0.75,0.6774,06/01/2015,02/01/2015,06/01/2015,7,5
CUST-IL-8968-7411,CUST-OH-9449-8584,SHARED_IP_ADDRESS,ip_address,f7d7b6ed1c3d,0.75,HIGH,0.75,0.6858,04/01/2015,03/01/2015,04/01/2015,14,3
CUST-IL-8968-7411,CUST-IL-3864-5263,SHARED_IP_ADDRESS,ip_address,f7d7b6ed1c3d,0.75,HIGH,0.75,0.7167,01/01/2015,02/01/2015,01/01/2015,5,2
CUST-IL-8968-7411,CUST-OH-6262-7395,SHARED_IP_ADDRESS,ip_address,f7d7b6ed1c3d,0.75,HIGH,0.75,0.7499,08/01/2015,07/01/2015,08/01/2015,10,4
CUST-IL-8968-7411,CUST-IL-4208-7298,SHARED_IP_ADDRESS,ip_address,f7d7b6ed1c3d,0.75,HIGH,0.75,0.6182,07/01/2015,04/01/2015,07/01/2015,11,5
CUST-IL-8968-7411,CUST-IL-2501-4459,SHARED_IP_ADDRESS,ip_address,f7d7b6ed1c3d,0.75,HIGH,0.75,0.6179,09/01/2015,06/01/2015,09/01/2015,4,3
CUST-IL-8968-7411,CUST-IN-4632-4367,SHARED_IP_ADDRESS,ip_address,f7d7b6ed1c3d,0.75,HIGH,0.75,0.7197,02/01/2015,01/01/2015,02/01/2015,4,2
CUST-IL-8968-7411,CUST-IN-1496-3167,SHARED_IP_ADDRESS,ip_address,f7d7b6ed1c3d,0.75,HIGH,0.75,0.6035,01/01/2015,05/01/2015,01/01/2015,4,1
CUST-IL-8968-7411,CUST-OH-7203-6259,SHARED_IP_ADDRESS,ip_address,f7d7b6ed1c3d,0.75,HIGH,0.75,0.7432,03/01/2015,07/01/2015,03/01/2015,6,2
CUST-IN-8551-7891,CUST-OH-1166-8572,SHARED_IP_ADDRESS,ip_address,f7d7b6ed1c3d,0.75,HIGH,0.75,0.7276,05/01/2015,01/01/2015,05/01/2015,15,5
CUST-IN-8551-7891,CUST-IN-1711-8953,SHARED_IP_ADDRESS,ip_address,f7d7b6ed1c3d,0.75,HIGH,0.75,0.6577,09/01/2015,03/01/2015,09/01/2015,9,5
CUST-IN-8551-7891,CUST-OH-1918-3058,SHARED_IP_ADDRESS,ip_address,f7d7b6ed1c3d,0.75,HIGH,0.75,0.7129,01/01/2015,07/01/2015,01/01/2015,3,2
CUST-IN-8551-7891,CUST-IL-3074-3779,SHARED_IP_ADDRESS,ip_address,f7d7b6ed1c3d,0.75,HIGH,0.75,0.6942,09/01/2015,07/01/2015,09/01/2015,3,1
CUST-IN-8551-7891,CUST-IL-4374-2428,SHARED_IP_ADDRESS,ip_address,f7d7b6ed1c3d,0.75,HIGH,0.75,0.7231,06/01/2015,08/01/2015,06/01/2015,11,2
CUST-IN-8551-7891,CUST-OH-9449-8584,SHARED_IP_ADDRESS,ip_address,f7d7b6ed1c3d,0.75,HIGH,0.75,0.6208,06/01/2015,07/01/2015,06/01/2015,5,3
CUST-IN-8551-7891,CUST-IL-3864-5263,SHARED_IP_ADDRESS,ip_address,f7d7b6ed1c3d,0.75,HIGH,0.75,0.6742,08/01/2015,06/01/2015,08/01/2015,8,3
CUST-IN-8551-7891,CUST-OH-6262-7395,SHARED_IP_ADDRESS,ip_address,f7d7b6ed1c3d,0.75,HIGH,0.75,0.7401,09/01/2015,03/01/2015,09/01/2015,15,5
CUST-IN-8551-7891,CUST-IL-4208-7298,SHARED_IP_ADDRESS,ip_address,f7d7b6ed1c3d,0.75,HIGH,0.75,0.7113,01/01/2015,08/01/2015,01/01/2015,2,1
CUST-IN-8551-7891,CUST-IL-2501-4459,SHARED_IP_ADDRESS,ip_address,f7d7b6ed1c3d,0.75,HIGH,0.75,0.6873,01/01/2015,03/01/2015,01/01/2015,13,1
CUST-IN-8551-7891,CUST-IN-4632-4367,SHARED_IP_ADDRESS,ip_address,f7d7b6ed1c3d,0.75,HIGH,0.75,0.6798,03/01/2015,09/01/2015,03/01/2015,2,3
CUST-IN-8551-7891,CUST-IN-1496-3167,SHARED_IP_ADDRESS,ip_address,f7d7b6ed1c3d,0.75,HIGH,0.75,0.716,05/01/2015,05/01/2015,05/01/2015,8,3
CUST-IN-8551-7891,CUST-OH-7203-6259,SHARED_IP_ADDRESS,ip_address,f7d7b6ed1c3d,0.75,HIGH,0.75,0.709,05/01/2015,06/01/2015,05/01/2015,2,5
CUST-OH-1166-8572,CUST-IN-1711-8953,SHARED_IP_ADDRESS,ip_address,f7d7b6ed1c3d,0.75,HIGH,0.75,0.711,04/01/2015,04/01/2015,04/01/2015,10,5
CUST-OH-1166-8572,CUST-OH-1918-3058,SHARED_IP_ADDRESS,ip_address,f7d7b6ed1c3d,0.75,HIGH,0.75,0.6927,03/01/2015,08/01/2015,03/01/2015,4,4
CUST-OH-1166-8572,CUST-IL-3074-3779,SHARED_IP_ADDRESS,ip_address,f7d7b6ed1c3d,0.75,HIGH,0.75,0.6582,04/01/2015,05/01/2015,04/01/2015,9,4
CUST-OH-1166-8572,CUST-IL-4374-2428,SHARED_IP_ADDRESS,ip_address,f7d7b6ed1c3d,0.75,HIGH,0.75,0.6813,07/01/2015,06/01/2015,07/01/2015,9,1
CUST-OH-1166-8572,CUST-OH-9449-8584,SHARED_IP_ADDRESS,ip_address,f7d7b6ed1c3d,0.75,HIGH,0.75,0.71,03/01/2015,01/01/2015,03/01/2015,12,4
CUST-OH-1166-8572,CUST-IL-3864-5263,SHARED_IP_ADDRESS,ip_address,f7d7b6ed1c3d,0.75,HIGH,0.75,0.645,03/01/2015,08/01/2015,03/01/2015,2,5
CUST-OH-1166-8572,CUST-OH-6262-7395,SHARED_IP_ADDRESS,ip_address,f7d7b6ed1c3d,0.75,HIGH,0.75,0.7483,02/01/2015,01/01/2015,02/01/2015,7,2
CUST-OH-1166-8572,CUST-IL-4208-7298,SHARED_IP_ADDRESS,ip_address,f7d7b6ed1c3d,0.75,HIGH,0.75,0.7426,07/01/2015,09/01/2015,07/01/2015,8,1
CUST-OH-1166-8572,CUST-IL-2501-4459,SHARED_IP_ADDRESS,ip_address,f7d7b6ed1c3d,0.75,HIGH,0.75,0.7414,01/01/2015,09/01/2015,01/01/2015,6,5
CUST-OH-1166-8572,CUST-IN-4632-4367,SHARED_IP_ADDRESS,ip_address,f7d7b6ed1c3d,0.75,HIGH,0.75,0.73,07/01/2015,07/01/2015,07/01/2015,8,3
CUST-OH-1166-8572,CUST-IN-1496-3167,SHARED_IP_ADDRESS,ip_address,f7d7b6ed1c3d,0.75,HIGH,0.75,0.6821,07/01/2015,05/01/2015,07/01/2015,3,5
CUST-OH-1166-8572,CUST-OH-7203-6259,SHARED_IP_ADDRESS,ip_address,f7d7b6ed1c3d,0.75,HIGH,0.75,0.672,09/01/2015,01/01/2015,09/01/2015,12,4
CUST-IN-1711-8953,CUST-OH-1918-3058,SHARED_IP_ADDRESS,ip_address,f7d7b6ed1c3d,0.75,HIGH,0.75,0.6387,06/01/2015,07/01/2015,06/01/2015,13,2
CUST-IN-1711-8953,CUST-IL-3074-3779,SHARED_IP_ADDRESS,ip_address,f7d7b6ed1c3d,0.75,HIGH,0.75,0.6367,08/01/2015,08/01/2015,08/01/2015,8,1
CUST-IN-1711-8953,CUST-IL-4374-2428,SHARED_IP_ADDRESS,ip_address,f7d7b6ed1c3d,0.75,HIGH,0.75,0.6076,05/01/2015,06/01/2015,05/01/2015,15,3
CUST-IN-1711-8953,CUST-OH-9449-8584,SHARED_IP_ADDRESS,ip_address,f7d7b6ed1c3d,0.75,HIGH,0.75,0.7382,07/01/2015,07/01/2015,07/01/2015,15,3
CUST-IN-1711-8953,CUST-IL-3864-5263,SHARED_IP_ADDRESS,ip_address,f7d7b6ed1c3d,0.75,HIGH,0.75,0.7224,08/01/2015,01/01/2015,08/01/2015,2,5
CUST-IN-1711-8953,CUST-OH-6262-7395,SHARED_IP_ADDRESS,ip_address,f7d7b6ed1c3d,0.75,HIGH,0.75,0.7459,01/01/2015,03/01/2015,01/01/2015,9,5
CUST-IN-1711-8953,CUST-IL-4208-7298,SHARED_IP_ADDRESS,ip_address,f7d7b6ed1c3d,0.75,HIGH,0.75,0.6773,07/01/2015,01/01/2015,07/01/2015,8,2
CUST-IN-1711-8953,CUST-IL-2501-4459,SHARED_IP_ADDRESS,ip_address,f7d7b6ed1c3d,0.75,HIGH,0.75,0.7026,08/01/2015,09/01/2015,08/01/2015,15,3
CUST-IN-1711-8953,CUST-IN-4632-4367,SHARED_IP_ADDRESS,ip_address,f7d7b6ed1c3d,0.75,HIGH,0.75,0.6374,06/01/2015,01/01/2015,06/01/2015,4,2
CUST-IN-1711-8953,CUST-IN-1496-3167,SHARED_IP_ADDRESS,ip_address,f7d7b6ed1c3d,0.75,HIGH,0.75,0.6178,02/01/2015,02/01/2015,02/01/2015,8,5
CUST-IN-1711-8953,CUST-OH-7203-6259,SHARED_IP_ADDRESS,ip_address,f7d7b6ed1c3d,0.75,HIGH,0.75,0.6145,07/01/2015,03/01/2015,07/01/2015,6,5
CUST-OH-1918-3058,CUST-IL-3074-3779,SHARED_IP_ADDRESS,ip_address,f7d7b6ed1c3d,0.75,HIGH,0.75,0.7253,02/01/2015,01/01/2015,02/01/2015,5,3
CUST-OH-1918-3058,CUST-IL-4374-2428,SHARED_IP_ADDRESS,ip_address,f7d7b6ed1c3d,0.75,HIGH,0.75,0.743,04/01/2015,03/01/2015,04/01/2015,13,2
CUST-OH-1918-3058,CUST-OH-9449-8584,SHARED_IP_ADDRESS,ip_address,f7d7b6ed1c3d,0.75,HIGH,0.75,0.6124,06/01/2015,03/01/2015,06/01/2015,10,1
CUST-OH-1918-3058,CUST-IL-3864-5263,SHARED_IP_ADDRESS,ip_address,f7d7b6ed1c3d,0.75,HIGH,0.75,0.6144,03/01/2015,02/01/2015,03/01/2015,13,2
CUST-OH-1918-3058,CUST-OH-6262-7395,SHARED_IP_ADDRESS,ip_address,f7d7b6ed1c3d,0.75,HIGH,0.75,0.7324,02/01/2015,06/01/2015,02/01/2015,7,1
CUST-OH-1918-3058,CUST-IL-4208-7298,SHARED_IP_ADDRESS,ip_address,f7d7b6ed1c3d,0.75,HIGH,0.75,0.6478,06/01/2015,05/01/2015,06/01/2015,2,4
CUST-OH-1918-3058,CUST-IL-2501-4459,SHARED_IP_ADDRESS,ip_address,f7d7b6ed1c3d,0.75,HIGH,0.75,0.6993,01/01/2015,04/01/2015,01/01/2015,2,5
CUST-OH-1918-3058,CUST-IN-4632-4367,SHARED_IP_ADDRESS,ip_address,f7d7b6ed1c3d,0.75,HIGH,0.75,0.6833,02/01/2015,01/01/2015,02/01/2015,11,1
CUST-OH-1918-3058,CUST-IN-1496-3167,SHARED_IP_ADDRESS,ip_address,f7d7b6ed1c3d,0.75,HIGH,0.75,0.6554,07/01/2015,05/01/2015,07/01/2015,7,4
CUST-OH-1918-3058,CUST-OH-7203-6259,SHARED_IP_ADDRESS,ip_address,f7d7b6ed1c3d,0.75,HIGH,0.75,0.6389,05/01/2015,05/01/2015,05/01/2015,5,4
CUST-IL-3074-3779,CUST-IL-4374-2428,SHARED_IP_ADDRESS,ip_address,f7d7b6ed1c3d,0.75,HIGH,0.75,0.6752,03/01/2015,09/01/2015,03/01/2015,9,5
CUST-IL-3074-3779,CUST-OH-9449-8584,SHARED_IP_ADDRESS,ip_address,f7d7b6ed1c3d,0.75,HIGH,0.75,0.7139,07/01/2015,01/01/2015,07/01/2015,4,1
CUST-IL-3074-3779,CUST-IL-3864-5263,SHARED_IP_ADDRESS,ip_address,f7d7b6ed1c3d,0.75,HIGH,0.75,0.7444,02/01/2015,04/01/2015,02/01/2015,5,4
CUST-IL-3074-3779,CUST-OH-6262-7395,SHARED_IP_ADDRESS,ip_address,f7d7b6ed1c3d,0.75,HIGH,0.75,0.6464,01/01/2015,03/01/2015,01/01/2015,6,4
CUST-IL-3074-3779,CUST-IL-4208-7298,SHARED_IP_ADDRESS,ip_address,f7d7b6ed1c3d,0.75,HIGH,0.75,0.7459,08/01/2015,03/01/2015,08/01/2015,8,3
CUST-IL-3074-3779,CUST-IL-2501-4459,SHARED_IP_ADDRESS,ip_address,f7d7b6ed1c3d,0.75,HIGH,0.75,0.6284,01/01/2015,06/01/2015,01/01/2015,3,2
CUST-IL-3074-3779,CUST-IN-4632-4367,SHARED_IP_ADDRESS,ip_address,f7d7b6ed1c3d,0.75,HIGH,0.75,0.639,04/01/2015,04/01/2015,04/01/2015,9,1
CUST-IL-3074-3779,CUST-IN-1496-3167,SHARED_IP_ADDRESS,ip_address,f7d7b6ed1c3d,0.75,HIGH,0.75,0.7272,04/01/2015,04/01/2015,04/01/2015,15,3
CUST-IL-3074-3779,CUST-OH-7203-6259,SHARED_IP_ADDRESS,ip_address,f7d7b6ed1c3d,0.75,HIGH,0.75,0.6018,06/01/2015,04/01/2015,06/01/2015,8,5
CUST-IL-4374-2428,CUST-OH-9449-8584,SHARED_IP_ADDRESS,ip_address,f7d7b6ed1c3d,0.75,HIGH,0.75,0.6545,01/01/2015,03/01/2015,01/01/2015,12,5
CUST-IL-4374-2428,CUST-IL-3864-5263,SHARED_IP_ADDRESS,ip_address,f7d7b6ed1c3d,0.75,HIGH,0.75,0.6486,09/01/2015,01/01/2015,09/01/2015,4,1
CUST-IL-4374-2428,CUST-OH-6262-7395,SHARED_IP_ADDRESS,ip_address,f7d7b6ed1c3d,0.75,HIGH,0.75,0.6359,05/01/2015,03/01/2015,05/01/2015,15,1
CUST-IL-4374-2428,CUST-IL-4208-7298,SHARED_IP_ADDRESS,ip_address,f7d7b6ed1c3d,0.75,HIGH,0.75,0.6619,03/01/2015,04/01/2015,03/01/2015,5,4
CUST-IL-4374-2428,CUST-IL-2501-4459,SHARED_IP_ADDRESS,ip_address,f7d7b6ed1c3d,0.75,HIGH,0.75,0.6045,05/01/2015,06/01/2015,05/01/2015,12,3
CUST-IL-4374-2428,CUST-IN-4632-4367,SHARED_IP_ADDRESS,ip_address,f7d7b6ed1c3d,0.75,HIGH,0.75,0.6482,04/01/2015,02/01/2015,04/01/2015,3,5
CUST-IL-4374-2428,CUST-IN-1496-3167,SHARED_IP_ADDRESS,ip_address,f7d7b6ed1c3d,0.75,HIGH,0.75,0.7415,02/01/2015,01/01/2015,02/01/2015,5,2
CUST-IL-4374-2428,CUST-OH-7203-6259,SHARED_IP_ADDRESS,ip_address,f7d7b6ed1c3d,0.75,HIGH,0.75,0.6911,09/01/2015,03/01/2015,09/01/2015,15,5
CUST-OH-9449-8584,CUST-IL-3864-5263,SHARED_IP_ADDRESS,ip_address,f7d7b6ed1c3d,0.75,HIGH,0.75,0.6376,04/01/2015,06/01/2015,04/01/2015,5,1
CUST-OH-9449-8584,CUST-OH-6262-7395,SHARED_IP_ADDRESS,ip_address,f7d7b6ed1c3d,0.75,HIGH,0.75,0.6873,03/01/2015,06/01/2015,03/01/2015,14,3
CUST-OH-9449-8584,CUST-IL-4208-7298,SHARED_IP_ADDRESS,ip_address,f7d7b6ed1c3d,0.75,HIGH,0.75,0.7056,05/01/2015,06/01/2015,05/01/2015,8,1
CUST-OH-9449-8584,CUST-IL-2501-4459,SHARED_IP_ADDRESS,ip_address,f7d7b6ed1c3d,0.75,HIGH,0.75,0.7295,09/01/2015,01/01/2015,09/01/2015,3,2
CUST-OH-9449-8584,CUST-IN-4632-4367,SHARED_IP_ADDRESS,ip_address,f7d7b6ed1c3d,0.75,HIGH,0.75,0.6648,05/01/2015,02/01/2015,05/01/2015,2,4
CUST-OH-9449-8584,CUST-IN-1496-3167,SHARED_IP_ADDRESS,ip_address,f7d7b6ed1c3d,0.75,HIGH,0.75,0.6222,09/01/2015,04/01/2015,09/01/2015,12,1
CUST-OH-9449-8584,CUST-OH-7203-6259,SHARED_IP_ADDRESS,ip_address,f7d7b6ed1c3d,0.75,HIGH,0.75,0.6081,02/01/2015,06/01/2015,02/01/2015,14,1
CUST-IL-3864-5263,CUST-OH-6262-7395,SHARED_IP_ADDRESS,ip_address,f7d7b6ed1c3d,0.75,HIGH,0.75,0.6088,04/01/2015,05/01/2015,04/01/2015,11,4
CUST-IL-3864-5263,CUST-IL-4208-7298,SHARED_IP_ADDRESS,ip_address,f7d7b6ed1c3d,0.75,HIGH,0.75,0.6207,01/01/2015,06/01/2015,01/01/2015,6,1
CUST-IL-3864-5263,CUST-IL-2501-4459,SHARED_IP_ADDRESS,ip_address,f7d7b6ed1c3d,0.75,HIGH,0.75,0.7322,01/01/2015,01/01/2015,01/01/2015,6,5
CUST-IL-3864-5263,CUST-IN-4632-4367,SHARED_IP_ADDRESS,ip_address,f7d7b6ed1c3d,0.75,HIGH,0.75,0.7082,05/01/2015,04/01/2015,05/01/2015,13,2
CUST-IL-3864-5263,CUST-IN-1496-3167,SHARED_IP_ADDRESS,ip_address,f7d7b6ed1c3d,0.75,HIGH,0.75,0.7215,02/01/2015,07/01/2015,02/01/2015,3,4
CUST-IL-3864-5263,CUST-OH-7203-6259,SHARED_IP_ADDRESS,ip_address,f7d7b6ed1c3d,0.75,HIGH,0.75,0.706,07/01/2015,09/01/2015,07/01/2015,8,3
CUST-OH-6262-7395,CUST-IL-4208-7298,SHARED_IP_ADDRESS,ip_address,f7d7b6ed1c3d,0.75,HIGH,0.75,0.6809,02/01/2015,09/01/2015,02/01/2015,6,1
CUST-OH-6262-7395,CUST-IL-2501-4459,SHARED_IP_ADDRESS,ip_address,f7d7b6ed1c3d,0.75,HIGH,0.75,0.6137,01/01/2015,09/01/2015,01/01/2015,4,4
CUST-OH-6262-7395,CUST-IN-4632-4367,SHARED_IP_ADDRESS,ip_address,f7d7b6ed1c3d,0.75,HIGH,0.75,0.676,06/01/2015,05/01/2015,06/01/2015,5,1
CUST-OH-6262-7395,CUST-IN-1496-3167,SHARED_IP_ADDRESS,ip_address,f7d7b6ed1c3d,0.75,HIGH,0.75,0.7381,04/01/2015,04/01/2015,04/01/2015,13,2
CUST-OH-6262-7395,CUST-OH-7203-6259,SHARED_IP_ADDRESS,ip_address,f7d7b6ed1c3d,0.75,HIGH,0.75,0.6979,01/01/2015,04/01/2015,01/01/2015,3,1
CUST-IL-4208-7298,CUST-IL-2501-4459,SHARED_IP_ADDRESS,ip_address,f7d7b6ed1c3d,0.75,HIGH,0.75,0.677,03/01/2015,04/01/2015,03/01/2015,8,5
CUST-IL-4208-7298,CUST-IN-4632-4367,SHARED_IP_ADDRESS,ip_address,f7d7b6ed1c3d,0.75,HIGH,0.75,0.6895,02/01/2015,04/01/2015,02/01/2015,7,5
CUST-IL-4208-7298,CUST-IN-1496-3167,SHARED_IP_ADDRESS,ip_address,f7d7b6ed1c3d,0.75,HIGH,0.75,0.7151,06/01/2015,03/01/2015,06/01/2015,6,1
CUST-IL-4208-7298,CUST-OH-7203-6259,SHARED_IP_ADDRESS,ip_address,f7d7b6ed1c3d,0.75,HIGH,0.75,0.7452,02/01/2015,05/01/2015,02/01/2015,15,5
CUST-IL-2501-4459,CUST-IN-4632-4367,SHARED_IP_ADDRESS,ip_address,f7d7b6ed1c3d,0.75,HIGH,0.75,0.6224,07/01/2015,04/01/2015,07/01/2015,6,1
CUST-IL-2501-4459,CUST-IN-1496-3167,SHARED_IP_ADDRESS,ip_address,f7d7b6ed1c3d,0.75,HIGH,0.75,0.7336,08/01/2015,07/01/2015,08/01/2015,3,4
CUST-IL-2501-4459,CUST-OH-7203-6259,SHARED_IP_ADDRESS,ip_address,f7d7b6ed1c3d,0.75,HIGH,0.75,0.6211,06/01/2015,03/01/2015,06/01/2015,13,2
CUST-IN-4632-4367,CUST-IN-1496-3167,SHARED_IP_ADDRESS,ip_address,f7d7b6ed1c3d,0.75,HIGH,0.75,0.6796,09/01/2015,07/01/2015,09/01/2015,5,4
CUST-IN-4632-4367,CUST-OH-7203-6259,SHARED_IP_ADDRESS,ip_address,f7d7b6ed1c3d,0.75,HIGH,0.75,0.6751,07/01/2015,03/01/2015,07/01/2015,9,2
CUST-IN-1496-3167,CUST-OH-7203-6259,SHARED_IP_ADDRESS,ip_address,f7d7b6ed1c3d,0.75,HIGH,0.75,0.6105,05/01/2015,01/01/2015,05/01/2015,4,5
CUST-OH-5215-5637,CUST-OH-6868-3386,SHARED_IP_ADDRESS,ip_address,ba1ee1c3b0f0,0.75,HIGH,0.75,0.6393,07/01/2015,09/01/2015,07/01/2015,9,2
CUST-OH-5215-5637,CUST-IL-4345-5887,SHARED_IP_ADDRESS,ip_address,ba1ee1c3b0f0,0.75,HIGH,0.75,0.6487,04/01/2015,01/01/2015,04/01/2015,9,5
CUST-OH-5215-5637,CUST-IN-5130-4054,SHARED_IP_ADDRESS,ip_address,ba1ee1c3b0f0,0.75,HIGH,0.75,0.6204,04/01/2015,06/01/2015,04/01/2015,12,4
CUST-OH-5215-5637,CUST-IL-4873-9275,SHARED_IP_ADDRESS,ip_address,ba1ee1c3b0f0,0.75,HIGH,0.75,0.6341,06/01/2015,09/01/2015,06/01/2015,8,5
CUST-OH-5215-5637,CUST-IN-9198-8508,SHARED_IP_ADDRESS,ip_address,ba1ee1c3b0f0,0.75,HIGH,0.75,0.7369,04/01/2015,04/01/2015,04/01/2015,10,2
CUST-OH-5215-5637,CUST-IL-2234-8560,SHARED_IP_ADDRESS,ip_address,ba1ee1c3b0f0,0.75,HIGH,0.75,0.6956,05/01/2015,02/01/2015,05/01/2015,7,3
CUST-OH-5215-5637,CUST-IL-7493-3885,SHARED_IP_ADDRESS,ip_address,ba1ee1c3b0f0,0.75,HIGH,0.75,0.6289,09/01/2015,03/01/2015,09/01/2015,9,3
CUST-OH-5215-5637,CUST-IL-2302-1471,SHARED_IP_ADDRESS,ip_address,ba1ee1c3b0f0,0.75,HIGH,0.75,0.6467,02/01/2015,05/01/2015,02/01/2015,8,5
CUST-OH-5215-5637,CUST-IL-7534-3133,SHARED_IP_ADDRESS,ip_address,ba1ee1c3b0f0,0.75,HIGH,0.75,0.7427,02/01/2015,05/01/2015,02/01/2015,14,3
CUST-OH-5215-5637,CUST-OH-2211-9269,SHARED_IP_ADDRESS,ip_address,ba1ee1c3b0f0,0.75,HIGH,0.75,0.6333,01/01/2015,02/01/2015,01/01/2015,2,1
CUST-OH-5215-5637,CUST-IL-7247-1214,SHARED_IP_ADDRESS,ip_address,ba1ee1c3b0f0,0.75,HIGH,0.75,0.7494,06/01/2015,03/01/2015,06/01/2015,8,1
CUST-OH-6868-3386,CUST-IL-4345-5887,SHARED_IP_ADDRESS,ip_address,ba1ee1c3b0f0,0.75,HIGH,0.75,0.6026,01/01/2015,01/01/2015,01/01/2015,15,4
CUST-OH-6868-3386,CUST-IN-5130-4054,SHARED_IP_ADDRESS,ip_address,ba1ee1c3b0f0,0.75,HIGH,0.75,0.6442,02/01/2015,08/01/2015,02/01/2015,13,2
CUST-OH-6868-3386,CUST-IL-4873-9275,SHARED_IP_ADDRESS,ip_address,ba1ee1c3b0f0,0.75,HIGH,0.75,0.6239,05/01/2015,06/01/2015,05/01/2015,5,5
CUST-OH-6868-3386,CUST-IN-9198-8508,SHARED_IP_ADDRESS,ip_address,ba1ee1c3b0f0,0.75,HIGH,0.75,0.6142,08/01/2015,07/01/2015,08/01/2015,14,5
CUST-OH-6868-3386,CUST-IL-2234-8560,SHARED_IP_ADDRESS,ip_address,ba1ee1c3b0f0,0.75,HIGH,0.75,0.7157,07/01/2015,06/01/2015,07/01/2015,6,5
CUST-OH-6868-3386,CUST-IL-7493-3885,SHARED_IP_ADDRESS,ip_address,ba1ee1c3b0f0,0.75,HIGH,0.75,0.7426,05/01/2015,03/01/2015,05/01/2015,11,3
CUST-OH-6868-3386,CUST-IL-2302-1471,SHARED_IP_ADDRESS,ip_address,ba1ee1c3b0f0,0.75,HIGH,0.75,0.6827,03/01/2015,01/01/2015,03/01/2015,6,5
CUST-OH-6868-3386,CUST-IL-7534-3133,SHARED_IP_ADDRESS,ip_address,ba1ee1c3b0f0,0.75,HIGH,0.75,0.6498,08/01/2015,02/01/2015,08/01/2015,4,2
CUST-OH-6868-3386,CUST-OH-2211-9269,SHARED_IP_ADDRESS,ip_address,ba1ee1c3b0f0,0.75,HIGH,0.75,0.6823,09/01/2015,03/01/2015,09/01/2015,11,4
CUST-OH-6868-3386,CUST-IL-7247-1214,SHARED_IP_ADDRESS,ip_address,ba1ee1c3b0f0,0.75,HIGH,0.75,0.703,07/01/2015,04/01/2015,07/01/2015,2,3
CUST-IL-4345-5887,CUST-IN-5130-4054,SHARED_IP_ADDRESS,ip_address,ba1ee1c3b0f0,0.75,HIGH,0.75,0.7407,02/01/2015,08/01/2015,02/01/2015,15,1
CUST-IL-4345-5887,CUST-IL-4873-9275,SHARED_IP_ADDRESS,ip_address,ba1ee1c3b0f0,0.75,HIGH,0.75,0.6943,06/01/2015,07/01/2015,06/01/2015,6,1
CUST-IL-4345-5887,CUST-IN-9198-8508,SHARED_IP_ADDRESS,ip_address,ba1ee1c3b0f0,0.75,HIGH,0.75,0.7179,08/01/2015,04/01/2015,08/01/2015,8,4
CUST-IL-4345-5887,CUST-IL-2234-8560,SHARED_IP_ADDRESS,ip_address,ba1ee1c3b0f0,0.75,HIGH,0.75,0.7462,04/01/2015,02/01/2015,04/01/2015,14,5
CUST-IL-4345-5887,CUST-IL-7493-3885,SHARED_IP_ADDRESS,ip_address,ba1ee1c3b0f0,0.75,HIGH,0.75,0.6519,09/01/2015,08/01/2015,09/01/2015,3,1
CUST-IL-4345-5887,CUST-IL-2302-1471,SHARED_IP_ADDRESS,ip_address,ba1ee1c3b0f0,0.75,HIGH,0.75,0.6027,06/01/2015,08/01/2015,06/01/2015,9,4
CUST-IL-4345-5887,CUST-IL-7534-3133,SHARED_IP_ADDRESS,ip_address,ba1ee1c3b0f0,0.75,HIGH,0.75,0.6998,06/01/2015,05/01/2015,06/01/2015,7,5
CUST-IL-4345-5887,CUST-OH-2211-9269,SHARED_IP_ADDRESS,ip_address,ba1ee1c3b0f0,0.75,HIGH,0.75,0.7338,02/01/2015,06/01/2015,02/01/2015,15,1
CUST-IL-4345-5887,CUST-IL-7247-1214,SHARED_IP_ADDRESS,ip_address,ba1ee1c3b0f0,0.75,HIGH,0.75,0.6172,03/01/2015,05/01/2015,03/01/2015,7,5
CUST-IN-5130-4054,CUST-IL-4873-9275,SHARED_IP_ADDRESS,ip_address,ba1ee1c3b0f0,0.75,HIGH,0.75,0.6048,09/01/2015,03/01/2015,09/01/2015,3,4
CUST-IN-5130-4054,CUST-IN-9198-8508,SHARED_IP_ADDRESS,ip_address,ba1ee1c3b0f0,0.75,HIGH,0.75,0.6697,02/01/2015,02/01/2015,02/01/2015,10,1
CUST-IN-5130-4054,CUST-IL-2234-8560,SHARED_IP_ADDRESS,ip_address,ba1ee1c3b0f0,0.75,HIGH,0.75,0.6259,08/01/2015,01/01/2015,08/01/2015,10,2
CUST-IN-5130-4054,CUST-IL-7493-3885,SHARED_IP_ADDRESS,ip_address,ba1ee1c3b0f0,0.75,HIGH,0.75,0.6083,08/01/2015,07/01/2015,08/01/2015,9,4
CUST-IN-5130-4054,CUST-IL-2302-1471,SHARED_IP_ADDRESS,ip_address,ba1ee1c3b0f0,0.75,HIGH,0.75,0.664,06/01/2015,03/01/2015,06/01/2015,2,4
CUST-IN-5130-4054,CUST-IL-7534-3133,SHARED_IP_ADDRESS,ip_address,ba1ee1c3b0f0,0.75,HIGH,0.75,0.6035,02/01/2015,05/01/2015,02/01/2015,3,4
CUST-IN-5130-4054,CUST-OH-2211-9269,SHARED_IP_ADDRESS,ip_address,ba1ee1c3b0f0,0.75,HIGH,0.75,0.6128,03/01/2015,02/01/2015,03/01/2015,15,2
CUST-IN-5130-4054,CUST-IL-7247-1214,SHARED_IP_ADDRESS,ip_address,ba1ee1c3b0f0,0.75,HIGH,0.75,0.6842,04/01/2015,04/01/2015,04/01/2015,15,1
CUST-IL-4873-9275,CUST-IN-9198-8508,SHARED_IP_ADDRESS,ip_address,ba1ee1c3b0f0,0.75,HIGH,0.75,0.6784,06/01/2015,08/01/2015,06/01/2015,9,5
CUST-IL-4873-9275,CUST-IL-2234-8560,SHARED_IP_ADDRESS,ip_address,ba1ee1c3b0f0,0.75,HIGH,0.75,0.6687,08/01/2015,06/01/2015,08/01/2015,11,1
CUST-IL-4873-9275,CUST-IL-7493-3885,SHARED_IP_ADDRESS,ip_address,ba1ee1c3b0f0,0.75,HIGH,0.75,0.6044,09/01/2015,02/01/2015,09/01/2015,11,5
CUST-IL-4873-9275,CUST-IL-2302-1471,SHARED_IP_ADDRESS,ip_address,ba1ee1c3b0f0,0.75,HIGH,0.75,0.7085,02/01/2015,03/01/2015,02/01/2015,11,2
CUST-IL-4873-9275,CUST-IL-7534-3133,SHARED_IP_ADDRESS,ip_address,ba1ee1c3b0f0,0.75,HIGH,0.75,0.7118,06/01/2015,03/01/2015,06/01/2015,5,1
CUST-IL-4873-9275,CUST-OH-2211-9269,SHARED_IP_ADDRESS,ip_address,ba1ee1c3b0f0,0.75,HIGH,0.75,0.6264,06/01/2015,07/01/2015,06/01/2015,4,2
CUST-IL-4873-9275,CUST-IL-7247-1214,SHARED_IP_ADDRESS,ip_address,ba1ee1c3b0f0,0.75,HIGH,0.75,0.7475,05/01/2015,08/01/2015,05/01/2015,6,5
CUST-IN-9198-8508,CUST-IL-2234-8560,SHARED_IP_ADDRESS,ip_address,ba1ee1c3b0f0,0.75,HIGH,0.75,0.6191,03/01/2015,02/01/2015,03/01/2015,13,1
CUST-IN-9198-8508,CUST-IL-7493-3885,SHARED_IP_ADDRESS,ip_address,ba1ee1c3b0f0,0.75,HIGH,0.75,0.7103,07/01/2015,04/01/2015,07/01/2015,4,4
CUST-IN-9198-8508,CUST-IL-2302-1471,SHARED_IP_ADDRESS,ip_address,ba1ee1c3b0f0,0.75,HIGH,0.75,0.7388,01/01/2015,02/01/2015,01/01/2015,2,1
CUST-IN-9198-8508,CUST-IL-7534-3133,SHARED_IP_ADDRESS,ip_address,ba1ee1c3b0f0,0.75,HIGH,0.75,0.6641,08/01/2015,08/01/2015,08/01/2015,4,2
CUST-IN-9198-8508,CUST-OH-2211-9269,SHARED_IP_ADDRESS,ip_address,ba1ee1c3b0f0,0.75,HIGH,0.75,0.6526,03/01/2015,06/01/2015,03/01/2015,6,4
CUST-IN-9198-8508,CUST-IL-7247-1214,SHARED_IP_ADDRESS,ip_address,ba1ee1c3b0f0,0.75,HIGH,0.75,0.6188,04/01/2015,04/01/2015,04/01/2015,10,2
CUST-IL-2234-8560,CUST-IL-7493-3885,SHARED_IP_ADDRESS,ip_address,ba1ee1c3b0f0,0.75,HIGH,0.75,0.6982,07/01/2015,07/01/2015,07/01/2015,5,3
CUST-IL-2234-8560,CUST-IL-2302-1471,SHARED_IP_ADDRESS,ip_address,ba1ee1c3b0f0,0.75,HIGH,0.75,0.6397,01/01/2015,03/01/2015,01/01/2015,9,3
CUST-IL-2234-8560,CUST-IL-7534-3133,SHARED_IP_ADDRESS,ip_address,ba1ee1c3b0f0,0.75,HIGH,0.75,0.6799,03/01/2015,07/01/2015,03/01/2015,6,3
CUST-IL-2234-8560,CUST-OH-2211-9269,SHARED_IP_ADDRESS,ip_address,ba1ee1c3b0f0,0.75,HIGH,0.75,0.6561,05/01/2015,05/01/2015,05/01/2015,6,2
CUST-IL-2234-8560,CUST-IL-7247-1214,SHARED_IP_ADDRESS,ip_address,ba1ee1c3b0f0,0.75,HIGH,0.75,0.6747,05/01/2015,08/01/2015,05/01/2015,14,3
CUST-IL-7493-3885,CUST-IL-2302-1471,SHARED_IP_ADDRESS,ip_address,ba1ee1c3b0f0,0.75,HIGH,0.75,0.6644,07/01/2015,06/01/2015,07/01/2015,6,5
CUST-IL-7493-3885,CUST-IL-7534-3133,SHARED_IP_ADDRESS,ip_address,ba1ee1c3b0f0,0.75,HIGH,0.75,0.7127,06/01/2015,03/01/2015,06/01/2015,3,4
CUST-IL-7493-3885,CUST-OH-2211-9269,SHARED_IP_ADDRESS,ip_address,ba1ee1c3b0f0,0.75,HIGH,0.75,0.6337,05/01/2015,09/01/2015,05/01/2015,14,2
CUST-IL-7493-3885,CUST-IL-7247-1214,SHARED_IP_ADDRESS,ip_address,ba1ee1c3b0f0,0.75,HIGH,0.75,0.7222,07/01/2015,07/01/2015,07/01/2015,9,3
CUST-IL-2302-1471,CUST-IL-7534-3133,SHARED_IP_ADDRESS,ip_address,ba1ee1c3b0f0,0.75,HIGH,0.75,0.7337,08/01/2015,05/01/2015,08/01/2015,4,3
CUST-IL-2302-1471,CUST-OH-2211-9269,SHARED_IP_ADDRESS,ip_address,ba1ee1c3b0f0,0.75,HIGH,0.75,0.737,08/01/2015,07/01/2015,08/01/2015,5,5
CUST-IL-2302-1471,CUST-IL-7247-1214,SHARED_IP_ADDRESS,ip_address,ba1ee1c3b0f0,0.75,HIGH,0.75,0.7131,03/01/2015,02/01/2015,03/01/2015,6,4
CUST-IL-7534-3133,CUST-OH-2211-9269,SHARED_IP_ADDRESS,ip_address,ba1ee1c3b0f0,0.75,HIGH,0.75,0.6468,01/01/2015,03/01/2015,01/01/2015,7,1
CUST-IL-7534-3133,CUST-IL-7247-1214,SHARED_IP_ADDRESS,ip_address,ba1ee1c3b0f0,0.75,HIGH,0.75,0.7088,06/01/2015,01/01/2015,06/01/2015,8,1
CUST-OH-2211-9269,CUST-IL-7247-1214,SHARED_IP_ADDRESS,ip_address,ba1ee1c3b0f0,0.75,HIGH,0.75,0.7456,02/01/2015,07/01/2015,02/01/2015,14,2
CUST-IN-3428-3984,CUST-IL-2001-8912,SHARED_IP_ADDRESS,ip_address,2a39f1eedcd9,0.75,HIGH,0.75,0.6458,08/01/2015,02/01/2015,08/01/2015,7,1
CUST-IN-3428-3984,CUST-IL-5933-4424,SHARED_IP_ADDRESS,ip_address,2a39f1eedcd9,0.75,HIGH,0.75,0.6267,02/01/2015,08/01/2015,02/01/2015,14,3
CUST-IN-3428-3984,CUST-OH-7869-4038,SHARED_IP_ADDRESS,ip_address,2a39f1eedcd9,0.75,HIGH,0.75,0.6216,01/01/2015,04/01/2015,01/01/2015,5,2
CUST-IN-3428-3984,CUST-OH-1494-5407,SHARED_IP_ADDRESS,ip_address,2a39f1eedcd9,0.75,HIGH,0.75,0.666,08/01/2015,01/01/2015,08/01/2015,10,3
CUST-IN-3428-3984,CUST-IN-1672-1401,SHARED_IP_ADDRESS,ip_address,2a39f1eedcd9,0.75,HIGH,0.75,0.7481,04/01/2015,01/01/2015,04/01/2015,15,2
CUST-IN-3428-3984,CUST-OH-9434-7330,SHARED_IP_ADDRESS,ip_address,2a39f1eedcd9,0.75,HIGH,0.75,0.7278,01/01/2015,03/01/2015,01/01/2015,8,3
CUST-IN-3428-3984,CUST-OH-7775-5876,SHARED_IP_ADDRESS,ip_address,2a39f1eedcd9,0.75,HIGH,0.75,0.645,09/01/2015,09/01/2015,09/01/2015,11,2
CUST-IN-3428-3984,CUST-IL-4209-6347,SHARED_IP_ADDRESS,ip_address,2a39f1eedcd9,0.75,HIGH,0.75,0.7238,08/01/2015,05/01/2015,08/01/2015,6,4
CUST-IL-2001-8912,CUST-IL-5933-4424,SHARED_IP_ADDRESS,ip_address,2a39f1eedcd9,0.75,HIGH,0.75,0.6038,02/01/2015,06/01/2015,02/01/2015,9,5
CUST-IL-2001-8912,CUST-OH-7869-4038,SHARED_IP_ADDRESS,ip_address,2a39f1eedcd9,0.75,HIGH,0.75,0.6933,06/01/2015,03/01/2015,06/01/2015,11,1
CUST-IL-2001-8912,CUST-OH-1494-5407,SHARED_IP_ADDRESS,ip_address,2a39f1eedcd9,0.75,HIGH,0.75,0.6499,07/01/2015,05/01/2015,07/01/2015,14,5
CUST-IL-2001-8912,CUST-IN-1672-1401,SHARED_IP_ADDRESS,ip_address,2a39f1eedcd9,0.75,HIGH,0.75,0.601,05/01/2015,01/01/2015,05/01/2015,2,1
CUST-IL-2001-8912,CUST-OH-9434-7330,SHARED_IP_ADDRESS,ip_address,2a39f1eedcd9,0.75,HIGH,0.75,0.6749,08/01/2015,04/01/2015,08/01/2015,4,2
CUST-IL-2001-8912,CUST-OH-7775-5876,SHARED_IP_ADDRESS,ip_address,2a39f1eedcd9,0.75,HIGH,0.75,0.7115,09/01/2015,03/01/2015,09/01/2015,7,2
CUST-IL-2001-8912,CUST-IL-4209-6347,SHARED_IP_ADDRESS,ip_address,2a39f1eedcd9,0.75,HIGH,0.75,0.6939,04/01/2015,02/01/2015,04/01/2015,15,4
CUST-IL-5933-4424,CUST-OH-7869-4038,SHARED_IP_ADDRESS,ip_address,2a39f1eedcd9,0.75,HIGH,0.75,0.6307,08/01/2015,02/01/2015,08/01/2015,6,3
CUST-IL-5933-4424,CUST-OH-1494-5407,SHARED_IP_ADDRESS,ip_address,2a39f1eedcd9,0.75,HIGH,0.75,0.7098,01/01/2015,06/01/2015,01/01/2015,14,2
CUST-IL-5933-4424,CUST-IN-1672-1401,SHARED_IP_ADDRESS,ip_address,2a39f1eedcd9,0.75,HIGH,0.75,0.6738,04/01/2015,04/01/2015,04/01/2015,10,1
CUST-IL-5933-4424,CUST-OH-9434-7330,SHARED_IP_ADDRESS,ip_address,2a39f1eedcd9,0.75,HIGH,0.75,0.6223,02/01/2015,06/01/2015,02/01/2015,7,2
CUST-IL-5933-4424,CUST-OH-7775-5876,SHARED_IP_ADDRESS,ip_address,2a39f1eedcd9,0.75,HIGH,0.75,0.6352,08/01/2015,06/01/2015,08/01/2015,13,5
CUST-IL-5933-4424,CUST-IL-4209-6347,SHARED_IP_ADDRESS,ip_address,2a39f1eedcd9,0.75,HIGH,0.75,0.6838,06/01/2015,01/01/2015,06/01/2015,5,3
CUST-OH-7869-4038,CUST-OH-1494-5407,SHARED_IP_ADDRESS,ip_address,2a39f1eedcd9,0.75,HIGH,0.75,0.6633,05/01/2015,06/01/2015,05/01/2015,8,5
CUST-OH-7869-4038,CUST-IN-1672-1401,SHARED_IP_ADDRESS,ip_address,2a39f1eedcd9,0.75,HIGH,0.75,0.6737,04/01/2015,02/01/2015,04/01/2015,15,4
CUST-OH-7869-4038,CUST-OH-9434-7330,SHARED_IP_ADDRESS,ip_address,2a39f1eedcd9,0.75,HIGH,0.75,0.6615,09/01/2015,05/01/2015,09/01/2015,14,4
CUST-OH-7869-4038,CUST-OH-7775-5876,SHARED_IP_ADDRESS,ip_address,2a39f1eedcd9,0.75,HIGH,0.75,0.6254,01/01/2015,04/01/2015,01/01/2015,4,1
CUST-OH-7869-4038,CUST-IL-4209-6347,SHARED_IP_ADDRESS,ip_address,2a39f1eedcd9,0.75,HIGH,0.75,0.741,03/01/2015,03/01/2015,03/01/2015,8,2
CUST-OH-1494-5407,CUST-IN-1672-1401,SHARED_IP_ADDRESS,ip_address,2a39f1eedcd9,0.75,HIGH,0.75,0.7135,08/01/2015,02/01/2015,08/01/2015,10,5
CUST-OH-1494-5407,CUST-OH-9434-7330,SHARED_IP_ADDRESS,ip_address,2a39f1eedcd9,0.75,HIGH,0.75,0.7124,05/01/2015,02/01/2015,05/01/2015,11,4
CUST-OH-1494-5407,CUST-OH-7775-5876,SHARED_IP_ADDRESS,ip_address,2a39f1eedcd9,0.75,HIGH,0.75,0.6189,02/01/2015,05/01/2015,02/01/2015,2,4
CUST-OH-1494-5407,CUST-IL-4209-6347,SHARED_IP_ADDRESS,ip_address,2a39f1eedcd9,0.75,HIGH,0.75,0.6688,05/01/2015,04/01/2015,05/01/2015,6,1
CUST-IN-1672-1401,CUST-OH-9434-7330,SHARED_IP_ADDRESS,ip_address,2a39f1eedcd9,0.75,HIGH,0.75,0.7429,09/01/2015,01/01/2015,09/01/2015,13,2
CUST-IN-1672-1401,CUST-OH-7775-5876,SHARED_IP_ADDRESS,ip_address,2a39f1eedcd9,0.75,HIGH,0.75,0.6591,06/01/2015,09/01/2015,06/01/2015,9,3
CUST-IN-1672-1401,CUST-IL-4209-6347,SHARED_IP_ADDRESS,ip_address,2a39f1eedcd9,0.75,HIGH,0.75,0.748,08/01/2015,08/01/2015,08/01/2015,4,2
CUST-OH-9434-7330,CUST-OH-7775-5876,SHARED_IP_ADDRESS,ip_address,2a39f1eedcd9,0.75,HIGH,0.75,0.6764,03/01/2015,08/01/2015,03/01/2015,5,4
CUST-OH-9434-7330,CUST-IL-4209-6347,SHARED_IP_ADDRESS,ip_address,2a39f1eedcd9,0.75,HIGH,0.75,0.7271,07/01/2015,08/01/2015,07/01/2015,10,3
CUST-OH-7775-5876,CUST-IL-4209-6347,SHARED_IP_ADDRESS,ip_address,2a39f1eedcd9,0.75,HIGH,0.75,0.7055,01/01/2015,03/01/2015,01/01/2015,8,2
CUST-IN-7296-9369,CUST-OH-8158-8927,SHARED_IP_ADDRESS,ip_address,79e074231abe,0.75,HIGH,0.75,0.6581,03/01/2015,05/01/2015,03/01/2015,13,3
CUST-IL-1408-7229,CUST-IN-8656-1092,SHARED_IP_ADDRESS,ip_address,74c768e8a60d,0.75,HIGH,0.75,0.6527,03/01/2015,08/01/2015,03/01/2015,13,1
CUST-OH-4853-1424,CUST-IN-7394-3379,SHARED_IP_ADDRESS,ip_address,1a220aaea898,0.75,HIGH,0.75,0.7048,06/01/2015,03/01/2015,06/01/2015,6,3
CUST-OH-5316-5072,CUST-OH-7573-7043,SHARED_IP_ADDRESS,ip_address,a155a1949cf6,0.75,HIGH,0.75,0.66,05/01/2015,06/01/2015,05/01/2015,3,3
CUST-IL-1277-4693,CUST-IN-3902-6158,SHARED_IP_ADDRESS,ip_address,222a2389de9d,0.75,HIGH,0.75,0.6229,07/01/2015,05/01/2015,07/01/2015,12,2
CUST-IL-2854-7788,CUST-IL-8900-9869,SHARED_IP_ADDRESS,ip_address,d783d20e1b77,0.75,HIGH,0.75,0.6195,09/01/2015,03/01/2015,09/01/2015,2,4
CUST-OH-7995-9868,CUST-IN-3846-2535,SHARED_IP_ADDRESS,ip_address,2c6e699d157a,0.75,HIGH,0.75,0.7475,07/01/2015,03/01/2015,07/01/2015,2,3
CUST-IL-2750-9374,CUST-IN-4219-4495,SHARED_IP_ADDRESS,ip_address,4d7937dc0544,0.75,HIGH,0.75,0.7435,03/01/2015,02/01/2015,03/01/2015,11,5
