:ID,family_name,state,anchor_member,member_count,:LABEL,total_claims,total_claim_value,avg_risk_score,fraud_member_count,combined_annual_premium,active_policies,fraud_member_pct,family_risk_band,fraud_ring_flag,claims_per_member,avg_claim_value,shared_contact_overlap_score,external_connections_count,cross_family_claims_count,ring_suspicion_score
FAM-ADAM-IL-0001,Adams,IL,Donald N. Adams,2,FamilyUnit,2,135480,86.5,0,1965.19,2,0.0,HIGH,NO,1.0,67740.0,0.26,11,5,0.28
FAM-ADAM-IN-0002,Adams,IN,Larry T. Adams,2,FamilyUnit,2,93200,99.5,1,2539.69,2,50.0,HIGH,YES,1.0,46600.0,0.83,20,0,0.7
FAM-ADAM-OH-0003,Adams,OH,Paul E. Adams,1,FamilyUnit,1,69400,87.0,0,1391.63,1,0.0,HIGH,NO,1.0,69400.0,0.31,0,1,0.29
FAM-ALLE-IL-0004,Allen,IL,Anthony S. Allen,7,FamilyUnit,7,484700,52.57142857142857,0,8394.63,7,0.0,MEDIUM,NO,1.0,69242.86,0.69,4,0,0.41
FAM-ALLE-IN-0005,Allen,IN,Pamela C. Allen,1,FamilyUnit,1,56430,30.0,0,1082.49,1,0.0,LOW,NO,1.0,56430.0,0.21,19,5,0.26
FAM-ALLE-OH-0006,Allen,OH,Brenda P. Allen,5,FamilyUnit,5,142290,46.8,1,6102.18,5,20.0,MEDIUM,NO,1.0,28458.0,0.04,0,5,0.31
FAM-ANDE-IL-0007,Anderson,IL,Nancy G. Anderson,7,FamilyUnit,7,396160,76.0,4,9321.93,7,57.1,HIGH,YES,1.0,56594.29,0.34,11,4,0.59
FAM-ANDE-IN-0008,Anderson,IN,Christopher F. Anderson,1,FamilyUnit,1,65800,43.0,0,1386.93,1,0.0,MEDIUM,NO,1.0,65800.0,0.5,8,2,0.35
FAM-ANDE-OH-0009,Anderson,OH,Samantha F. Anderson,6,FamilyUnit,6,409800,82.83333333333333,4,7261.05,6,66.7,HIGH,YES,1.0,68300.0,0.55,20,2,0.7
FAM-BAIL-IL-0010,Bailey,IL,Alexander N. Bailey,3,FamilyUnit,3,152710,36.333333333333336,0,3836.47,3,0.0,LOW,NO,1.0,50903.33,0.73,18,4,0.42
FAM-BAIL-IN-0011,Bailey,IN,Mary M. Bailey,2,FamilyUnit,2,136380,78.5,2,2341.03,2,100.0,HIGH,YES,1.0,68190.0,0.54,2,5,0.86
FAM-BAIL-OH-0012,Bailey,OH,James C. Bailey,2,FamilyUnit,2,8580,93.0,0,2413.1800000000003,2,0.0,HIGH,NO,1.0,4290.0,0.94,13,4,0.48
FAM-BAKE-IL-0013,Baker,IL,Carolyn L. Baker,2,FamilyUnit,2,131030,88.5,1,2457.28,2,50.0,HIGH,YES,1.0,65515.0,0.65,11,5,0.65
FAM-BAKE-IN-0014,Baker,IN,Kenneth L. Baker,2,FamilyUnit,2,122100,35.0,0,2791.91,2,0.0,LOW,NO,1.0,61050.0,0.25,0,1,0.28
FAM-BAKE-OH-0015,Baker,OH,Jerry S. Baker,3,FamilyUnit,3,148250,40.0,0,4290.81,3,0.0,MEDIUM,NO,1.0,49416.67,0.48,15,1,0.34
FAM-BELL-IL-0016,Bell,IL,Thomas A. Bell,1,FamilyUnit,1,51400,57.0,0,809.11,1,0.0,MEDIUM,NO,1.0,51400.0,0.18,15,1,0.25
FAM-BELL-IN-0017,Bell,IN,Gregory A. Bell,5,FamilyUnit,5,248870,57.8,1,5758.49,5,20.0,MEDIUM,NO,1.0,49774.0,0.96,3,4,0.59
FAM-BELL-OH-0018,Bell,OH,Jerry C. Bell,3,FamilyUnit,3,204930,38.66666666666666,0,4642.49,3,0.0,LOW,NO,1.0,68310.0,0.59,19,1,0.38
FAM-BROO-IL-0019,Brooks,IL,Steven J. Brooks,5,FamilyUnit,5,243450,20.8,0,6412.52,5,0.0,LOW,NO,1.0,48690.0,0.84,11,2,0.45
FAM-BROO-IN-0020,Brooks,IN,Nicholas B. Brooks,4,FamilyUnit,4,147990,44.75,2,5625.2,4,50.0,MEDIUM,YES,1.0,36997.5,0.06,2,2,0.47
FAM-BROO-OH-0021,Brooks,OH,Donald D. Brooks,5,FamilyUnit,5,206500,48.2,0,5773.469999999999,5,0.0,MEDIUM,NO,1.0,41300.0,0.35,20,2,0.3
FAM-BROW-IL-0022,Brown,IL,Dennis A. Brown,2,FamilyUnit,2,92260,63.5,1,2453.23,2,50.0,MEDIUM,YES,1.0,46130.0,0.83,19,2,0.7
FAM-BROW-IN-0023,Brown,IN,Carol W. Brown,5,FamilyUnit,5,221860,58.4,0,6945.26,5,0.0,MEDIUM,NO,1.0,44372.0,0.36,17,3,0.31
FAM-BROW-OH-0024,Brown,OH,Linda D. Brown,5,FamilyUnit,5,235000,59.4,0,6507.4400000000005,5,0.0,MEDIUM,NO,1.0,47000.0,1.0,9,3,0.5
FAM-CAMP-IL-0025,Campbell,IL,Dorothy T. Campbell,6,FamilyUnit,6,231670,71.83333333333333,0,7447.26,6,0.0,MEDIUM,NO,1.0,38611.67,0.25,10,5,0.28
FAM-CAMP-IN-0026,Campbell,IN,Barbara M. Campbell,4,FamilyUnit,4,158070,45.25,1,5861.46,4,25.0,MEDIUM,NO,1.0,39517.5,0.63,14,2,0.51
FAM-CAMP-OH-0027,Campbell,OH,Rachel J. Campbell,7,FamilyUnit,7,130590,50.57142857142857,0,9684.5,7,0.0,MEDIUM,NO,1.0,18655.71,0.16,17,0,0.25
FAM-CART-IL-0028,Carter,IL,Deborah J. Carter,2,FamilyUnit,2,154240,51.0,0,2882.19,2,0.0,MEDIUM,NO,1.0,77120.0,0.84,6,2,0.45
FAM-CART-IN-0029,Carter,IN,Angela B. Carter,2,FamilyUnit,2,155290,51.5,1,2854.25,2,50.0,MEDIUM,YES,1.0,77645.0,1.0,4,2,0.75
FAM-CART-OH-0030,Carter,OH,James L. Carter,3,FamilyUnit,3,138970,56.333333333333336,1,4206.5,3,33.3,MEDIUM,NO,1.0,46323.33,0.5,1,4,0.52
FAM-CLAR-IL-0031,Clark,IL,Christopher J. Clark,2,FamilyUnit,2,65300,53.5,1,1745.55,2,50.0,MEDIUM,YES,1.0,32650.0,0.99,13,2,0.75
FAM-CLAR-IN-0032,Clark,IN,Richard K. Clark,5,FamilyUnit,5,141970,48.8,0,6534.53,5,0.0,MEDIUM,NO,1.0,28394.0,0.8,9,2,0.44
FAM-CLAR-OH-0033,Clark,OH,Sharon N. Clark,9,FamilyUnit,9,371370,69.44444444444444,3,11929.57,9,33.3,MEDIUM,NO,1.0,41263.33,0.82,3,1,0.61
FAM-COLL-IL-0034,Collins,IL,Gregory W. Collins,6,FamilyUnit,6,214740,62.333333333333336,1,8051.21,6,16.7,MEDIUM,NO,1.0,35790.0,0.24,8,2,0.36
FAM-COLL-IN-0035,Collins,IN,Linda C. Collins,3,FamilyUnit,3,128270,66.66666666666667,1,3319.02,3,33.3,MEDIUM,NO,1.0,42756.67,0.57,3,4,0.54
FAM-COLL-OH-0036,Collins,OH,George H. Collins,4,FamilyUnit,4,182370,76.25,1,5134.96,4,25.0,HIGH,NO,1.0,45592.5,0.33,2,1,0.42
FAM-COOK-IL-0037,Cook,IL,Joseph L. Cook,6,FamilyUnit,6,301010,56.0,3,7442.02,6,50.0,MEDIUM,YES,1.0,50168.33,0.6,12,3,0.63
FAM-COOK-IN-0038,Cook,IN,Mark G. Cook,1,FamilyUnit,1,59730,39.0,0,1307.11,1,0.0,LOW,NO,1.0,59730.0,0.39,4,5,0.32
FAM-COOK-OH-0039,Cook,OH,Gary M. Cook,4,FamilyUnit,4,191360,48.5,2,4484.55,4,50.0,MEDIUM,YES,1.0,47840.0,0.77,1,4,0.68
FAM-COOP-IL-0040,Cooper,IL,William B. Cooper,4,FamilyUnit,4,166450,75.0,2,4611.84,4,50.0,HIGH,YES,1.0,41612.5,0.26,11,4,0.53
FAM-COOP-IN-0041,Cooper,IN,Lisa P. Cooper,6,FamilyUnit,6,337080,47.833333333333336,2,7836.77,6,33.3,MEDIUM,NO,1.0,56180.0,0.16,0,2,0.41
FAM-COOP-OH-0042,Cooper,OH,Kenneth D. Cooper,6,FamilyUnit,6,277130,50.0,1,6857.51,6,16.7,MEDIUM,NO,1.0,46188.33,0.64,6,4,0.48
FAM-COX-IL-0043,Cox,IL,Larry L. Cox,2,FamilyUnit,2,134790,83.5,1,3166.91,2,50.0,HIGH,YES,1.0,67395.0,0.61,0,0,0.63
FAM-COX-IN-0044,Cox,IN,Joseph R. Cox,4,FamilyUnit,4,202470,65.5,1,4843.06,4,25.0,MEDIUM,NO,1.0,50617.5,0.83,1,3,0.57
FAM-COX-OH-0045,Cox,OH,Dorothy R. Cox,3,FamilyUnit,3,71000,71.33333333333333,0,4263.97,3,0.0,MEDIUM,NO,1.0,23666.67,0.5,3,2,0.35
FAM-DAVI-IL-0046,Davis,IL,Ryan L. Davis,5,FamilyUnit,5,153300,39.8,0,5937.57,5,0.0,LOW,NO,1.0,30660.0,0.35,4,4,0.3
FAM-DAVI-IN-0047,Davis,IN,Anna J. Davis,5,FamilyUnit,5,357650,37.8,1,6030.5,5,20.0,LOW,NO,1.0,71530.0,0.51,6,3,0.45
FAM-DAVI-OH-0048,Davis,OH,Rachel B. Davis,3,FamilyUnit,3,150080,58.333333333333336,2,3397.19,3,66.7,MEDIUM,YES,1.0,50026.67,0.57,16,1,0.7
FAM-EDWA-IL-0049,Edwards,IL,Sandra F. Edwards,3,FamilyUnit,3,183030,36.66666666666666,0,3916.37,3,0.0,LOW,NO,1.0,61010.0,0.87,12,3,0.46
FAM-EDWA-IN-0050,Edwards,IN,Christine D. Edwards,5,FamilyUnit,5,200920,39.8,1,6322.79,5,20.0,LOW,NO,1.0,40184.0,0.53,0,4,0.46
FAM-EDWA-OH-0051,Edwards,OH,Mark N. Edwards,3,FamilyUnit,3,143970,76.0,2,4538.99,3,66.7,HIGH,YES,1.0,47990.0,0.9,12,2,0.8
FAM-EVAN-IL-0052,Evans,IL,Stephanie T. Evans,4,FamilyUnit,4,206910,24.75,1,5393.23,4,25.0,LOW,NO,1.0,51727.5,0.58,4,1,0.5
FAM-EVAN-IN-0053,Evans,IN,Paul C. Evans,4,FamilyUnit,4,174760,58.75,1,5134.82,4,25.0,MEDIUM,NO,1.0,43690.0,0.77,14,4,0.56
FAM-EVAN-OH-0054,Evans,OH,Karen L. Evans,2,FamilyUnit,2,128790,86.0,1,2138.65,2,50.0,HIGH,YES,1.0,64395.0,0.2,3,3,0.51
FAM-FLOR-IL-0055,Flores,IL,Anna J. Flores,3,FamilyUnit,3,213390,51.333333333333336,1,3212.45,3,33.3,MEDIUM,NO,1.0,71130.0,0.71,9,3,0.58
FAM-FLOR-IN-0056,Flores,IN,Joshua H. Flores,4,FamilyUnit,4,156000,73.5,1,4279.67,4,25.0,MEDIUM,NO,1.0,39000.0,0.52,7,2,0.48
FAM-FLOR-OH-0057,Flores,OH,Emily S. Flores,5,FamilyUnit,5,187620,58.0,2,6376.73,5,40.0,MEDIUM,NO,1.0,37524.0,0.45,20,3,0.54
FAM-GARC-IL-0058,Garcia,IL,Patrick H. Garcia,2,FamilyUnit,2,114630,92.5,0,2394.38,2,0.0,HIGH,NO,1.0,57315.0,0.11,10,0,0.23
FAM-GARC-IN-0059,Garcia,IN,Janet F. Garcia,6,FamilyUnit,6,263230,56.333333333333336,0,7162.15,6,0.0,MEDIUM,NO,1.0,43871.67,0.59,1,5,0.38
FAM-GARC-OH-0060,Garcia,OH,Cynthia N. Garcia,4,FamilyUnit,4,291180,41.75,1,5164.38,4,25.0,MEDIUM,NO,1.0,72795.0,0.48,5,3,0.47
FAM-GONZ-IL-0061,Gonzalez,IL,Sandra N. Gonzalez,5,FamilyUnit,5,242280,50.2,2,6489.97,5,40.0,MEDIUM,NO,1.0,48456.0,0.54,17,2,0.56
FAM-GONZ-IN-0062,Gonzalez,IN,Brandon B. Gonzalez,8,FamilyUnit,8,443450,68.5,1,10568.45,8,12.5,MEDIUM,NO,1.0,55431.25,0.22,17,1,0.33
FAM-GONZ-OH-0063,Gonzalez,OH,Deborah H. Gonzalez,5,FamilyUnit,5,265740,76.0,1,5690.79,5,20.0,HIGH,NO,1.0,53148.0,0.73,11,2,0.52
FAM-GRAY-IL-0064,Gray,IL,Heather K. Gray,6,FamilyUnit,6,252420,45.5,0,8385.18,6,0.0,MEDIUM,NO,1.0,42070.0,0.4,0,1,0.32
FAM-GRAY-IN-0065,Gray,IN,James C. Gray,3,FamilyUnit,3,167730,78.0,2,2827.81,3,66.7,HIGH,YES,1.0,55910.0,0.28,15,1,0.62
FAM-GRAY-OH-0066,Gray,OH,Christine F. Gray,5,FamilyUnit,5,145670,48.0,1,6058.33,5,20.0,MEDIUM,NO,1.0,29134.0,0.78,14,5,0.53
FAM-GREE-IL-0067,Green,IL,Jeffrey B. Green,6,FamilyUnit,6,348230,63.5,0,7523.79,6,0.0,MEDIUM,NO,1.0,58038.33,0.42,12,2,0.33
FAM-GREE-IN-0068,Green,IN,Thomas S. Green,8,FamilyUnit,8,350650,64.75,3,10867.65,8,37.5,MEDIUM,NO,1.0,43831.25,0.98,13,4,0.68
FAM-GREE-OH-0069,Green,OH,Nancy G. Green,5,FamilyUnit,5,309780,58.4,2,7163.07,5,40.0,MEDIUM,NO,1.0,61956.0,0.6,20,4,0.58
FAM-HALL-IL-0070,Hall,IL,Stephanie W. Hall,8,FamilyUnit,8,447260,36.0,1,9700.09,8,12.5,LOW,NO,1.0,55907.5,0.61,2,1,0.45
FAM-HALL-IN-0071,Hall,IN,Samuel G. Hall,4,FamilyUnit,4,225940,64.0,1,5356.78,4,25.0,MEDIUM,NO,1.0,56485.0,0.37,20,1,0.44
FAM-HALL-OH-0072,Hall,OH,Janet K. Hall,3,FamilyUnit,3,171220,38.333333333333336,1,3718.9,3,33.3,LOW,NO,1.0,57073.33,0.87,14,4,0.63
FAM-HARR-IL-0073,Harris,IL,Ronald E. Harris,3,FamilyUnit,3,183050,41.0,0,3369.51,3,0.0,MEDIUM,NO,1.0,61016.67,0.29,19,3,0.29
FAM-HARR-IN-0074,Harris,IN,Pamela P. Harris,3,FamilyUnit,3,166120,74.0,1,3596.82,3,33.3,MEDIUM,NO,1.0,55373.33,0.85,9,0,0.62
FAM-HARR-OH-0075,Harris,OH,Donna H. Harris,6,FamilyUnit,6,338140,67.5,2,8192.93,6,33.3,MEDIUM,NO,1.0,56356.67,0.52,11,1,0.52
FAM-HERN-IL-0076,Hernandez,IL,Stephanie H. Hernandez,1,FamilyUnit,1,68400,36.0,0,873.64,1,0.0,LOW,NO,1.0,68400.0,0.6,10,4,0.38
FAM-HERN-IN-0077,Hernandez,IN,Sarah J. Hernandez,4,FamilyUnit,4,178810,72.25,1,5378.05,4,25.0,MEDIUM,NO,1.0,44702.5,0.95,1,0,0.61
FAM-HERN-OH-0078,Hernandez,OH,Nancy A. Hernandez,1,FamilyUnit,1,114920,56.0,0,1137.16,1,0.0,MEDIUM,NO,1.0,114920.0,0.09,13,1,0.23
FAM-HILL-IL-0079,Hill,IL,Steven S. Hill,6,FamilyUnit,6,269660,54.5,1,7437.68,6,16.7,MEDIUM,NO,1.0,44943.33,0.84,10,5,0.54
FAM-HILL-IN-0080,Hill,IN,Joseph J. Hill,2,FamilyUnit,2,79290,55.5,0,2243.13,2,0.0,MEDIUM,NO,1.0,39645.0,0.41,18,2,0.32
FAM-HILL-OH-0081,Hill,OH,David C. Hill,8,FamilyUnit,8,578590,69.875,3,10538.67,8,37.5,MEDIUM,NO,1.0,72323.75,0.96,10,2,0.68
FAM-HOWA-IL-0082,Howard,IL,Kevin F. Howard,4,FamilyUnit,4,212850,57.25,1,4465.24,4,25.0,MEDIUM,NO,1.0,53212.5,0.77,3,3,0.56
FAM-HOWA-IN-0083,Howard,IN,Kimberly H. Howard,4,FamilyUnit,4,184620,48.25,0,5455.9,4,0.0,MEDIUM,NO,1.0,46155.0,0.49,6,5,0.35
FAM-HOWA-OH-0084,Howard,OH,Janet B. Howard,6,FamilyUnit,6,334380,53.333333333333336,2,7047.75,6,33.3,MEDIUM,NO,1.0,55730.0,0.35,16,5,0.47
FAM-JACK-IL-0085,Jackson,IL,Catherine J. Jackson,4,FamilyUnit,4,204380,45.5,0,5414.44,4,0.0,MEDIUM,NO,1.0,51095.0,0.11,2,1,0.23
FAM-JACK-IN-0086,Jackson,IN,Raymond W. Jackson,7,FamilyUnit,7,361780,55.57142857142857,3,8269.18,7,42.9,MEDIUM,NO,1.0,51682.86,0.44,9,0,0.55
FAM-JACK-OH-0087,Jackson,OH,Kevin C. Jackson,1,FamilyUnit,1,62800,82.0,1,1273.7,1,100.0,HIGH,YES,1.0,62800.0,0.54,6,5,0.86
FAM-JAME-IL-0088,James,IL,Nancy F. James,8,FamilyUnit,8,592740,59.625,1,10660.49,8,12.5,MEDIUM,NO,1.0,74092.5,0.69,6,5,0.47
FAM-JAME-IN-0089,James,IN,Emily S. James,4,FamilyUnit,4,262840,56.5,0,4129.09,4,0.0,MEDIUM,NO,1.0,65710.0,0.88,8,0,0.46
FAM-JAME-OH-0090,James,OH,Sarah R. James,8,FamilyUnit,8,434670,55.0,3,10724.65,8,37.5,MEDIUM,NO,1.0,54333.75,0.2,3,4,0.45
FAM-JOHN-IL-0091,Johnson,IL,Jack G. Johnson,2,FamilyUnit,2,106890,84.0,0,2713.6800000000003,2,0.0,HIGH,NO,1.0,53445.0,0.37,7,2,0.31
FAM-JOHN-IN-0092,Johnson,IN,William H. Johnson,4,FamilyUnit,4,231490,41.75,1,5366.63,4,25.0,MEDIUM,NO,1.0,57872.5,0.56,12,2,0.49
FAM-JOHN-OH-0093,Johnson,OH,Robert T. Johnson,3,FamilyUnit,3,172390,71.33333333333333,0,3952.3,3,0.0,MEDIUM,NO,1.0,57463.33,0.66,7,2,0.4
FAM-JONE-IL-0094,Jones,IL,Eric M. Jones,4,FamilyUnit,4,172520,69.5,1,5302.77,4,25.0,MEDIUM,NO,1.0,43130.0,0.06,0,3,0.34
FAM-JONE-IN-0095,Jones,IN,Ashley H. Jones,6,FamilyUnit,6,377810,68.33333333333333,3,8850.41,6,50.0,MEDIUM,YES,1.0,62968.33,0.28,11,1,0.53
FAM-JONE-OH-0096,Jones,OH,Jacob N. Jones,9,FamilyUnit,9,529920,61.0,3,10389.43,9,33.3,MEDIUM,NO,1.0,58880.0,0.94,3,2,0.65
FAM-KELL-IL-0097,Kelly,IL,Catherine M. Kelly,4,FamilyUnit,4,123940,49.5,3,4184.89,4,75.0,MEDIUM,YES,1.0,30985.0,0.04,5,5,0.59
FAM-KELL-IN-0098,Kelly,IN,Jason D. Kelly,3,FamilyUnit,3,111860,59.333333333333336,1,4148.73,3,33.3,MEDIUM,NO,1.0,37286.67,0.79,3,3,0.6
FAM-KELL-OH-0099,Kelly,OH,Patricia S. Kelly,4,FamilyUnit,4,251160,52.0,2,5330.719999999999,4,50.0,MEDIUM,YES,1.0,62790.0,0.54,9,1,0.61
FAM-KING-IL-0100,King,IL,Ashley H. King,4,FamilyUnit,4,259240,66.25,1,5133.25,4,25.0,MEDIUM,NO,1.0,64810.0,0.06,10,1,0.34
FAM-KING-IN-0101,King,IN,Catherine C. King,5,FamilyUnit,5,203670,59.2,1,6355.219999999999,5,20.0,MEDIUM,NO,1.0,40734.0,0.1,17,5,0.33
FAM-KING-OH-0102,King,OH,Patricia M. King,7,FamilyUnit,7,333700,68.42857142857143,1,8907.34,7,14.3,MEDIUM,NO,1.0,47671.43,0.09,20,5,0.3
FAM-LEE-IL-0103,Lee,IL,Emma K. Lee,1,FamilyUnit,1,3190,52.0,0,1371.88,1,0.0,MEDIUM,NO,1.0,3190.0,0.07,0,2,0.22
FAM-LEE-IN-0104,Lee,IN,Linda R. Lee,4,FamilyUnit,4,196710,45.75,2,5712.879999999999,4,50.0,MEDIUM,YES,1.0,49177.5,0.83,19,4,0.7
FAM-LEE-OH-0105,Lee,OH,Kevin H. Lee,3,FamilyUnit,3,136840,80.33333333333333,1,3030.48,3,33.3,HIGH,NO,1.0,45613.33,0.67,12,1,0.57
FAM-LEWI-IL-0106,Lewis,IL,Raymond G. Lewis,7,FamilyUnit,7,356810,52.0,1,8400.31,7,14.3,MEDIUM,NO,1.0,50972.86,0.96,16,4,0.56
FAM-LEWI-IN-0107,Lewis,IN,Sarah F. Lewis,6,FamilyUnit,6,335700,53.333333333333336,2,6963.38,6,33.3,MEDIUM,NO,1.0,55950.0,0.38,17,4,0.48
FAM-LEWI-OH-0108,Lewis,OH,Gregory J. Lewis,9,FamilyUnit,9,564130,63.11111111111112,5,10603.51,9,55.6,MEDIUM,YES,1.0,62681.11,0.89,10,0,0.75
FAM-LOPE-IL-0109,Lopez,IL,Melissa R. Lopez,2,FamilyUnit,2,109720,81.5,0,3084.15,2,0.0,HIGH,NO,1.0,54860.0,0.39,5,5,0.32
FAM-LOPE-IN-0110,Lopez,IN,Catherine S. Lopez,3,FamilyUnit,3,200760,86.33333333333333,1,3443.13,3,33.3,HIGH,NO,1.0,66920.0,0.7,16,1,0.58
FAM-LOPE-OH-0111,Lopez,OH,Nicole S. Lopez,4,FamilyUnit,4,284570,48.5,1,5340.04,4,25.0,MEDIUM,NO,1.0,71142.5,0.01,4,1,0.33
FAM-MART-IL-0112,Martin,IL,Michelle D. Martin,7,FamilyUnit,7,444060,62.0,2,8979.04,7,28.6,MEDIUM,NO,1.0,63437.14,0.02,14,5,0.35
FAM-MART-IN-0113,Martin,IN,Melissa D. Martin,2,FamilyUnit,2,153980,85.5,1,1928.96,2,50.0,HIGH,YES,1.0,76990.0,0.13,18,2,0.49
FAM-MART-OH-0114,Martin,OH,Gregory J. Martin,2,FamilyUnit,2,119270,45.0,0,2724.27,2,0.0,MEDIUM,NO,1.0,59635.0,0.67,1,4,0.4
FAM-MART-IL-0115,Martinez,IL,Charles S. Martinez,5,FamilyUnit,5,212990,52.8,2,6914.09,5,40.0,MEDIUM,NO,1.0,42598.0,0.47,19,2,0.54
FAM-MART-IN-0116,Martinez,IN,Rachel A. Martinez,4,FamilyUnit,4,259900,62.75,2,5685.36,4,50.0,MEDIUM,YES,1.0,64975.0,0.9,3,0,0.72
FAM-MART-OH-0117,Martinez,OH,Pamela N. Martinez,7,FamilyUnit,7,342980,57.85714285714285,1,9300.3,7,14.3,MEDIUM,NO,1.0,48997.14,0.83,10,1,0.52
FAM-MILL-IL-0118,Miller,IL,Helen C. Miller,5,FamilyUnit,5,219380,47.0,0,5958.47,5,0.0,MEDIUM,NO,1.0,43876.0,0.58,10,5,0.37
FAM-MILL-IN-0119,Miller,IN,Ronald R. Miller,3,FamilyUnit,3,177930,75.66666666666667,2,3925.07,3,66.7,HIGH,YES,1.0,59310.0,0.98,9,4,0.83
FAM-MILL-OH-0120,Miller,OH,Patricia W. Miller,4,FamilyUnit,4,65500,76.0,1,6151.25,4,25.0,HIGH,NO,1.0,16375.0,0.51,3,5,0.48
FAM-MITC-IL-0121,Mitchell,IL,Kenneth F. Mitchell,6,FamilyUnit,6,334670,85.16666666666667,1,7577.05,6,16.7,HIGH,NO,1.0,55778.33,0.15,6,1,0.33
FAM-MITC-IN-0122,Mitchell,IN,Nancy M. Mitchell,3,FamilyUnit,3,182920,86.0,1,3734.99,3,33.3,HIGH,NO,1.0,60973.33,0.09,16,3,0.39
FAM-MITC-OH-0123,Mitchell,OH,Kathleen W. Mitchell,1,FamilyUnit,1,57000,81.0,0,803.36,1,0.0,HIGH,NO,1.0,57000.0,0.83,12,5,0.45
FAM-MOOR-IL-0124,Moore,IL,Donna L. Moore,5,FamilyUnit,5,280980,45.8,1,6816.12,5,20.0,MEDIUM,NO,1.0,56196.0,0.19,10,5,0.36
FAM-MOOR-IN-0125,Moore,IN,Katherine N. Moore,4,FamilyUnit,4,137050,28.75,0,4403.01,4,0.0,LOW,NO,1.0,34262.5,0.49,4,2,0.35
FAM-MOOR-OH-0126,Moore,OH,Mark R. Moore,3,FamilyUnit,3,180080,65.33333333333333,1,3781.230000000001,3,33.3,MEDIUM,NO,1.0,60026.67,0.99,17,4,0.66
FAM-MORG-IL-0127,Morgan,IL,Stephen R. Morgan,5,FamilyUnit,5,251440,60.8,1,6487.91,5,20.0,MEDIUM,NO,1.0,50288.0,0.78,4,0,0.53
FAM-MORG-IN-0128,Morgan,IN,Paul B. Morgan,6,FamilyUnit,6,253680,53.833333333333336,0,7989.54,6,0.0,MEDIUM,NO,1.0,42280.0,0.28,18,2,0.28
FAM-MORG-OH-0129,Morgan,OH,Betty P. Morgan,3,FamilyUnit,3,139620,48.333333333333336,0,3118.79,3,0.0,MEDIUM,NO,1.0,46540.0,0.25,10,0,0.28
FAM-MORR-IL-0130,Morris,IL,Carol J. Morris,10,FamilyUnit,10,591990,68.7,4,12597.78,10,40.0,MEDIUM,NO,1.0,59199.0,0.84,16,1,0.65
FAM-MORR-IN-0131,Morris,IN,Michelle J. Morris,6,FamilyUnit,6,323660,70.16666666666667,1,8237.56,6,16.7,MEDIUM,NO,1.0,53943.33,0.68,20,5,0.49
FAM-MORR-OH-0132,Morris,OH,Daniel P. Morris,8,FamilyUnit,8,503340,69.0,1,10675.8,8,12.5,MEDIUM,NO,1.0,62917.5,0.38,3,5,0.38
FAM-MURP-IL-0133,Murphy,IL,Rebecca L. Murphy,4,FamilyUnit,4,233550,65.0,2,5665.62,4,50.0,MEDIUM,YES,1.0,58387.5,0.72,12,5,0.67
FAM-MURP-IN-0134,Murphy,IN,Donna K. Murphy,1,FamilyUnit,1,2700,73.0,0,1216.68,1,0.0,MEDIUM,NO,1.0,2700.0,0.79,4,2,0.44
FAM-MURP-OH-0135,Murphy,OH,Kenneth D. Murphy,4,FamilyUnit,4,139420,49.75,1,5542.93,4,25.0,MEDIUM,NO,1.0,34855.0,0.29,18,1,0.41
FAM-NELS-IL-0136,Nelson,IL,Samuel E. Nelson,8,FamilyUnit,8,591810,36.25,0,9939.15,8,0.0,LOW,NO,1.0,73976.25,0.38,1,0,0.31
FAM-NELS-IN-0137,Nelson,IN,Timothy K. Nelson,2,FamilyUnit,2,116140,49.5,2,1953.43,2,100.0,MEDIUM,YES,1.0,58070.0,0.98,15,4,0.99
FAM-NELS-OH-0138,Nelson,OH,Sandra C. Nelson,4,FamilyUnit,4,295250,49.75,3,5505.02,4,75.0,MEDIUM,YES,1.0,73812.5,0.43,18,2,0.7
FAM-NGUY-IL-0139,Nguyen,IL,Jerry S. Nguyen,2,FamilyUnit,2,81200,89.5,1,2445.92,2,50.0,HIGH,YES,1.0,40600.0,0.94,20,2,0.73
FAM-NGUY-IN-0140,Nguyen,IN,Melissa P. Nguyen,2,FamilyUnit,2,64130,44.0,1,1926.29,2,50.0,MEDIUM,YES,1.0,32065.0,0.48,12,0,0.59
FAM-NGUY-OH-0141,Nguyen,OH,Jerry G. Nguyen,1,FamilyUnit,1,59940,78.0,0,1276.43,1,0.0,HIGH,NO,1.0,59940.0,0.96,6,2,0.49
FAM-PARK-IL-0142,Parker,IL,Debra H. Parker,6,FamilyUnit,6,334270,69.66666666666667,0,7259.12,6,0.0,MEDIUM,NO,1.0,55711.67,0.91,20,0,0.47
FAM-PARK-IN-0143,Parker,IN,Katherine M. Parker,2,FamilyUnit,2,90450,45.0,0,2750.13,2,0.0,MEDIUM,NO,1.0,45225.0,0.9,4,3,0.47
FAM-PARK-OH-0144,Parker,OH,Scott T. Parker,3,FamilyUnit,3,152040,70.33333333333333,2,3441.85,3,66.7,MEDIUM,YES,1.0,50680.0,0.43,13,4,0.66
FAM-PERE-IL-0145,Perez,IL,Paul W. Perez,4,FamilyUnit,4,281830,59.0,1,5401.95,4,25.0,MEDIUM,NO,1.0,70457.5,0.29,0,0,0.41
FAM-PERE-IN-0146,Perez,IN,Donna E. Perez,3,FamilyUnit,3,126680,44.66666666666666,1,4063.59,3,33.3,MEDIUM,NO,1.0,42226.67,0.68,17,0,0.57
FAM-PERE-OH-0147,Perez,OH,Richard N. Perez,7,FamilyUnit,7,398850,71.14285714285714,1,8965.96,7,14.3,MEDIUM,NO,1.0,56978.57,0.21,1,1,0.33
FAM-PETE-IL-0148,Peterson,IL,Cynthia S. Peterson,1,FamilyUnit,1,76890,58.0,0,1396.83,1,0.0,MEDIUM,NO,1.0,76890.0,0.87,0,5,0.46
FAM-PETE-IN-0149,Peterson,IN,Matthew H. Peterson,4,FamilyUnit,4,271020,79.75,3,5067.88,4,75.0,HIGH,YES,1.0,67755.0,0.41,7,0,0.7
FAM-PETE-OH-0150,Peterson,OH,Susan S. Peterson,3,FamilyUnit,3,133980,68.33333333333333,1,4259.74,3,33.3,MEDIUM,NO,1.0,44660.0,0.8,10,5,0.61
FAM-PHIL-IL-0151,Phillips,IL,Nicole L. Phillips,7,FamilyUnit,7,336460,50.71428571428572,2,8101.32,7,28.6,MEDIUM,NO,1.0,48065.71,0.08,14,1,0.37
FAM-PHIL-IN-0152,Phillips,IN,Thomas W. Phillips,8,FamilyUnit,8,385920,68.25,1,9333.09,8,12.5,MEDIUM,NO,1.0,48240.0,0.54,18,1,0.42
FAM-PHIL-OH-0153,Phillips,OH,Stephen K. Phillips,7,FamilyUnit,7,499620,45.142857142857146,2,8689.32,7,28.6,MEDIUM,NO,1.0,71374.29,0.21,4,1,0.41
FAM-PRIC-IL-0154,Price,IL,Paul L. Price,6,FamilyUnit,6,273450,82.5,3,7204.38,6,50.0,HIGH,YES,1.0,45575.0,0.36,1,4,0.56
FAM-PRIC-IN-0155,Price,IN,Cynthia B. Price,2,FamilyUnit,2,154840,54.5,1,1956.77,2,50.0,MEDIUM,YES,1.0,77420.0,0.3,5,2,0.54
FAM-PRIC-OH-0156,Price,OH,Nancy P. Price,7,FamilyUnit,7,464100,65.42857142857143,3,9676.29,7,42.9,MEDIUM,NO,1.0,66300.0,0.34,0,5,0.52
FAM-RAMI-IL-0157,Ramirez,IL,Robert F. Ramirez,2,FamilyUnit,2,76440,84.5,1,2427.57,2,50.0,HIGH,YES,1.0,38220.0,0.48,8,5,0.59
FAM-RAMI-IN-0158,Ramirez,IN,Stephen E. Ramirez,5,FamilyUnit,5,244040,40.4,0,6088.81,5,0.0,MEDIUM,NO,1.0,48808.0,0.86,13,0,0.46
FAM-RAMI-OH-0159,Ramirez,OH,Brandon K. Ramirez,5,FamilyUnit,5,265310,70.2,1,6187.08,5,20.0,MEDIUM,NO,1.0,53062.0,0.99,14,0,0.6
FAM-REED-IL-0160,Reed,IL,Timothy H. Reed,6,FamilyUnit,6,318370,61.66666666666666,1,7976.1,6,16.7,MEDIUM,NO,1.0,53061.67,0.83,19,3,0.53
FAM-REED-IN-0161,Reed,IN,Nicole L. Reed,1,FamilyUnit,1,3840,47.0,0,1484.72,1,0.0,MEDIUM,NO,1.0,3840.0,0.33,17,1,0.3
FAM-REED-OH-0162,Reed,OH,Michael C. Reed,5,FamilyUnit,5,356010,53.2,2,5750.11,5,40.0,MEDIUM,NO,1.0,71202.0,0.24,15,4,0.47
FAM-RICH-IL-0163,Richardson,IL,Margaret N. Richardson,8,FamilyUnit,8,443870,66.375,4,10735.88,8,50.0,MEDIUM,YES,1.0,55483.75,0.19,3,1,0.51
FAM-RICH-IN-0164,Richardson,IN,Gregory W. Richardson,4,FamilyUnit,4,226230,41.0,1,5103.1900000000005,4,25.0,MEDIUM,NO,1.0,56557.5,0.37,1,5,0.44
FAM-RICH-OH-0165,Richardson,OH,Carolyn L. Richardson,7,FamilyUnit,7,436640,50.285714285714285,3,8749.34,7,42.9,MEDIUM,NO,1.0,62377.14,0.67,5,5,0.62
FAM-RIVE-IL-0166,Rivera,IL,Kathleen C. Rivera,3,FamilyUnit,3,156710,67.0,2,2895.11,3,66.7,MEDIUM,YES,1.0,52236.67,0.0,7,2,0.53
FAM-RIVE-IN-0167,Rivera,IN,Gary P. Rivera,7,FamilyUnit,7,353610,46.42857142857143,1,9906.41,7,14.3,MEDIUM,NO,1.0,50515.71,0.67,11,3,0.47
FAM-RIVE-OH-0168,Rivera,OH,James H. Rivera,6,FamilyUnit,6,320700,55.5,1,7472.12,6,16.7,MEDIUM,NO,1.0,53450.0,0.41,13,5,0.41
FAM-ROBE-IL-0169,Roberts,IL,David N. Roberts,6,FamilyUnit,6,309940,64.16666666666667,5,7961.23,6,83.3,MEDIUM,YES,1.0,51656.67,0.61,11,5,0.8
FAM-ROBE-IN-0170,Roberts,IN,Jack S. Roberts,5,FamilyUnit,5,303660,52.8,2,5783.57,5,40.0,MEDIUM,NO,1.0,60732.0,0.26,5,5,0.48
FAM-ROBE-OH-0171,Roberts,OH,Donna N. Roberts,2,FamilyUnit,2,78180,51.0,0,2230.02,2,0.0,MEDIUM,NO,1.0,39090.0,0.99,19,5,0.5
FAM-ROBI-IL-0172,Robinson,IL,Angela K. Robinson,3,FamilyUnit,3,189730,39.0,0,3821.19,3,0.0,LOW,NO,1.0,63243.33,0.79,14,0,0.44
FAM-ROBI-IN-0173,Robinson,IN,George C. Robinson,11,FamilyUnit,11,660920,63.0,4,12987.4,11,36.4,MEDIUM,NO,1.0,60083.64,0.86,7,4,0.64
FAM-ROBI-OH-0174,Robinson,OH,Katherine W. Robinson,3,FamilyUnit,3,107780,88.33333333333333,2,3251.53,3,66.7,HIGH,YES,1.0,35926.67,0.82,19,4,0.78
FAM-RODR-IL-0175,Rodriguez,IL,Jack G. Rodriguez,6,FamilyUnit,6,321920,42.66666666666666,2,7505.059999999999,6,33.3,MEDIUM,NO,1.0,53653.33,0.97,20,3,0.66
FAM-RODR-IN-0176,Rodriguez,IN,Gary D. Rodriguez,3,FamilyUnit,3,206980,66.66666666666667,0,4359.4400000000005,3,0.0,MEDIUM,NO,1.0,68993.33,0.57,20,0,0.37
FAM-RODR-OH-0177,Rodriguez,OH,Jeffrey W. Rodriguez,6,FamilyUnit,6,325160,53.5,0,8101.96,6,0.0,MEDIUM,NO,1.0,54193.33,0.21,11,5,0.26
FAM-RUIZ-IL-0178,Ruiz,IL,Linda T. Ruiz,2,FamilyUnit,2,117540,55.5,0,2327.93,2,0.0,MEDIUM,NO,1.0,58770.0,0.96,11,0,0.49
FAM-RUIZ-IN-0179,Ruiz,IN,Dorothy T. Ruiz,6,FamilyUnit,6,430130,43.66666666666666,1,6417.59,6,16.7,MEDIUM,NO,1.0,71688.33,0.43,7,3,0.41
FAM-RUIZ-OH-0180,Ruiz,OH,Maria M. Ruiz,6,FamilyUnit,6,345910,73.33333333333333,0,7648.96,6,0.0,MEDIUM,NO,1.0,57651.67,0.55,7,2,0.36
FAM-SANC-IL-0181,Sanchez,IL,Joseph G. Sanchez,6,FamilyUnit,6,349340,62.5,1,7431.05,6,16.7,MEDIUM,NO,1.0,58223.33,0.6,11,2,0.46
FAM-SANC-IN-0182,Sanchez,IN,Benjamin L. Sanchez,5,FamilyUnit,5,262770,63.6,2,6424.32,5,40.0,MEDIUM,NO,1.0,52554.0,0.7,8,1,0.61
FAM-SANC-OH-0183,Sanchez,OH,Mary R. Sanchez,4,FamilyUnit,4,191180,75.75,1,5104.030000000001,4,25.0,HIGH,NO,1.0,47795.0,0.73,20,2,0.54
FAM-SAND-IL-0184,Sanders,IL,Paul C. Sanders,5,FamilyUnit,5,108160,43.0,0,5506.23,5,0.0,MEDIUM,NO,1.0,21632.0,0.36,16,0,0.31
FAM-SAND-IN-0185,Sanders,IN,Scott L. Sanders,4,FamilyUnit,4,249280,64.25,1,4558.38,4,25.0,MEDIUM,NO,1.0,62320.0,0.21,13,5,0.39
FAM-SAND-OH-0186,Sanders,OH,Stephen A. Sanders,3,FamilyUnit,3,172470,68.33333333333333,2,3565.37,3,66.7,MEDIUM,YES,1.0,57490.0,0.18,15,3,0.59
FAM-SCOT-IL-0187,Scott,IL,Eric T. Scott,4,FamilyUnit,4,183380,56.25,2,5414.9,4,50.0,MEDIUM,YES,1.0,45845.0,0.79,18,2,0.69
FAM-SCOT-IN-0188,Scott,IN,Emma G. Scott,6,FamilyUnit,6,343920,78.0,1,7112.46,6,16.7,HIGH,NO,1.0,57320.0,0.83,20,5,0.53
FAM-SCOT-OH-0189,Scott,OH,Stephanie F. Scott,5,FamilyUnit,5,340700,50.8,1,6143.5,5,20.0,MEDIUM,NO,1.0,68140.0,0.54,6,4,0.46
FAM-SMIT-IL-0190,Smith,IL,Sharon S. Smith,4,FamilyUnit,4,188530,57.75,1,4146.16,4,25.0,MEDIUM,NO,1.0,47132.5,0.11,1,2,0.36
FAM-SMIT-IN-0191,Smith,IN,Brenda G. Smith,4,FamilyUnit,4,129660,46.25,0,5072.7,4,0.0,MEDIUM,NO,1.0,32415.0,0.77,10,4,0.43
FAM-SMIT-OH-0192,Smith,OH,Michael P. Smith,3,FamilyUnit,3,135430,82.33333333333333,0,4034.84,3,0.0,HIGH,NO,1.0,45143.33,0.35,13,0,0.3
FAM-STEW-IL-0193,Stewart,IL,Emma J. Stewart,7,FamilyUnit,7,362730,54.142857142857146,0,8950.93,7,0.0,MEDIUM,NO,1.0,51818.57,0.26,16,1,0.28
FAM-STEW-IN-0194,Stewart,IN,Debra T. Stewart,4,FamilyUnit,4,129450,33.5,0,5280.87,4,0.0,LOW,NO,1.0,32362.5,0.97,6,1,0.49
FAM-STEW-OH-0195,Stewart,OH,Dennis T. Stewart,9,FamilyUnit,9,471560,61.22222222222222,1,10911.14,9,11.1,MEDIUM,NO,1.0,52395.56,0.0,15,4,0.26
FAM-TAYL-IL-0196,Taylor,IL,Kathleen P. Taylor,4,FamilyUnit,4,178020,71.75,0,5367.13,4,0.0,MEDIUM,NO,1.0,44505.0,0.08,17,3,0.22
FAM-TAYL-IN-0197,Taylor,IN,James J. Taylor,1,FamilyUnit,1,36300,21.0,0,1302.4,1,0.0,LOW,NO,1.0,36300.0,0.5,3,0,0.35
FAM-TAYL-OH-0198,Taylor,OH,Heather H. Taylor,5,FamilyUnit,5,260200,48.0,1,6237.24,5,20.0,MEDIUM,NO,1.0,52040.0,0.75,1,0,0.52
FAM-THOM-IL-0199,Thomas,IL,Margaret C. Thomas,7,FamilyUnit,7,351800,66.0,2,7991.09,7,28.6,MEDIUM,NO,1.0,50257.14,0.88,5,4,0.61
FAM-THOM-IN-0200,Thomas,IN,Heather G. Thomas,5,FamilyUnit,5,298950,50.8,1,5946.18,5,20.0,MEDIUM,NO,1.0,59790.0,0.24,1,2,0.37
FAM-THOM-OH-0201,Thomas,OH,Deborah G. Thomas,2,FamilyUnit,2,113420,95.5,0,1855.2,2,0.0,HIGH,NO,1.0,56710.0,0.32,13,3,0.3
FAM-THOM-IL-0202,Thompson,IL,Mary H. Thompson,4,FamilyUnit,4,236230,79.25,2,4172.4,4,50.0,HIGH,YES,1.0,59057.5,0.81,15,3,0.69
FAM-THOM-IN-0203,Thompson,IN,Ryan B. Thompson,2,FamilyUnit,2,126800,64.5,1,2343.85,2,50.0,MEDIUM,YES,1.0,63400.0,0.75,16,2,0.68
FAM-THOM-OH-0204,Thompson,OH,Linda B. Thompson,2,FamilyUnit,2,84210,71.5,0,2460.86,2,0.0,MEDIUM,NO,1.0,42105.0,0.65,1,4,0.4
FAM-TORR-IL-0205,Torres,IL,Paul T. Torres,2,FamilyUnit,2,111550,43.0,0,2389.81,2,0.0,MEDIUM,NO,1.0,55775.0,0.57,2,0,0.37
FAM-TORR-IN-0206,Torres,IN,Ryan W. Torres,4,FamilyUnit,4,246040,64.25,2,5092.860000000001,4,50.0,MEDIUM,YES,1.0,61510.0,0.16,10,4,0.5
FAM-TORR-OH-0207,Torres,OH,Rebecca T. Torres,5,FamilyUnit,5,281820,59.8,2,5298.58,5,40.0,MEDIUM,NO,1.0,56364.0,0.2,14,0,0.46
FAM-TURN-IL-0208,Turner,IL,Daniel N. Turner,2,FamilyUnit,2,120000,60.5,0,2672.19,2,0.0,MEDIUM,NO,1.0,60000.0,0.42,7,2,0.33
FAM-TURN-IN-0209,Turner,IN,Elizabeth T. Turner,5,FamilyUnit,5,325980,39.0,1,6504.06,5,20.0,LOW,NO,1.0,65196.0,0.6,12,2,0.48
FAM-TURN-OH-0210,Turner,OH,Larry F. Turner,6,FamilyUnit,6,283950,39.333333333333336,1,6576.08,6,16.7,LOW,NO,1.0,47325.0,0.28,5,1,0.37
FAM-WALK-IL-0211,Walker,IL,Maria S. Walker,3,FamilyUnit,3,103880,49.0,1,4215.95,3,33.3,MEDIUM,NO,1.0,34626.67,0.69,1,5,0.57
FAM-WALK-IN-0212,Walker,IN,Margaret G. Walker,3,FamilyUnit,3,149370,75.0,2,4369.85,3,66.7,HIGH,YES,1.0,49790.0,0.5,1,1,0.68
FAM-WALK-OH-0213,Walker,OH,Joseph H. Walker,7,FamilyUnit,7,356500,52.0,2,9287.25,7,28.6,MEDIUM,NO,1.0,50928.57,0.36,1,3,0.45
FAM-WARD-IL-0214,Ward,IL,Nicholas K. Ward,1,FamilyUnit,1,58560,100.0,0,1143.46,1,0.0,HIGH,NO,1.0,58560.0,0.65,20,5,0.4
FAM-WARD-IN-0215,Ward,IN,Nancy A. Ward,2,FamilyUnit,2,126280,84.0,0,1943.29,2,0.0,HIGH,NO,1.0,63140.0,0.13,19,1,0.24
FAM-WARD-OH-0216,Ward,OH,Kenneth A. Ward,3,FamilyUnit,3,184700,56.0,1,3716.59,3,33.3,MEDIUM,NO,1.0,61566.67,0.28,18,1,0.45
FAM-WATS-IL-0217,Watson,IL,Raymond M. Watson,2,FamilyUnit,2,96900,71.5,1,2861.5,2,50.0,MEDIUM,YES,1.0,48450.0,0.74,7,1,0.67
FAM-WATS-IN-0218,Watson,IN,Sandra P. Watson,4,FamilyUnit,4,166720,56.0,0,5108.639999999999,4,0.0,MEDIUM,NO,1.0,41680.0,0.44,14,5,0.33
FAM-WATS-OH-0219,Watson,OH,James F. Watson,6,FamilyUnit,6,173570,64.5,0,7155.15,6,0.0,MEDIUM,NO,1.0,28928.33,0.72,15,3,0.42
FAM-WHIT-IL-0220,White,IL,Christine P. White,7,FamilyUnit,7,449930,50.57142857142857,1,7993.7,7,14.3,MEDIUM,NO,1.0,64275.71,0.44,8,1,0.4
FAM-WHIT-OH-0221,White,OH,Nicholas S. White,3,FamilyUnit,3,194070,64.33333333333333,1,4531.8,3,33.3,MEDIUM,NO,1.0,64690.0,0.28,8,4,0.45
FAM-WILL-IL-0222,Williams,IL,Joshua R. Williams,3,FamilyUnit,3,208460,83.0,2,4489.83,3,66.7,HIGH,YES,1.0,69486.67,0.83,15,3,0.78
FAM-WILL-IN-0223,Williams,IN,Timothy D. Williams,1,FamilyUnit,1,84500,99.0,1,1569.33,1,100.0,HIGH,YES,1.0,84500.0,0.58,10,4,0.87
FAM-WILL-OH-0224,Williams,OH,Maria B. Williams,7,FamilyUnit,7,379830,65.85714285714286,1,8405.67,7,14.3,MEDIUM,NO,1.0,54261.43,0.14,14,0,0.31
FAM-WILS-IL-0225,Wilson,IL,Mark P. Wilson,4,FamilyUnit,4,82200,46.25,0,5346.02,4,0.0,MEDIUM,NO,1.0,20550.0,0.36,16,2,0.31
FAM-WILS-IN-0226,Wilson,IN,Heather M. Wilson,6,FamilyUnit,6,392370,62.833333333333336,0,7455.63,6,0.0,MEDIUM,NO,1.0,65395.0,0.7,8,2,0.41
FAM-WILS-OH-0227,Wilson,OH,Nicole W. Wilson,3,FamilyUnit,3,153520,75.33333333333333,1,3249.33,3,33.3,HIGH,NO,1.0,51173.33,0.85,9,0,0.62
FAM-WRIG-IL-0228,Wright,IL,Emily A. Wright,5,FamilyUnit,5,297650,72.8,1,5948.16,5,20.0,MEDIUM,NO,1.0,59530.0,0.84,6,2,0.55
FAM-WRIG-IN-0229,Wright,IN,Cynthia F. Wright,9,FamilyUnit,9,544530,56.22222222222222,2,11310.96,9,22.2,MEDIUM,NO,1.0,60503.33,0.7,11,0,0.52
FAM-WRIG-OH-0230,Wright,OH,Sandra L. Wright,2,FamilyUnit,2,96220,36.5,0,2155.26,2,0.0,LOW,NO,1.0,48110.0,0.93,15,2,0.48
FAM-YOUN-IL-0231,Young,IL,Amy F. Young,2,FamilyUnit,2,114290,78.5,0,2762.17,2,0.0,HIGH,NO,1.0,57145.0,0.37,4,0,0.31
FAM-YOUN-IN-0232,Young,IN,Raymond A. Young,2,FamilyUnit,2,181530,49.0,1,1982.66,2,50.0,MEDIUM,YES,1.0,90765.0,0.59,9,4,0.63
FAM-YOUN-OH-0233,Young,OH,Paul A. Young,3,FamilyUnit,3,90620,53.333333333333336,0,4022.99,3,0.0,MEDIUM,NO,1.0,30206.67,0.37,6,2,0.31
