:START_ID,:END_ID,:TYPE,shared_last_name,both_fraud_flagged,same_family_unit,risk_level
CUST-OH-1045-3425,CUST-OH-3305-9127,FRAUD_RING_FAMILY_LINK,Anderson,YES,YES,HIGH
CUST-OH-1045-3425,CUST-OH-2179-6522,FRAUD_RING_FAMILY_LINK,Anderson,YES,YES,HIGH
CUST-OH-1045-3425,CUST-OH-3150-8870,FRAUD_RING_FAMILY_LINK,Anderson,YES,YES,HIGH
CUST-IL-2352-1183,CUST-OH-1045-3425,FRAUD_RING_FAMILY_LINK,Anderson,YES,NO,HIGH
CUST-IL-2352-1183,CUST-OH-3305-9127,FRAUD_RING_FAMILY_LINK,Anderson,YES,NO,HIGH
CUST-IL-2352-1183,CUST-OH-2179-6522,FRAUD_RING_FAMILY_LINK,Anderson,YES,NO,HIGH
CUST-IL-2352-1183,CUST-IL-6381-6710,FRAUD_RING_FAMILY_LINK,Anderson,YES,YES,HIGH
CUST-IL-2352-1183,CUST-IL-5283-8329,FRAUD_RING_FAMILY_LINK,Anderson,YES,YES,HIGH
CUST-IL-2352-1183,CUST-OH-3150-8870,FRAUD_RING_FAMILY_LINK,Anderson,YES,NO,HIGH
CUST-OH-2179-6522,CUST-OH-3305-9127,FRAUD_RING_FAMILY_LINK,Anderson,YES,YES,HIGH
CUST-OH-2179-6522,CUST-OH-3150-8870,FRAUD_RING_FAMILY_LINK,Anderson,YES,YES,HIGH
CUST-IL-2155-9851,CUST-OH-1045-3425,FRAUD_RING_FAMILY_LINK,Anderson,YES,NO,HIGH
CUST-IL-2155-9851,CUST-IL-2352-1183,FRAUD_RING_FAMILY_LINK,Anderson,YES,YES,HIGH
CUST-IL-2155-9851,CUST-OH-3305-9127,FRAUD_RING_FAMILY_LINK,Anderson,YES,NO,HIGH
CUST-IL-2155-9851,CUST-OH-2179-6522,FRAUD_RING_FAMILY_LINK,Anderson,YES,NO,HIGH
CUST-IL-2155-9851,CUST-IL-6381-6710,FRAUD_RING_FAMILY_LINK,Anderson,YES,YES,HIGH
CUST-IL-2155-9851,CUST-IL-5283-8329,FRAUD_RING_FAMILY_LINK,Anderson,YES,YES,HIGH
CUST-IL-2155-9851,CUST-OH-3150-8870,FRAUD_RING_FAMILY_LINK,Anderson,YES,NO,HIGH
CUST-IL-6381-6710,CUST-OH-1045-3425,FRAUD_RING_FAMILY_LINK,Anderson,YES,NO,HIGH
CUST-IL-6381-6710,CUST-OH-3305-9127,FRAUD_RING_FAMILY_LINK,Anderson,YES,NO,HIGH
CUST-IL-6381-6710,CUST-OH-2179-6522,FRAUD_RING_FAMILY_LINK,Anderson,YES,NO,HIGH
CUST-IL-6381-6710,CUST-OH-3150-8870,FRAUD_RING_FAMILY_LINK,Anderson,YES,NO,HIGH
CUST-IL-5283-8329,CUST-OH-1045-3425,FRAUD_RING_FAMILY_LINK,Anderson,YES,NO,HIGH
CUST-IL-5283-8329,CUST-OH-3305-9127,FRAUD_RING_FAMILY_LINK,Anderson,YES,NO,HIGH
CUST-IL-5283-8329,CUST-OH-2179-6522,FRAUD_RING_FAMILY_LINK,Anderson,YES,NO,HIGH
CUST-IL-5283-8329,CUST-IL-6381-6710,FRAUD_RING_FAMILY_LINK,Anderson,YES,YES,HIGH
CUST-IL-5283-8329,CUST-OH-3150-8870,FRAUD_RING_FAMILY_LINK,Anderson,YES,NO,HIGH
CUST-OH-3150-8870,CUST-OH-3305-9127,FRAUD_RING_FAMILY_LINK,Anderson,YES,YES,HIGH
CUST-IN-3792-5609,CUST-IN-8928-5931,FRAUD_RING_FAMILY_LINK,Bailey,YES,YES,HIGH
CUST-IN-3428-3984,CUST-IN-5949-4061,FRAUD_RING_FAMILY_LINK,Brooks,YES,YES,HIGH
CUST-IN-2091-8748,CUST-OH-7892-1541,FRAUD_RING_FAMILY_LINK,Carter,YES,NO,HIGH
CUST-OH-4248-3008,CUST-OH-5360-4725,FRAUD_RING_FAMILY_LINK,Clark,YES,YES,HIGH
CUST-OH-4248-3008,CUST-OH-5697-3852,FRAUD_RING_FAMILY_LINK,Clark,YES,YES,HIGH
CUST-IL-2619-6126,CUST-OH-4248-3008,FRAUD_RING_FAMILY_LINK,Clark,YES,NO,HIGH
CUST-IL-2619-6126,CUST-OH-5360-4725,FRAUD_RING_FAMILY_LINK,Clark,YES,NO,HIGH
CUST-IL-2619-6126,CUST-OH-5697-3852,FRAUD_RING_FAMILY_LINK,Clark,YES,NO,HIGH
CUST-OH-5360-4725,CUST-OH-5697-3852,FRAUD_RING_FAMILY_LINK,Clark,YES,YES,HIGH
CUST-IN-9962-1887,CUST-OH-5667-3874,FRAUD_RING_FAMILY_LINK,Collins,YES,NO,HIGH
CUST-IL-5502-6225,CUST-OH-5667-3874,FRAUD_RING_FAMILY_LINK,Collins,YES,NO,HIGH
CUST-IL-5502-6225,CUST-IN-9962-1887,FRAUD_RING_FAMILY_LINK,Collins,YES,NO,HIGH
CUST-IL-2642-8272,CUST-OH-2832-7616,FRAUD_RING_FAMILY_LINK,Cook,YES,NO,HIGH
CUST-IL-2642-8272,CUST-IL-6647-9269,FRAUD_RING_FAMILY_LINK,Cook,YES,YES,HIGH
CUST-IL-2642-8272,CUST-OH-1430-7431,FRAUD_RING_FAMILY_LINK,Cook,YES,NO,HIGH
CUST-IL-2642-8272,CUST-IL-8363-4044,FRAUD_RING_FAMILY_LINK,Cook,YES,YES,HIGH
CUST-IL-6647-9269,CUST-OH-2832-7616,FRAUD_RING_FAMILY_LINK,Cook,YES,NO,HIGH
CUST-IL-6647-9269,CUST-OH-1430-7431,FRAUD_RING_FAMILY_LINK,Cook,YES,NO,HIGH
CUST-IL-6647-9269,CUST-IL-8363-4044,FRAUD_RING_FAMILY_LINK,Cook,YES,YES,HIGH
CUST-OH-1430-7431,CUST-OH-2832-7616,FRAUD_RING_FAMILY_LINK,Cook,YES,YES,HIGH
CUST-IL-8363-4044,CUST-OH-2832-7616,FRAUD_RING_FAMILY_LINK,Cook,YES,NO,HIGH
CUST-IL-8363-4044,CUST-OH-1430-7431,FRAUD_RING_FAMILY_LINK,Cook,YES,NO,HIGH
CUST-IL-1277-4693,CUST-OH-2608-6592,FRAUD_RING_FAMILY_LINK,Cooper,YES,NO,HIGH
CUST-IL-1277-4693,CUST-IN-3328-1393,FRAUD_RING_FAMILY_LINK,Cooper,YES,NO,HIGH
CUST-IL-1277-4693,CUST-IN-9441-9068,FRAUD_RING_FAMILY_LINK,Cooper,YES,NO,HIGH
CUST-IL-1277-4693,CUST-IL-9981-2292,FRAUD_RING_FAMILY_LINK,Cooper,YES,YES,HIGH
CUST-IN-3328-1393,CUST-OH-2608-6592,FRAUD_RING_FAMILY_LINK,Cooper,YES,NO,HIGH
CUST-IN-3328-1393,CUST-IN-9441-9068,FRAUD_RING_FAMILY_LINK,Cooper,YES,YES,HIGH
CUST-IN-9441-9068,CUST-OH-2608-6592,FRAUD_RING_FAMILY_LINK,Cooper,YES,NO,HIGH
CUST-IL-9981-2292,CUST-OH-2608-6592,FRAUD_RING_FAMILY_LINK,Cooper,YES,NO,HIGH
CUST-IL-9981-2292,CUST-IN-3328-1393,FRAUD_RING_FAMILY_LINK,Cooper,YES,NO,HIGH
CUST-IL-9981-2292,CUST-IN-9441-9068,FRAUD_RING_FAMILY_LINK,Cooper,YES,NO,HIGH
CUST-IL-6663-7823,CUST-IN-5242-4923,FRAUD_RING_FAMILY_LINK,Cox,YES,NO,HIGH
CUST-OH-2794-4772,CUST-OH-7519-6878,FRAUD_RING_FAMILY_LINK,Davis,YES,YES,HIGH
CUST-IN-1071-5255,CUST-OH-2794-4772,FRAUD_RING_FAMILY_LINK,Davis,YES,NO,HIGH
CUST-IN-1071-5255,CUST-OH-7519-6878,FRAUD_RING_FAMILY_LINK,Davis,YES,NO,HIGH
CUST-OH-5193-9664,CUST-OH-6698-5086,FRAUD_RING_FAMILY_LINK,Edwards,YES,YES,HIGH
CUST-IN-6911-7725,CUST-OH-5193-9664,FRAUD_RING_FAMILY_LINK,Edwards,YES,NO,HIGH
CUST-IN-6911-7725,CUST-OH-6698-5086,FRAUD_RING_FAMILY_LINK,Edwards,YES,NO,HIGH
CUST-IL-2178-7057,CUST-IN-5714-7382,FRAUD_RING_FAMILY_LINK,Evans,YES,NO,HIGH
CUST-IL-2178-7057,CUST-OH-9915-3900,FRAUD_RING_FAMILY_LINK,Evans,YES,NO,HIGH
CUST-IN-5714-7382,CUST-OH-9915-3900,FRAUD_RING_FAMILY_LINK,Evans,YES,NO,HIGH
CUST-OH-3479-3584,CUST-OH-6200-9752,FRAUD_RING_FAMILY_LINK,Flores,YES,YES,HIGH
CUST-IN-6217-1455,CUST-OH-3479-3584,FRAUD_RING_FAMILY_LINK,Flores,YES,NO,HIGH
CUST-IN-6217-1455,CUST-OH-6200-9752,FRAUD_RING_FAMILY_LINK,Flores,YES,NO,HIGH
CUST-IL-7374-6988,CUST-OH-3479-3584,FRAUD_RING_FAMILY_LINK,Flores,YES,NO,HIGH
CUST-IL-7374-6988,CUST-IN-6217-1455,FRAUD_RING_FAMILY_LINK,Flores,YES,NO,HIGH
CUST-IL-7374-6988,CUST-OH-6200-9752,FRAUD_RING_FAMILY_LINK,Flores,YES,NO,HIGH
CUST-IN-6163-3369,CUST-OH-5934-8010,FRAUD_RING_FAMILY_LINK,Gonzalez,YES,NO,HIGH
CUST-IL-4698-6679,CUST-IN-6163-3369,FRAUD_RING_FAMILY_LINK,Gonzalez,YES,NO,HIGH
CUST-IL-4698-6679,CUST-OH-5934-8010,FRAUD_RING_FAMILY_LINK,Gonzalez,YES,NO,HIGH
CUST-IL-4698-6679,CUST-IL-9793-4706,FRAUD_RING_FAMILY_LINK,Gonzalez,YES,YES,HIGH
CUST-IL-9793-4706,CUST-IN-6163-3369,FRAUD_RING_FAMILY_LINK,Gonzalez,YES,NO,HIGH
CUST-IL-9793-4706,CUST-OH-5934-8010,FRAUD_RING_FAMILY_LINK,Gonzalez,YES,NO,HIGH
CUST-IN-5829-4510,CUST-OH-7431-8726,FRAUD_RING_FAMILY_LINK,Gray,YES,NO,HIGH
CUST-IN-5829-4510,CUST-IN-5890-8877,FRAUD_RING_FAMILY_LINK,Gray,YES,YES,HIGH
CUST-IN-5890-8877,CUST-OH-7431-8726,FRAUD_RING_FAMILY_LINK,Gray,YES,NO,HIGH
CUST-IN-9316-6436,CUST-OH-4396-4188,FRAUD_RING_FAMILY_LINK,Green,YES,NO,HIGH
CUST-IN-9316-6436,CUST-OH-9854-7878,FRAUD_RING_FAMILY_LINK,Green,YES,NO,HIGH
CUST-IN-4219-4495,CUST-IN-9316-6436,FRAUD_RING_FAMILY_LINK,Green,YES,YES,HIGH
CUST-IN-4219-4495,CUST-OH-4396-4188,FRAUD_RING_FAMILY_LINK,Green,YES,NO,HIGH
CUST-IN-4219-4495,CUST-IN-4632-4367,FRAUD_RING_FAMILY_LINK,Green,YES,YES,HIGH
CUST-IN-4219-4495,CUST-OH-9854-7878,FRAUD_RING_FAMILY_LINK,Green,YES,NO,HIGH
CUST-OH-4396-4188,CUST-OH-9854-7878,FRAUD_RING_FAMILY_LINK,Green,YES,YES,HIGH
CUST-IN-4632-4367,CUST-IN-9316-6436,FRAUD_RING_FAMILY_LINK,Green,YES,YES,HIGH
CUST-IN-4632-4367,CUST-OH-4396-4188,FRAUD_RING_FAMILY_LINK,Green,YES,NO,HIGH
CUST-IN-4632-4367,CUST-OH-9854-7878,FRAUD_RING_FAMILY_LINK,Green,YES,NO,HIGH
CUST-IL-2315-7490,CUST-OH-3965-5436,FRAUD_RING_FAMILY_LINK,Hall,YES,NO,HIGH
CUST-IL-2315-7490,CUST-IN-6701-9907,FRAUD_RING_FAMILY_LINK,Hall,YES,NO,HIGH
CUST-IN-6701-9907,CUST-OH-3965-5436,FRAUD_RING_FAMILY_LINK,Hall,YES,NO,HIGH
CUST-IN-3328-7266,CUST-OH-9355-9552,FRAUD_RING_FAMILY_LINK,Harris,YES,NO,HIGH
CUST-IN-3328-7266,CUST-OH-5006-3838,FRAUD_RING_FAMILY_LINK,Harris,YES,NO,HIGH
CUST-OH-5006-3838,CUST-OH-9355-9552,FRAUD_RING_FAMILY_LINK,Harris,YES,YES,HIGH
CUST-OH-2613-6074,CUST-OH-3371-3505,FRAUD_RING_FAMILY_LINK,Hill,YES,YES,HIGH
CUST-OH-2478-6192,CUST-OH-2613-6074,FRAUD_RING_FAMILY_LINK,Hill,YES,YES,HIGH
CUST-OH-2478-6192,CUST-OH-3371-3505,FRAUD_RING_FAMILY_LINK,Hill,YES,YES,HIGH
CUST-IL-2184-6524,CUST-OH-2613-6074,FRAUD_RING_FAMILY_LINK,Hill,YES,NO,HIGH
CUST-IL-2184-6524,CUST-OH-2478-6192,FRAUD_RING_FAMILY_LINK,Hill,YES,NO,HIGH
CUST-IL-2184-6524,CUST-OH-3371-3505,FRAUD_RING_FAMILY_LINK,Hill,YES,NO,HIGH
CUST-OH-5150-6951,CUST-OH-8327-5400,FRAUD_RING_FAMILY_LINK,Howard,YES,YES,HIGH
CUST-IL-7147-5730,CUST-OH-5150-6951,FRAUD_RING_FAMILY_LINK,Howard,YES,NO,HIGH
CUST-IL-7147-5730,CUST-OH-8327-5400,FRAUD_RING_FAMILY_LINK,Howard,YES,NO,HIGH
CUST-IN-9588-4189,CUST-OH-9396-4688,FRAUD_RING_FAMILY_LINK,Jackson,YES,NO,HIGH
CUST-IN-3866-4538,CUST-OH-9396-4688,FRAUD_RING_FAMILY_LINK,Jackson,YES,NO,HIGH
CUST-IN-3866-4538,CUST-IN-9588-4189,FRAUD_RING_FAMILY_LINK,Jackson,YES,YES,HIGH
CUST-IN-3739-9604,CUST-OH-9396-4688,FRAUD_RING_FAMILY_LINK,Jackson,YES,NO,HIGH
CUST-IN-3739-9604,CUST-IN-9588-4189,FRAUD_RING_FAMILY_LINK,Jackson,YES,YES,HIGH
CUST-IN-3739-9604,CUST-IN-3866-4538,FRAUD_RING_FAMILY_LINK,Jackson,YES,YES,HIGH
CUST-OH-7661-5916,CUST-OH-9826-5079,FRAUD_RING_FAMILY_LINK,James,YES,YES,HIGH
CUST-OH-3785-8754,CUST-OH-7661-5916,FRAUD_RING_FAMILY_LINK,James,YES,YES,HIGH
CUST-OH-3785-8754,CUST-OH-9826-5079,FRAUD_RING_FAMILY_LINK,James,YES,YES,HIGH
CUST-IL-3573-2346,CUST-OH-7661-5916,FRAUD_RING_FAMILY_LINK,James,YES,NO,HIGH
CUST-IL-3573-2346,CUST-OH-3785-8754,FRAUD_RING_FAMILY_LINK,James,YES,NO,HIGH
CUST-IL-3573-2346,CUST-OH-9826-5079,FRAUD_RING_FAMILY_LINK,James,YES,NO,HIGH
CUST-OH-4866-3937,CUST-OH-9133-3712,FRAUD_RING_FAMILY_LINK,Jones,YES,YES,HIGH
CUST-IN-9006-4322,CUST-OH-4866-3937,FRAUD_RING_FAMILY_LINK,Jones,YES,NO,HIGH
CUST-IN-9006-4322,CUST-OH-1166-8572,FRAUD_RING_FAMILY_LINK,Jones,YES,NO,HIGH
CUST-IN-9006-4322,CUST-OH-9133-3712,FRAUD_RING_FAMILY_LINK,Jones,YES,NO,HIGH
CUST-IN-4145-4772,CUST-OH-4866-3937,FRAUD_RING_FAMILY_LINK,Jones,YES,NO,HIGH
CUST-IN-4145-4772,CUST-IN-9006-4322,FRAUD_RING_FAMILY_LINK,Jones,YES,YES,HIGH
CUST-IN-4145-4772,CUST-OH-1166-8572,FRAUD_RING_FAMILY_LINK,Jones,YES,NO,HIGH
CUST-IN-4145-4772,CUST-OH-9133-3712,FRAUD_RING_FAMILY_LINK,Jones,YES,NO,HIGH
CUST-IN-4145-4772,CUST-IN-4858-7099,FRAUD_RING_FAMILY_LINK,Jones,YES,YES,HIGH
CUST-OH-1166-8572,CUST-OH-4866-3937,FRAUD_RING_FAMILY_LINK,Jones,YES,YES,HIGH
CUST-OH-1166-8572,CUST-OH-9133-3712,FRAUD_RING_FAMILY_LINK,Jones,YES,YES,HIGH
CUST-IL-5169-9213,CUST-OH-4866-3937,FRAUD_RING_FAMILY_LINK,Jones,YES,NO,HIGH
CUST-IL-5169-9213,CUST-IN-9006-4322,FRAUD_RING_FAMILY_LINK,Jones,YES,NO,HIGH
CUST-IL-5169-9213,CUST-IN-4145-4772,FRAUD_RING_FAMILY_LINK,Jones,YES,NO,HIGH
CUST-IL-5169-9213,CUST-OH-1166-8572,FRAUD_RING_FAMILY_LINK,Jones,YES,NO,HIGH
CUST-IL-5169-9213,CUST-OH-9133-3712,FRAUD_RING_FAMILY_LINK,Jones,YES,NO,HIGH
CUST-IL-5169-9213,CUST-IN-4858-7099,FRAUD_RING_FAMILY_LINK,Jones,YES,NO,HIGH
CUST-IN-4858-7099,CUST-OH-4866-3937,FRAUD_RING_FAMILY_LINK,Jones,YES,NO,HIGH
CUST-IN-4858-7099,CUST-IN-9006-4322,FRAUD_RING_FAMILY_LINK,Jones,YES,YES,HIGH
CUST-IN-4858-7099,CUST-OH-1166-8572,FRAUD_RING_FAMILY_LINK,Jones,YES,NO,HIGH
CUST-IN-4858-7099,CUST-OH-9133-3712,FRAUD_RING_FAMILY_LINK,Jones,YES,NO,HIGH
CUST-IL-2001-8912,CUST-OH-5323-3957,FRAUD_RING_FAMILY_LINK,Kelly,YES,NO,HIGH
CUST-IL-2001-8912,CUST-OH-8432-4458,FRAUD_RING_FAMILY_LINK,Kelly,YES,NO,HIGH
CUST-IL-2001-8912,CUST-IL-2768-4683,FRAUD_RING_FAMILY_LINK,Kelly,YES,YES,HIGH
CUST-IL-2001-8912,CUST-IN-4314-6257,FRAUD_RING_FAMILY_LINK,Kelly,YES,NO,HIGH
CUST-IL-1557-9208,CUST-IL-2001-8912,FRAUD_RING_FAMILY_LINK,Kelly,YES,YES,HIGH
CUST-IL-1557-9208,CUST-OH-5323-3957,FRAUD_RING_FAMILY_LINK,Kelly,YES,NO,HIGH
CUST-IL-1557-9208,CUST-OH-8432-4458,FRAUD_RING_FAMILY_LINK,Kelly,YES,NO,HIGH
CUST-IL-1557-9208,CUST-IL-2768-4683,FRAUD_RING_FAMILY_LINK,Kelly,YES,YES,HIGH
CUST-IL-1557-9208,CUST-IN-4314-6257,FRAUD_RING_FAMILY_LINK,Kelly,YES,NO,HIGH
CUST-OH-5323-3957,CUST-OH-8432-4458,FRAUD_RING_FAMILY_LINK,Kelly,YES,YES,HIGH
CUST-IL-2768-4683,CUST-OH-5323-3957,FRAUD_RING_FAMILY_LINK,Kelly,YES,NO,HIGH
CUST-IL-2768-4683,CUST-OH-8432-4458,FRAUD_RING_FAMILY_LINK,Kelly,YES,NO,HIGH
CUST-IL-2768-4683,CUST-IN-4314-6257,FRAUD_RING_FAMILY_LINK,Kelly,YES,NO,HIGH
CUST-IN-4314-6257,CUST-OH-5323-3957,FRAUD_RING_FAMILY_LINK,Kelly,YES,NO,HIGH
CUST-IN-4314-6257,CUST-OH-8432-4458,FRAUD_RING_FAMILY_LINK,Kelly,YES,NO,HIGH
CUST-IN-9646-7635,CUST-OH-7712-9837,FRAUD_RING_FAMILY_LINK,King,YES,NO,HIGH
CUST-IL-7791-4698,CUST-IN-9646-7635,FRAUD_RING_FAMILY_LINK,King,YES,NO,HIGH
CUST-IL-7791-4698,CUST-OH-7712-9837,FRAUD_RING_FAMILY_LINK,King,YES,NO,HIGH
CUST-IN-6024-4468,CUST-OH-4440-5780,FRAUD_RING_FAMILY_LINK,Lee,YES,NO,HIGH
CUST-IN-3986-5306,CUST-IN-6024-4468,FRAUD_RING_FAMILY_LINK,Lee,YES,YES,HIGH
CUST-IN-3986-5306,CUST-OH-4440-5780,FRAUD_RING_FAMILY_LINK,Lee,YES,NO,HIGH
CUST-OH-5215-5637,CUST-OH-9994-5024,FRAUD_RING_FAMILY_LINK,Lewis,YES,YES,HIGH
CUST-OH-5215-5637,CUST-OH-6262-7395,FRAUD_RING_FAMILY_LINK,Lewis,YES,YES,HIGH
CUST-IN-8533-8794,CUST-OH-5215-5637,FRAUD_RING_FAMILY_LINK,Lewis,YES,NO,HIGH
CUST-IN-8533-8794,CUST-OH-2126-5740,FRAUD_RING_FAMILY_LINK,Lewis,YES,NO,HIGH
CUST-IN-8533-8794,CUST-OH-9994-5024,FRAUD_RING_FAMILY_LINK,Lewis,YES,NO,HIGH
CUST-IN-8533-8794,CUST-OH-4307-3612,FRAUD_RING_FAMILY_LINK,Lewis,YES,NO,HIGH
CUST-IN-8533-8794,CUST-OH-6262-7395,FRAUD_RING_FAMILY_LINK,Lewis,YES,NO,HIGH
CUST-OH-2126-5740,CUST-OH-5215-5637,FRAUD_RING_FAMILY_LINK,Lewis,YES,YES,HIGH
CUST-OH-2126-5740,CUST-OH-9994-5024,FRAUD_RING_FAMILY_LINK,Lewis,YES,YES,HIGH
CUST-OH-2126-5740,CUST-OH-4307-3612,FRAUD_RING_FAMILY_LINK,Lewis,YES,YES,HIGH
CUST-OH-2126-5740,CUST-OH-6262-7395,FRAUD_RING_FAMILY_LINK,Lewis,YES,YES,HIGH
CUST-OH-4307-3612,CUST-OH-5215-5637,FRAUD_RING_FAMILY_LINK,Lewis,YES,YES,HIGH
CUST-OH-4307-3612,CUST-OH-9994-5024,FRAUD_RING_FAMILY_LINK,Lewis,YES,YES,HIGH
CUST-OH-4307-3612,CUST-OH-6262-7395,FRAUD_RING_FAMILY_LINK,Lewis,YES,YES,HIGH
CUST-IL-4374-2428,CUST-OH-5215-5637,FRAUD_RING_FAMILY_LINK,Lewis,YES,NO,HIGH
CUST-IL-4374-2428,CUST-IN-8533-8794,FRAUD_RING_FAMILY_LINK,Lewis,YES,NO,HIGH
CUST-IL-4374-2428,CUST-OH-2126-5740,FRAUD_RING_FAMILY_LINK,Lewis,YES,NO,HIGH
CUST-IL-4374-2428,CUST-OH-9994-5024,FRAUD_RING_FAMILY_LINK,Lewis,YES,NO,HIGH
CUST-IL-4374-2428,CUST-OH-4307-3612,FRAUD_RING_FAMILY_LINK,Lewis,YES,NO,HIGH
CUST-IL-4374-2428,CUST-OH-6262-7395,FRAUD_RING_FAMILY_LINK,Lewis,YES,NO,HIGH
CUST-IL-4374-2428,CUST-IN-1829-5805,FRAUD_RING_FAMILY_LINK,Lewis,YES,NO,HIGH
CUST-OH-6262-7395,CUST-OH-9994-5024,FRAUD_RING_FAMILY_LINK,Lewis,YES,YES,HIGH
CUST-IN-1829-5805,CUST-OH-5215-5637,FRAUD_RING_FAMILY_LINK,Lewis,YES,NO,HIGH
CUST-IN-1829-5805,CUST-IN-8533-8794,FRAUD_RING_FAMILY_LINK,Lewis,YES,YES,HIGH
CUST-IN-1829-5805,CUST-OH-2126-5740,FRAUD_RING_FAMILY_LINK,Lewis,YES,NO,HIGH
CUST-IN-1829-5805,CUST-OH-9994-5024,FRAUD_RING_FAMILY_LINK,Lewis,YES,NO,HIGH
CUST-IN-1829-5805,CUST-OH-4307-3612,FRAUD_RING_FAMILY_LINK,Lewis,YES,NO,HIGH
CUST-IN-1829-5805,CUST-OH-6262-7395,FRAUD_RING_FAMILY_LINK,Lewis,YES,NO,HIGH
CUST-IN-6046-9146,CUST-OH-3360-4974,FRAUD_RING_FAMILY_LINK,Lopez,YES,NO,HIGH
CUST-IL-2432-4094,CUST-IN-2910-7074,FRAUD_RING_FAMILY_LINK,Martin,YES,NO,HIGH
CUST-IL-1100-3180,CUST-IL-2432-4094,FRAUD_RING_FAMILY_LINK,Martin,YES,YES,HIGH
CUST-IL-1100-3180,CUST-IN-2910-7074,FRAUD_RING_FAMILY_LINK,Martin,YES,NO,HIGH
CUST-IL-1376-5222,CUST-IN-9208-8454,FRAUD_RING_FAMILY_LINK,Martinez,YES,NO,HIGH
CUST-IL-1376-5222,CUST-IL-3074-3779,FRAUD_RING_FAMILY_LINK,Martinez,YES,YES,HIGH
CUST-IL-1376-5222,CUST-OH-1556-2396,FRAUD_RING_FAMILY_LINK,Martinez,YES,NO,HIGH
CUST-IL-1376-5222,CUST-IN-7525-6155,FRAUD_RING_FAMILY_LINK,Martinez,YES,NO,HIGH
CUST-IN-9208-8454,CUST-OH-1556-2396,FRAUD_RING_FAMILY_LINK,Martinez,YES,NO,HIGH
CUST-IL-3074-3779,CUST-IN-9208-8454,FRAUD_RING_FAMILY_LINK,Martinez,YES,NO,HIGH
CUST-IL-3074-3779,CUST-OH-1556-2396,FRAUD_RING_FAMILY_LINK,Martinez,YES,NO,HIGH
CUST-IL-3074-3779,CUST-IN-7525-6155,FRAUD_RING_FAMILY_LINK,Martinez,YES,NO,HIGH
CUST-IN-7525-6155,CUST-IN-9208-8454,FRAUD_RING_FAMILY_LINK,Martinez,YES,YES,HIGH
CUST-IN-7525-6155,CUST-OH-1556-2396,FRAUD_RING_FAMILY_LINK,Martinez,YES,NO,HIGH
CUST-IN-2548-1573,CUST-OH-3886-5052,FRAUD_RING_FAMILY_LINK,Miller,YES,NO,HIGH
CUST-IN-2548-1573,CUST-IN-4393-7575,FRAUD_RING_FAMILY_LINK,Miller,YES,YES,HIGH
CUST-IN-4393-7575,CUST-OH-3886-5052,FRAUD_RING_FAMILY_LINK,Miller,YES,NO,HIGH
CUST-IL-7956-8117,CUST-IN-5985-4615,FRAUD_RING_FAMILY_LINK,Mitchell,YES,NO,HIGH
CUST-IL-4571-5592,CUST-OH-5099-1619,FRAUD_RING_FAMILY_LINK,Moore,YES,NO,HIGH
CUST-IL-2258-7737,CUST-IL-5831-5940,FRAUD_RING_FAMILY_LINK,Morris,YES,YES,HIGH
CUST-IL-2258-7737,CUST-IL-4459-8524,FRAUD_RING_FAMILY_LINK,Morris,YES,YES,HIGH
CUST-IL-2258-7737,CUST-IN-5339-9307,FRAUD_RING_FAMILY_LINK,Morris,YES,NO,HIGH
CUST-IL-2258-7737,CUST-OH-9010-5712,FRAUD_RING_FAMILY_LINK,Morris,YES,NO,HIGH
CUST-IL-2258-7737,CUST-IL-2315-5319,FRAUD_RING_FAMILY_LINK,Morris,YES,YES,HIGH
CUST-IL-5831-5940,CUST-IN-5339-9307,FRAUD_RING_FAMILY_LINK,Morris,YES,NO,HIGH
CUST-IL-5831-5940,CUST-OH-9010-5712,FRAUD_RING_FAMILY_LINK,Morris,YES,NO,HIGH
CUST-IL-4459-8524,CUST-IL-5831-5940,FRAUD_RING_FAMILY_LINK,Morris,YES,YES,HIGH
CUST-IL-4459-8524,CUST-IN-5339-9307,FRAUD_RING_FAMILY_LINK,Morris,YES,NO,HIGH
CUST-IL-4459-8524,CUST-OH-9010-5712,FRAUD_RING_FAMILY_LINK,Morris,YES,NO,HIGH
CUST-IN-5339-9307,CUST-OH-9010-5712,FRAUD_RING_FAMILY_LINK,Morris,YES,NO,HIGH
CUST-IL-2315-5319,CUST-IL-5831-5940,FRAUD_RING_FAMILY_LINK,Morris,YES,YES,HIGH
CUST-IL-2315-5319,CUST-IL-4459-8524,FRAUD_RING_FAMILY_LINK,Morris,YES,YES,HIGH
CUST-IL-2315-5319,CUST-IN-5339-9307,FRAUD_RING_FAMILY_LINK,Morris,YES,NO,HIGH
CUST-IL-2315-5319,CUST-OH-9010-5712,FRAUD_RING_FAMILY_LINK,Morris,YES,NO,HIGH
CUST-IL-8580-3421,CUST-OH-7963-9582,FRAUD_RING_FAMILY_LINK,Murphy,YES,NO,HIGH
CUST-IL-3261-4858,CUST-IL-8580-3421,FRAUD_RING_FAMILY_LINK,Murphy,YES,YES,HIGH
CUST-IL-3261-4858,CUST-OH-7963-9582,FRAUD_RING_FAMILY_LINK,Murphy,YES,NO,HIGH
CUST-IN-4981-8685,CUST-OH-3357-3879,FRAUD_RING_FAMILY_LINK,Nelson,YES,NO,HIGH
CUST-IN-4981-8685,CUST-OH-1877-9846,FRAUD_RING_FAMILY_LINK,Nelson,YES,NO,HIGH
CUST-IN-4981-8685,CUST-OH-6419-7685,FRAUD_RING_FAMILY_LINK,Nelson,YES,NO,HIGH
CUST-OH-3357-3879,CUST-OH-6419-7685,FRAUD_RING_FAMILY_LINK,Nelson,YES,YES,HIGH
CUST-OH-1877-9846,CUST-OH-3357-3879,FRAUD_RING_FAMILY_LINK,Nelson,YES,YES,HIGH
CUST-OH-1877-9846,CUST-OH-6419-7685,FRAUD_RING_FAMILY_LINK,Nelson,YES,YES,HIGH
CUST-IN-3226-2839,CUST-IN-4981-8685,FRAUD_RING_FAMILY_LINK,Nelson,YES,YES,HIGH
CUST-IN-3226-2839,CUST-OH-3357-3879,FRAUD_RING_FAMILY_LINK,Nelson,YES,NO,HIGH
CUST-IN-3226-2839,CUST-OH-1877-9846,FRAUD_RING_FAMILY_LINK,Nelson,YES,NO,HIGH
CUST-IN-3226-2839,CUST-OH-6419-7685,FRAUD_RING_FAMILY_LINK,Nelson,YES,NO,HIGH
CUST-IL-3859-7974,CUST-IN-6085-4973,FRAUD_RING_FAMILY_LINK,Nguyen,YES,NO,HIGH
CUST-OH-5477-8745,CUST-OH-8158-8927,FRAUD_RING_FAMILY_LINK,Parker,YES,YES,HIGH
CUST-IL-1631-1570,CUST-OH-9518-5011,FRAUD_RING_FAMILY_LINK,Perez,YES,NO,HIGH
CUST-IL-1631-1570,CUST-IN-3902-6158,FRAUD_RING_FAMILY_LINK,Perez,YES,NO,HIGH
CUST-IN-3902-6158,CUST-OH-9518-5011,FRAUD_RING_FAMILY_LINK,Perez,YES,NO,HIGH
CUST-IN-1493-1648,CUST-IN-7358-8422,FRAUD_RING_FAMILY_LINK,Peterson,YES,YES,HIGH
CUST-IN-1493-1648,CUST-IN-6724-1165,FRAUD_RING_FAMILY_LINK,Peterson,YES,YES,HIGH
CUST-IN-1493-1648,CUST-OH-9319-5231,FRAUD_RING_FAMILY_LINK,Peterson,YES,NO,HIGH
CUST-IN-7358-8422,CUST-OH-9319-5231,FRAUD_RING_FAMILY_LINK,Peterson,YES,NO,HIGH
CUST-IN-6724-1165,CUST-IN-7358-8422,FRAUD_RING_FAMILY_LINK,Peterson,YES,YES,HIGH
CUST-IN-6724-1165,CUST-OH-9319-5231,FRAUD_RING_FAMILY_LINK,Peterson,YES,NO,HIGH
CUST-IL-2537-9894,CUST-IN-3541-5097,FRAUD_RING_FAMILY_LINK,Phillips,YES,NO,HIGH
CUST-IL-2537-9894,CUST-OH-3469-1044,FRAUD_RING_FAMILY_LINK,Phillips,YES,NO,HIGH
CUST-IL-2537-9894,CUST-OH-7834-3212,FRAUD_RING_FAMILY_LINK,Phillips,YES,NO,HIGH
CUST-IL-2537-9894,CUST-IL-6051-9898,FRAUD_RING_FAMILY_LINK,Phillips,YES,YES,HIGH
CUST-IN-3541-5097,CUST-OH-3469-1044,FRAUD_RING_FAMILY_LINK,Phillips,YES,NO,HIGH
CUST-IN-3541-5097,CUST-OH-7834-3212,FRAUD_RING_FAMILY_LINK,Phillips,YES,NO,HIGH
CUST-OH-3469-1044,CUST-OH-7834-3212,FRAUD_RING_FAMILY_LINK,Phillips,YES,YES,HIGH
CUST-IL-6051-9898,CUST-IN-3541-5097,FRAUD_RING_FAMILY_LINK,Phillips,YES,NO,HIGH
CUST-IL-6051-9898,CUST-OH-3469-1044,FRAUD_RING_FAMILY_LINK,Phillips,YES,NO,HIGH
CUST-IL-6051-9898,CUST-OH-7834-3212,FRAUD_RING_FAMILY_LINK,Phillips,YES,NO,HIGH
CUST-OH-1204-2516,CUST-OH-3916-4980,FRAUD_RING_FAMILY_LINK,Price,YES,YES,HIGH
CUST-OH-1204-2516,CUST-OH-8402-3708,FRAUD_RING_FAMILY_LINK,Price,YES,YES,HIGH
CUST-OH-3916-4980,CUST-OH-8402-3708,FRAUD_RING_FAMILY_LINK,Price,YES,YES,HIGH
CUST-IL-1747-3224,CUST-OH-1204-2516,FRAUD_RING_FAMILY_LINK,Price,YES,NO,HIGH
CUST-IL-1747-3224,CUST-OH-3916-4980,FRAUD_RING_FAMILY_LINK,Price,YES,NO,HIGH
CUST-IL-1747-3224,CUST-IL-4452-1959,FRAUD_RING_FAMILY_LINK,Price,YES,YES,HIGH
CUST-IL-1747-3224,CUST-IN-7308-3591,FRAUD_RING_FAMILY_LINK,Price,YES,NO,HIGH
CUST-IL-1747-3224,CUST-IL-5262-1069,FRAUD_RING_FAMILY_LINK,Price,YES,YES,HIGH
CUST-IL-1747-3224,CUST-OH-8402-3708,FRAUD_RING_FAMILY_LINK,Price,YES,NO,HIGH
CUST-IL-4452-1959,CUST-OH-1204-2516,FRAUD_RING_FAMILY_LINK,Price,YES,NO,HIGH
CUST-IL-4452-1959,CUST-OH-3916-4980,FRAUD_RING_FAMILY_LINK,Price,YES,NO,HIGH
CUST-IL-4452-1959,CUST-IN-7308-3591,FRAUD_RING_FAMILY_LINK,Price,YES,NO,HIGH
CUST-IL-4452-1959,CUST-IL-5262-1069,FRAUD_RING_FAMILY_LINK,Price,YES,YES,HIGH
CUST-IL-4452-1959,CUST-OH-8402-3708,FRAUD_RING_FAMILY_LINK,Price,YES,NO,HIGH
CUST-IN-7308-3591,CUST-OH-1204-2516,FRAUD_RING_FAMILY_LINK,Price,YES,NO,HIGH
CUST-IN-7308-3591,CUST-OH-3916-4980,FRAUD_RING_FAMILY_LINK,Price,YES,NO,HIGH
CUST-IN-7308-3591,CUST-OH-8402-3708,FRAUD_RING_FAMILY_LINK,Price,YES,NO,HIGH
CUST-IL-5262-1069,CUST-OH-1204-2516,FRAUD_RING_FAMILY_LINK,Price,YES,NO,HIGH
CUST-IL-5262-1069,CUST-OH-3916-4980,FRAUD_RING_FAMILY_LINK,Price,YES,NO,HIGH
CUST-IL-5262-1069,CUST-IN-7308-3591,FRAUD_RING_FAMILY_LINK,Price,YES,NO,HIGH
CUST-IL-5262-1069,CUST-OH-8402-3708,FRAUD_RING_FAMILY_LINK,Price,YES,NO,HIGH
CUST-IL-9945-4041,CUST-OH-5172-4318,FRAUD_RING_FAMILY_LINK,Ramirez,YES,NO,HIGH
CUST-IL-6008-5537,CUST-OH-4427-6544,FRAUD_RING_FAMILY_LINK,Reed,YES,NO,HIGH
CUST-IL-6008-5537,CUST-OH-4090-2522,FRAUD_RING_FAMILY_LINK,Reed,YES,NO,HIGH
CUST-OH-4090-2522,CUST-OH-4427-6544,FRAUD_RING_FAMILY_LINK,Reed,YES,YES,HIGH
CUST-OH-5750-2758,CUST-OH-6326-4983,FRAUD_RING_FAMILY_LINK,Richardson,YES,YES,HIGH
CUST-OH-5750-2758,CUST-OH-6036-5837,FRAUD_RING_FAMILY_LINK,Richardson,YES,YES,HIGH
CUST-IL-6895-7617,CUST-OH-6326-4983,FRAUD_RING_FAMILY_LINK,Richardson,YES,NO,HIGH
CUST-IL-6895-7617,CUST-OH-5750-2758,FRAUD_RING_FAMILY_LINK,Richardson,YES,NO,HIGH
CUST-IL-6895-7617,CUST-IN-7403-7984,FRAUD_RING_FAMILY_LINK,Richardson,YES,NO,HIGH
CUST-IL-6895-7617,CUST-OH-6036-5837,FRAUD_RING_FAMILY_LINK,Richardson,YES,NO,HIGH
CUST-IL-6895-7617,CUST-IL-8733-7991,FRAUD_RING_FAMILY_LINK,Richardson,YES,YES,HIGH
CUST-IN-7403-7984,CUST-OH-6326-4983,FRAUD_RING_FAMILY_LINK,Richardson,YES,NO,HIGH
CUST-IN-7403-7984,CUST-OH-5750-2758,FRAUD_RING_FAMILY_LINK,Richardson,YES,NO,HIGH
CUST-IN-7403-7984,CUST-OH-6036-5837,FRAUD_RING_FAMILY_LINK,Richardson,YES,NO,HIGH
CUST-OH-6036-5837,CUST-OH-6326-4983,FRAUD_RING_FAMILY_LINK,Richardson,YES,YES,HIGH
CUST-IL-4398-9303,CUST-OH-6326-4983,FRAUD_RING_FAMILY_LINK,Richardson,YES,NO,HIGH
CUST-IL-4398-9303,CUST-OH-5750-2758,FRAUD_RING_FAMILY_LINK,Richardson,YES,NO,HIGH
CUST-IL-4398-9303,CUST-IL-6895-7617,FRAUD_RING_FAMILY_LINK,Richardson,YES,YES,HIGH
CUST-IL-4398-9303,CUST-IN-7403-7984,FRAUD_RING_FAMILY_LINK,Richardson,YES,NO,HIGH
CUST-IL-4398-9303,CUST-OH-6036-5837,FRAUD_RING_FAMILY_LINK,Richardson,YES,NO,HIGH
CUST-IL-4398-9303,CUST-IL-8733-7991,FRAUD_RING_FAMILY_LINK,Richardson,YES,YES,HIGH
CUST-IL-4398-9303,CUST-IL-4492-8630,FRAUD_RING_FAMILY_LINK,Richardson,YES,YES,HIGH
CUST-IL-8733-7991,CUST-OH-6326-4983,FRAUD_RING_FAMILY_LINK,Richardson,YES,NO,HIGH
CUST-IL-8733-7991,CUST-OH-5750-2758,FRAUD_RING_FAMILY_LINK,Richardson,YES,NO,HIGH
CUST-IL-8733-7991,CUST-IN-7403-7984,FRAUD_RING_FAMILY_LINK,Richardson,YES,NO,HIGH
CUST-IL-8733-7991,CUST-OH-6036-5837,FRAUD_RING_FAMILY_LINK,Richardson,YES,NO,HIGH
CUST-IL-4492-8630,CUST-OH-6326-4983,FRAUD_RING_FAMILY_LINK,Richardson,YES,NO,HIGH
CUST-IL-4492-8630,CUST-OH-5750-2758,FRAUD_RING_FAMILY_LINK,Richardson,YES,NO,HIGH
CUST-IL-4492-8630,CUST-IL-6895-7617,FRAUD_RING_FAMILY_LINK,Richardson,YES,YES,HIGH
CUST-IL-4492-8630,CUST-IN-7403-7984,FRAUD_RING_FAMILY_LINK,Richardson,YES,NO,HIGH
CUST-IL-4492-8630,CUST-OH-6036-5837,FRAUD_RING_FAMILY_LINK,Richardson,YES,NO,HIGH
CUST-IL-4492-8630,CUST-IL-8733-7991,FRAUD_RING_FAMILY_LINK,Richardson,YES,YES,HIGH
CUST-IL-7015-9314,CUST-IN-3496-8643,FRAUD_RING_FAMILY_LINK,Rivera,YES,NO,HIGH
CUST-IL-7015-9314,CUST-OH-3347-8729,FRAUD_RING_FAMILY_LINK,Rivera,YES,NO,HIGH
CUST-IL-7015-9314,CUST-IL-7131-5446,FRAUD_RING_FAMILY_LINK,Rivera,YES,YES,HIGH
CUST-IN-3496-8643,CUST-OH-3347-8729,FRAUD_RING_FAMILY_LINK,Rivera,YES,NO,HIGH
CUST-IL-7131-5446,CUST-IN-3496-8643,FRAUD_RING_FAMILY_LINK,Rivera,YES,NO,HIGH
CUST-IL-7131-5446,CUST-OH-3347-8729,FRAUD_RING_FAMILY_LINK,Rivera,YES,NO,HIGH
CUST-IL-2854-7788,CUST-IL-4755-4089,FRAUD_RING_FAMILY_LINK,Roberts,YES,YES,HIGH
CUST-IL-2854-7788,CUST-IL-8898-3022,FRAUD_RING_FAMILY_LINK,Roberts,YES,YES,HIGH
CUST-IL-2854-7788,CUST-IN-2650-7639,FRAUD_RING_FAMILY_LINK,Roberts,YES,NO,HIGH
CUST-IL-2854-7788,CUST-IL-6622-2955,FRAUD_RING_FAMILY_LINK,Roberts,YES,YES,HIGH
CUST-IL-2854-7788,CUST-IL-8520-9861,FRAUD_RING_FAMILY_LINK,Roberts,YES,YES,HIGH
CUST-IL-2854-7788,CUST-IN-7280-5035,FRAUD_RING_FAMILY_LINK,Roberts,YES,NO,HIGH
CUST-IL-4755-4089,CUST-IL-8898-3022,FRAUD_RING_FAMILY_LINK,Roberts,YES,YES,HIGH
CUST-IL-4755-4089,CUST-IN-2650-7639,FRAUD_RING_FAMILY_LINK,Roberts,YES,NO,HIGH
CUST-IL-4755-4089,CUST-IL-6622-2955,FRAUD_RING_FAMILY_LINK,Roberts,YES,YES,HIGH
CUST-IL-4755-4089,CUST-IL-8520-9861,FRAUD_RING_FAMILY_LINK,Roberts,YES,YES,HIGH
CUST-IL-4755-4089,CUST-IN-7280-5035,FRAUD_RING_FAMILY_LINK,Roberts,YES,NO,HIGH
CUST-IL-8898-3022,CUST-IN-2650-7639,FRAUD_RING_FAMILY_LINK,Roberts,YES,NO,HIGH
CUST-IL-8898-3022,CUST-IN-7280-5035,FRAUD_RING_FAMILY_LINK,Roberts,YES,NO,HIGH
CUST-IN-2650-7639,CUST-IN-7280-5035,FRAUD_RING_FAMILY_LINK,Roberts,YES,YES,HIGH
CUST-IL-6622-2955,CUST-IL-8898-3022,FRAUD_RING_FAMILY_LINK,Roberts,YES,YES,HIGH
CUST-IL-6622-2955,CUST-IN-2650-7639,FRAUD_RING_FAMILY_LINK,Roberts,YES,NO,HIGH
CUST-IL-6622-2955,CUST-IL-8520-9861,FRAUD_RING_FAMILY_LINK,Roberts,YES,YES,HIGH
CUST-IL-6622-2955,CUST-IN-7280-5035,FRAUD_RING_FAMILY_LINK,Roberts,YES,NO,HIGH
CUST-IL-8520-9861,CUST-IL-8898-3022,FRAUD_RING_FAMILY_LINK,Roberts,YES,YES,HIGH
CUST-IL-8520-9861,CUST-IN-2650-7639,FRAUD_RING_FAMILY_LINK,Roberts,YES,NO,HIGH
CUST-IL-8520-9861,CUST-IN-7280-5035,FRAUD_RING_FAMILY_LINK,Roberts,YES,NO,HIGH
CUST-IN-6483-1723,CUST-OH-9032-1203,FRAUD_RING_FAMILY_LINK,Robinson,YES,NO,HIGH
CUST-IN-6483-1723,CUST-OH-5201-2021,FRAUD_RING_FAMILY_LINK,Robinson,YES,NO,HIGH
CUST-IN-6483-1723,CUST-IN-9533-3622,FRAUD_RING_FAMILY_LINK,Robinson,YES,YES,HIGH
CUST-IN-6483-1723,CUST-IN-9293-7163,FRAUD_RING_FAMILY_LINK,Robinson,YES,YES,HIGH
CUST-IN-4037-5707,CUST-IN-6483-1723,FRAUD_RING_FAMILY_LINK,Robinson,YES,YES,HIGH
CUST-IN-4037-5707,CUST-OH-9032-1203,FRAUD_RING_FAMILY_LINK,Robinson,YES,NO,HIGH
CUST-IN-4037-5707,CUST-OH-5201-2021,FRAUD_RING_FAMILY_LINK,Robinson,YES,NO,HIGH
CUST-IN-4037-5707,CUST-IN-9533-3622,FRAUD_RING_FAMILY_LINK,Robinson,YES,YES,HIGH
CUST-IN-4037-5707,CUST-IN-9293-7163,FRAUD_RING_FAMILY_LINK,Robinson,YES,YES,HIGH
CUST-OH-5201-2021,CUST-OH-9032-1203,FRAUD_RING_FAMILY_LINK,Robinson,YES,YES,HIGH
CUST-IN-9533-3622,CUST-OH-9032-1203,FRAUD_RING_FAMILY_LINK,Robinson,YES,NO,HIGH
CUST-IN-9533-3622,CUST-OH-5201-2021,FRAUD_RING_FAMILY_LINK,Robinson,YES,NO,HIGH
CUST-IN-9293-7163,CUST-OH-9032-1203,FRAUD_RING_FAMILY_LINK,Robinson,YES,NO,HIGH
CUST-IN-9293-7163,CUST-OH-5201-2021,FRAUD_RING_FAMILY_LINK,Robinson,YES,NO,HIGH
CUST-IN-9293-7163,CUST-IN-9533-3622,FRAUD_RING_FAMILY_LINK,Robinson,YES,YES,HIGH
CUST-IL-1195-1770,CUST-IL-2874-6514,FRAUD_RING_FAMILY_LINK,Rodriguez,YES,YES,HIGH
CUST-IN-4149-6899,CUST-OH-1298-5883,FRAUD_RING_FAMILY_LINK,Sanchez,YES,NO,HIGH
CUST-IN-4149-6899,CUST-IN-5983-1958,FRAUD_RING_FAMILY_LINK,Sanchez,YES,YES,HIGH
CUST-IL-3315-3224,CUST-OH-1298-5883,FRAUD_RING_FAMILY_LINK,Sanchez,YES,NO,HIGH
CUST-IL-3315-3224,CUST-IN-4149-6899,FRAUD_RING_FAMILY_LINK,Sanchez,YES,NO,HIGH
CUST-IL-3315-3224,CUST-IN-5983-1958,FRAUD_RING_FAMILY_LINK,Sanchez,YES,NO,HIGH
CUST-IN-5983-1958,CUST-OH-1298-5883,FRAUD_RING_FAMILY_LINK,Sanchez,YES,NO,HIGH
CUST-IN-3846-2535,CUST-OH-9409-4445,FRAUD_RING_FAMILY_LINK,Sanders,YES,NO,HIGH
CUST-IN-3846-2535,CUST-OH-7902-7104,FRAUD_RING_FAMILY_LINK,Sanders,YES,NO,HIGH
CUST-OH-7902-7104,CUST-OH-9409-4445,FRAUD_RING_FAMILY_LINK,Sanders,YES,YES,HIGH
CUST-IL-2358-7873,CUST-OH-6440-9777,FRAUD_RING_FAMILY_LINK,Scott,YES,NO,HIGH
CUST-IL-2358-7873,CUST-IN-9844-1434,FRAUD_RING_FAMILY_LINK,Scott,YES,NO,HIGH
CUST-IL-2358-7873,CUST-IL-5947-7919,FRAUD_RING_FAMILY_LINK,Scott,YES,YES,HIGH
CUST-IN-9844-1434,CUST-OH-6440-9777,FRAUD_RING_FAMILY_LINK,Scott,YES,NO,HIGH
CUST-IL-5947-7919,CUST-OH-6440-9777,FRAUD_RING_FAMILY_LINK,Scott,YES,NO,HIGH
CUST-IL-5947-7919,CUST-IN-9844-1434,FRAUD_RING_FAMILY_LINK,Scott,YES,NO,HIGH
CUST-IL-5128-8036,CUST-IL-6390-2456,FRAUD_RING_FAMILY_LINK,Thomas,YES,YES,HIGH
CUST-IL-5128-8036,CUST-IN-7466-2276,FRAUD_RING_FAMILY_LINK,Thomas,YES,NO,HIGH
CUST-IL-6390-2456,CUST-IN-7466-2276,FRAUD_RING_FAMILY_LINK,Thomas,YES,NO,HIGH
CUST-IL-2611-2294,CUST-IL-9126-8659,FRAUD_RING_FAMILY_LINK,Thompson,YES,YES,HIGH
CUST-IL-2611-2294,CUST-IN-4905-2706,FRAUD_RING_FAMILY_LINK,Thompson,YES,NO,HIGH
CUST-IL-9126-8659,CUST-IN-4905-2706,FRAUD_RING_FAMILY_LINK,Thompson,YES,NO,HIGH
CUST-IN-1214-8282,CUST-IN-6519-4326,FRAUD_RING_FAMILY_LINK,Torres,YES,YES,HIGH
CUST-IN-1214-8282,CUST-OH-8766-8159,FRAUD_RING_FAMILY_LINK,Torres,YES,NO,HIGH
CUST-IN-1214-8282,CUST-OH-7143-7671,FRAUD_RING_FAMILY_LINK,Torres,YES,NO,HIGH
CUST-IN-6519-4326,CUST-OH-8766-8159,FRAUD_RING_FAMILY_LINK,Torres,YES,NO,HIGH
CUST-IN-6519-4326,CUST-OH-7143-7671,FRAUD_RING_FAMILY_LINK,Torres,YES,NO,HIGH
CUST-OH-7143-7671,CUST-OH-8766-8159,FRAUD_RING_FAMILY_LINK,Torres,YES,YES,HIGH
CUST-IN-9041-7071,CUST-OH-2885-7334,FRAUD_RING_FAMILY_LINK,Turner,YES,NO,HIGH
CUST-OH-1329-5374,CUST-OH-9713-1854,FRAUD_RING_FAMILY_LINK,Walker,YES,YES,HIGH
CUST-IN-5130-4054,CUST-OH-1329-5374,FRAUD_RING_FAMILY_LINK,Walker,YES,NO,HIGH
CUST-IN-5130-4054,CUST-OH-9713-1854,FRAUD_RING_FAMILY_LINK,Walker,YES,NO,HIGH
CUST-IL-2060-3065,CUST-OH-1329-5374,FRAUD_RING_FAMILY_LINK,Walker,YES,NO,HIGH
CUST-IL-2060-3065,CUST-IN-5130-4054,FRAUD_RING_FAMILY_LINK,Walker,YES,NO,HIGH
CUST-IL-2060-3065,CUST-OH-9713-1854,FRAUD_RING_FAMILY_LINK,Walker,YES,NO,HIGH
CUST-IL-2060-3065,CUST-IN-4424-7090,FRAUD_RING_FAMILY_LINK,Walker,YES,NO,HIGH
CUST-IN-4424-7090,CUST-OH-1329-5374,FRAUD_RING_FAMILY_LINK,Walker,YES,NO,HIGH
CUST-IN-4424-7090,CUST-IN-5130-4054,FRAUD_RING_FAMILY_LINK,Walker,YES,YES,HIGH
CUST-IN-4424-7090,CUST-OH-9713-1854,FRAUD_RING_FAMILY_LINK,Walker,YES,NO,HIGH
CUST-IL-6296-6796,CUST-OH-1681-4640,FRAUD_RING_FAMILY_LINK,White,YES,NO,HIGH
CUST-IL-2278-6896,CUST-IL-5638-3026,FRAUD_RING_FAMILY_LINK,Williams,YES,YES,HIGH
CUST-IL-2278-6896,CUST-OH-8902-9336,FRAUD_RING_FAMILY_LINK,Williams,YES,NO,HIGH
CUST-IL-2278-6896,CUST-IN-9906-6088,FRAUD_RING_FAMILY_LINK,Williams,YES,NO,HIGH
CUST-IL-5638-3026,CUST-OH-8902-9336,FRAUD_RING_FAMILY_LINK,Williams,YES,NO,HIGH
CUST-IL-5638-3026,CUST-IN-9906-6088,FRAUD_RING_FAMILY_LINK,Williams,YES,NO,HIGH
CUST-IN-9906-6088,CUST-OH-8902-9336,FRAUD_RING_FAMILY_LINK,Williams,YES,NO,HIGH
CUST-IL-4312-9688,CUST-IN-8921-3216,FRAUD_RING_FAMILY_LINK,Wright,YES,NO,HIGH
CUST-IL-4312-9688,CUST-IN-6865-7790,FRAUD_RING_FAMILY_LINK,Wright,YES,NO,HIGH
CUST-IN-6865-7790,CUST-IN-8921-3216,FRAUD_RING_FAMILY_LINK,Wright,YES,YES,HIGH
