:START_ID,:END_ID,:TYPE,relationship_role,last_name_match
CUST-IL-1711-7214,FAM-ADAM-IL-0001,BELONGS_TO_FAMILY,own-child,YES
CUST-IL-5050-2040,FAM-ADAM-IL-0001,BELONGS_TO_FAMILY,not-in-family,YES
CUST-IN-4650-8633,FAM-ADAM-IN-0002,BELONGS_TO_FAMILY,other-relative,YES
CUST-IN-3624-8195,FAM-ADAM-IN-0002,BELONGS_TO_FAMILY,husband,YES
CUST-OH-3886-2587,FAM-ADAM-OH-0003,BELONGS_TO_FAMILY,husband,YES
CUST-IL-9300-6294,FAM-ALLE-IL-0004,BELONGS_TO_FAMILY,not-in-family,YES
CUST-IL-2311-1497,FAM-ALLE-IL-0004,BELONGS_TO_FAMILY,own-child,YES
CUST-IL-4079-3061,FAM-ALLE-IL-0004,BELONGS_TO_FAMILY,wife,YES
CUST-IL-2381-2327,FAM-ALLE-IL-0004,BELONGS_TO_FAMILY,not-in-family,YES
CUST-IL-6079-4982,FAM-ALLE-IL-0004,BELONGS_TO_FAMILY,wife,YES
CUST-IL-1925-5761,FAM-ALLE-IL-0004,BELONGS_TO_FAMILY,not-in-family,YES
CUST-IL-1869-1172,FAM-ALLE-IL-0004,BELONGS_TO_FAMILY,wife,YES
CUST-IN-5248-8164,FAM-ALLE-IN-0005,BELONGS_TO_FAMILY,unmarried,YES
CUST-OH-4973-1595,FAM-ALLE-OH-0006,BELONGS_TO_FAMILY,not-in-family,YES
CUST-OH-1559-1226,FAM-ALLE-OH-0006,BELONGS_TO_FAMILY,wife,YES
CUST-OH-6368-7941,FAM-ALLE-OH-0006,BELONGS_TO_FAMILY,unmarried,YES
CUST-OH-6846-9227,FAM-ALLE-OH-0006,BELONGS_TO_FAMILY,wife,YES
CUST-OH-6027-2914,FAM-ALLE-OH-0006,BELONGS_TO_FAMILY,own-child,YES
CUST-IL-2352-1183,FAM-ANDE-IL-0007,BELONGS_TO_FAMILY,own-child,YES
CUST-IL-3488-5952,FAM-ANDE-IL-0007,BELONGS_TO_FAMILY,own-child,YES
CUST-IL-2155-9851,FAM-ANDE-IL-0007,BELONGS_TO_FAMILY,not-in-family,YES
CUST-IL-2328-6397,FAM-ANDE-IL-0007,BELONGS_TO_FAMILY,husband,YES
CUST-IL-6381-6710,FAM-ANDE-IL-0007,BELONGS_TO_FAMILY,not-in-family,YES
CUST-IL-5283-8329,FAM-ANDE-IL-0007,BELONGS_TO_FAMILY,not-in-family,YES
CUST-IL-1592-6605,FAM-ANDE-IL-0007,BELONGS_TO_FAMILY,own-child,YES
CUST-IN-6150-3463,FAM-ANDE-IN-0008,BELONGS_TO_FAMILY,husband,YES
CUST-OH-1045-3425,FAM-ANDE-OH-0009,BELONGS_TO_FAMILY,unmarried,YES
CUST-OH-3305-9127,FAM-ANDE-OH-0009,BELONGS_TO_FAMILY,unmarried,YES
CUST-OH-2179-6522,FAM-ANDE-OH-0009,BELONGS_TO_FAMILY,not-in-family,YES
CUST-OH-1181-4563,FAM-ANDE-OH-0009,BELONGS_TO_FAMILY,husband,YES
CUST-OH-3150-8870,FAM-ANDE-OH-0009,BELONGS_TO_FAMILY,husband,YES
CUST-OH-6698-5768,FAM-ANDE-OH-0009,BELONGS_TO_FAMILY,wife,YES
CUST-IL-1934-6454,FAM-BAIL-IL-0010,BELONGS_TO_FAMILY,unmarried,YES
CUST-IL-2969-8068,FAM-BAIL-IL-0010,BELONGS_TO_FAMILY,own-child,YES
CUST-IL-6344-6612,FAM-BAIL-IL-0010,BELONGS_TO_FAMILY,wife,YES
CUST-IN-8928-5931,FAM-BAIL-IN-0011,BELONGS_TO_FAMILY,other-relative,YES
CUST-IN-3792-5609,FAM-BAIL-IN-0011,BELONGS_TO_FAMILY,not-in-family,YES
CUST-OH-2937-5022,FAM-BAIL-OH-0012,BELONGS_TO_FAMILY,own-child,YES
CUST-OH-9859-6922,FAM-BAIL-OH-0012,BELONGS_TO_FAMILY,unmarried,YES
CUST-IL-4873-9275,FAM-BAKE-IL-0013,BELONGS_TO_FAMILY,husband,YES
CUST-IL-4914-2082,FAM-BAKE-IL-0013,BELONGS_TO_FAMILY,other-relative,YES
CUST-IN-3455-5685,FAM-BAKE-IN-0014,BELONGS_TO_FAMILY,own-child,YES
CUST-IN-1496-3167,FAM-BAKE-IN-0014,BELONGS_TO_FAMILY,not-in-family,YES
CUST-OH-7601-9667,FAM-BAKE-OH-0015,BELONGS_TO_FAMILY,other-relative,YES
CUST-OH-9399-4419,FAM-BAKE-OH-0015,BELONGS_TO_FAMILY,wife,YES
CUST-OH-7694-9629,FAM-BAKE-OH-0015,BELONGS_TO_FAMILY,other-relative,YES
CUST-IL-9677-4210,FAM-BELL-IL-0016,BELONGS_TO_FAMILY,other-relative,YES
CUST-IN-9828-7272,FAM-BELL-IN-0017,BELONGS_TO_FAMILY,wife,YES
CUST-IN-6485-2635,FAM-BELL-IN-0017,BELONGS_TO_FAMILY,wife,YES
CUST-IN-1365-2505,FAM-BELL-IN-0017,BELONGS_TO_FAMILY,husband,YES
CUST-IN-1795-1311,FAM-BELL-IN-0017,BELONGS_TO_FAMILY,own-child,YES
CUST-IN-1759-5733,FAM-BELL-IN-0017,BELONGS_TO_FAMILY,own-child,YES
CUST-OH-5778-6743,FAM-BELL-OH-0018,BELONGS_TO_FAMILY,husband,YES
CUST-OH-2874-6371,FAM-BELL-OH-0018,BELONGS_TO_FAMILY,not-in-family,YES
CUST-OH-7188-9949,FAM-BELL-OH-0018,BELONGS_TO_FAMILY,unmarried,YES
CUST-IL-3431-7644,FAM-BROO-IL-0019,BELONGS_TO_FAMILY,unmarried,YES
CUST-IL-9187-1596,FAM-BROO-IL-0019,BELONGS_TO_FAMILY,not-in-family,YES
CUST-IL-5746-1853,FAM-BROO-IL-0019,BELONGS_TO_FAMILY,other-relative,YES
CUST-IL-3798-4030,FAM-BROO-IL-0019,BELONGS_TO_FAMILY,other-relative,YES
CUST-IL-5339-4749,FAM-BROO-IL-0019,BELONGS_TO_FAMILY,wife,YES
CUST-IN-3428-3984,FAM-BROO-IN-0020,BELONGS_TO_FAMILY,other-relative,YES
CUST-IN-9515-4564,FAM-BROO-IN-0020,BELONGS_TO_FAMILY,husband,YES
CUST-IN-5949-4061,FAM-BROO-IN-0020,BELONGS_TO_FAMILY,unmarried,YES
CUST-IN-8440-8336,FAM-BROO-IN-0020,BELONGS_TO_FAMILY,other-relative,YES
CUST-OH-8829-4721,FAM-BROO-OH-0021,BELONGS_TO_FAMILY,husband,YES
CUST-OH-4426-8963,FAM-BROO-OH-0021,BELONGS_TO_FAMILY,own-child,YES
CUST-OH-7277-3475,FAM-BROO-OH-0021,BELONGS_TO_FAMILY,wife,YES
CUST-OH-4852-7572,FAM-BROO-OH-0021,BELONGS_TO_FAMILY,own-child,YES
CUST-OH-8441-2747,FAM-BROO-OH-0021,BELONGS_TO_FAMILY,husband,YES
CUST-IL-5651-3292,FAM-BROW-IL-0022,BELONGS_TO_FAMILY,husband,YES
CUST-IL-3768-8966,FAM-BROW-IL-0022,BELONGS_TO_FAMILY,unmarried,YES
CUST-IN-4540-1389,FAM-BROW-IN-0023,BELONGS_TO_FAMILY,unmarried,YES
CUST-IN-6260-5592,FAM-BROW-IN-0023,BELONGS_TO_FAMILY,own-child,YES
CUST-IN-2502-6948,FAM-BROW-IN-0023,BELONGS_TO_FAMILY,unmarried,YES
CUST-IN-7253-6234,FAM-BROW-IN-0023,BELONGS_TO_FAMILY,not-in-family,YES
CUST-IN-1101-5385,FAM-BROW-IN-0023,BELONGS_TO_FAMILY,own-child,YES
CUST-OH-9354-8873,FAM-BROW-OH-0024,BELONGS_TO_FAMILY,unmarried,YES
CUST-OH-9712-1340,FAM-BROW-OH-0024,BELONGS_TO_FAMILY,wife,YES
CUST-OH-8101-5122,FAM-BROW-OH-0024,BELONGS_TO_FAMILY,wife,YES
CUST-OH-7405-7182,FAM-BROW-OH-0024,BELONGS_TO_FAMILY,wife,YES
CUST-OH-8561-6894,FAM-BROW-OH-0024,BELONGS_TO_FAMILY,not-in-family,YES
CUST-IL-9921-7231,FAM-CAMP-IL-0025,BELONGS_TO_FAMILY,husband,YES
CUST-IL-5947-5154,FAM-CAMP-IL-0025,BELONGS_TO_FAMILY,husband,YES
CUST-IL-1314-7429,FAM-CAMP-IL-0025,BELONGS_TO_FAMILY,not-in-family,YES
CUST-IL-8714-5256,FAM-CAMP-IL-0025,BELONGS_TO_FAMILY,husband,YES
CUST-IL-5991-8078,FAM-CAMP-IL-0025,BELONGS_TO_FAMILY,husband,YES
CUST-IL-9578-5380,FAM-CAMP-IL-0025,BELONGS_TO_FAMILY,own-child,YES
CUST-IN-2167-4459,FAM-CAMP-IN-0026,BELONGS_TO_FAMILY,wife,YES
CUST-IN-8408-9163,FAM-CAMP-IN-0026,BELONGS_TO_FAMILY,not-in-family,YES
CUST-IN-2723-4374,FAM-CAMP-IN-0026,BELONGS_TO_FAMILY,unmarried,YES
CUST-IN-3640-3287,FAM-CAMP-IN-0026,BELONGS_TO_FAMILY,wife,YES
CUST-OH-7400-1200,FAM-CAMP-OH-0027,BELONGS_TO_FAMILY,wife,YES
CUST-OH-4274-7369,FAM-CAMP-OH-0027,BELONGS_TO_FAMILY,other-relative,YES
CUST-OH-7995-9868,FAM-CAMP-OH-0027,BELONGS_TO_FAMILY,not-in-family,YES
CUST-OH-9037-6704,FAM-CAMP-OH-0027,BELONGS_TO_FAMILY,wife,YES
CUST-OH-4112-5145,FAM-CAMP-OH-0027,BELONGS_TO_FAMILY,not-in-family,YES
CUST-OH-3093-3806,FAM-CAMP-OH-0027,BELONGS_TO_FAMILY,other-relative,YES
CUST-OH-2909-8929,FAM-CAMP-OH-0027,BELONGS_TO_FAMILY,unmarried,YES
CUST-IL-6147-2766,FAM-CART-IL-0028,BELONGS_TO_FAMILY,own-child,YES
CUST-IL-3192-2977,FAM-CART-IL-0028,BELONGS_TO_FAMILY,not-in-family,YES
CUST-IN-2091-8748,FAM-CART-IN-0029,BELONGS_TO_FAMILY,wife,YES
CUST-IN-8333-8704,FAM-CART-IN-0029,BELONGS_TO_FAMILY,unmarried,YES
CUST-OH-1494-5407,FAM-CART-OH-0030,BELONGS_TO_FAMILY,other-relative,YES
CUST-OH-7892-1541,FAM-CART-OH-0030,BELONGS_TO_FAMILY,not-in-family,YES
CUST-OH-3692-5870,FAM-CART-OH-0030,BELONGS_TO_FAMILY,unmarried,YES
CUST-IL-3263-2308,FAM-CLAR-IL-0031,BELONGS_TO_FAMILY,other-relative,YES
CUST-IL-2619-6126,FAM-CLAR-IL-0031,BELONGS_TO_FAMILY,other-relative,YES
CUST-IN-9606-1450,FAM-CLAR-IN-0032,BELONGS_TO_FAMILY,wife,YES
CUST-IN-4282-1399,FAM-CLAR-IN-0032,BELONGS_TO_FAMILY,own-child,YES
CUST-IN-1597-8616,FAM-CLAR-IN-0032,BELONGS_TO_FAMILY,unmarried,YES
CUST-IN-5144-7585,FAM-CLAR-IN-0032,BELONGS_TO_FAMILY,other-relative,YES
CUST-IN-5384-5914,FAM-CLAR-IN-0032,BELONGS_TO_FAMILY,unmarried,YES
CUST-OH-4988-3583,FAM-CLAR-OH-0033,BELONGS_TO_FAMILY,own-child,YES
CUST-OH-5059-3261,FAM-CLAR-OH-0033,BELONGS_TO_FAMILY,not-in-family,YES
CUST-OH-4248-3008,FAM-CLAR-OH-0033,BELONGS_TO_FAMILY,unmarried,YES
CUST-OH-4398-1250,FAM-CLAR-OH-0033,BELONGS_TO_FAMILY,unmarried,YES
CUST-OH-1101-5869,FAM-CLAR-OH-0033,BELONGS_TO_FAMILY,own-child,YES
CUST-OH-9434-7330,FAM-CLAR-OH-0033,BELONGS_TO_FAMILY,wife,YES
CUST-OH-5360-4725,FAM-CLAR-OH-0033,BELONGS_TO_FAMILY,husband,YES
CUST-OH-5697-3852,FAM-CLAR-OH-0033,BELONGS_TO_FAMILY,not-in-family,YES
CUST-OH-7274-1604,FAM-CLAR-OH-0033,BELONGS_TO_FAMILY,husband,YES
CUST-IL-2062-9474,FAM-COLL-IL-0034,BELONGS_TO_FAMILY,not-in-family,YES
CUST-IL-5502-6225,FAM-COLL-IL-0034,BELONGS_TO_FAMILY,not-in-family,YES
CUST-IL-3283-4293,FAM-COLL-IL-0034,BELONGS_TO_FAMILY,unmarried,YES
CUST-IL-8085-8939,FAM-COLL-IL-0034,BELONGS_TO_FAMILY,unmarried,YES
CUST-IL-6084-9144,FAM-COLL-IL-0034,BELONGS_TO_FAMILY,not-in-family,YES
CUST-IL-7286-7934,FAM-COLL-IL-0034,BELONGS_TO_FAMILY,own-child,YES
CUST-IN-1461-6904,FAM-COLL-IN-0035,BELONGS_TO_FAMILY,other-relative,YES
CUST-IN-3544-4481,FAM-COLL-IN-0035,BELONGS_TO_FAMILY,own-child,YES
CUST-IN-9962-1887,FAM-COLL-IN-0035,BELONGS_TO_FAMILY,not-in-family,YES
CUST-OH-5667-3874,FAM-COLL-OH-0036,BELONGS_TO_FAMILY,own-child,YES
CUST-OH-5128-6310,FAM-COLL-OH-0036,BELONGS_TO_FAMILY,unmarried,YES
CUST-OH-4979-4507,FAM-COLL-OH-0036,BELONGS_TO_FAMILY,wife,YES
CUST-OH-5442-2136,FAM-COLL-OH-0036,BELONGS_TO_FAMILY,other-relative,YES
CUST-IL-7375-1461,FAM-COOK-IL-0037,BELONGS_TO_FAMILY,own-child,YES
CUST-IL-4267-9184,FAM-COOK-IL-0037,BELONGS_TO_FAMILY,wife,YES
CUST-IL-4987-6816,FAM-COOK-IL-0037,BELONGS_TO_FAMILY,unmarried,YES
CUST-IL-2642-8272,FAM-COOK-IL-0037,BELONGS_TO_FAMILY,wife,YES
CUST-IL-6647-9269,FAM-COOK-IL-0037,BELONGS_TO_FAMILY,other-relative,YES
CUST-IL-8363-4044,FAM-COOK-IL-0037,BELONGS_TO_FAMILY,other-relative,YES
CUST-IN-5279-8678,FAM-COOK-IN-0038,BELONGS_TO_FAMILY,not-in-family,YES
CUST-OH-3577-7123,FAM-COOK-OH-0039,BELONGS_TO_FAMILY,own-child,YES
CUST-OH-2832-7616,FAM-COOK-OH-0039,BELONGS_TO_FAMILY,husband,YES
CUST-OH-7861-1706,FAM-COOK-OH-0039,BELONGS_TO_FAMILY,own-child,YES
CUST-OH-1430-7431,FAM-COOK-OH-0039,BELONGS_TO_FAMILY,husband,YES
CUST-IL-4318-6927,FAM-COOP-IL-0040,BELONGS_TO_FAMILY,own-child,YES
CUST-IL-1277-4693,FAM-COOP-IL-0040,BELONGS_TO_FAMILY,own-child,YES
CUST-IL-9981-2292,FAM-COOP-IL-0040,BELONGS_TO_FAMILY,not-in-family,YES
CUST-IL-3697-7156,FAM-COOP-IL-0040,BELONGS_TO_FAMILY,wife,YES
CUST-IN-3328-1393,FAM-COOP-IN-0041,BELONGS_TO_FAMILY,husband,YES
CUST-IN-7564-2471,FAM-COOP-IN-0041,BELONGS_TO_FAMILY,wife,YES
CUST-IN-9441-9068,FAM-COOP-IN-0041,BELONGS_TO_FAMILY,husband,YES
CUST-IN-8129-8108,FAM-COOP-IN-0041,BELONGS_TO_FAMILY,own-child,YES
CUST-IN-7268-6887,FAM-COOP-IN-0041,BELONGS_TO_FAMILY,other-relative,YES
CUST-IN-8857-2413,FAM-COOP-IN-0041,BELONGS_TO_FAMILY,other-relative,YES
CUST-OH-2608-6592,FAM-COOP-OH-0042,BELONGS_TO_FAMILY,not-in-family,YES
CUST-OH-5981-4111,FAM-COOP-OH-0042,BELONGS_TO_FAMILY,husband,YES
CUST-OH-3579-5264,FAM-COOP-OH-0042,BELONGS_TO_FAMILY,other-relative,YES
CUST-OH-3274-8848,FAM-COOP-OH-0042,BELONGS_TO_FAMILY,not-in-family,YES
CUST-OH-7284-9138,FAM-COOP-OH-0042,BELONGS_TO_FAMILY,other-relative,YES
CUST-OH-3628-8139,FAM-COOP-OH-0042,BELONGS_TO_FAMILY,unmarried,YES
CUST-IL-6663-7823,FAM-COX-IL-0043,BELONGS_TO_FAMILY,husband,YES
CUST-IL-3995-6161,FAM-COX-IL-0043,BELONGS_TO_FAMILY,not-in-family,YES
CUST-IN-5242-4923,FAM-COX-IN-0044,BELONGS_TO_FAMILY,own-child,YES
CUST-IN-4486-6947,FAM-COX-IN-0044,BELONGS_TO_FAMILY,own-child,YES
CUST-IN-5747-3170,FAM-COX-IN-0044,BELONGS_TO_FAMILY,husband,YES
CUST-IN-3521-3721,FAM-COX-IN-0044,BELONGS_TO_FAMILY,not-in-family,YES
CUST-OH-1712-7218,FAM-COX-OH-0045,BELONGS_TO_FAMILY,other-relative,YES
CUST-OH-9636-3217,FAM-COX-OH-0045,BELONGS_TO_FAMILY,husband,YES
CUST-OH-4856-2805,FAM-COX-OH-0045,BELONGS_TO_FAMILY,other-relative,YES
CUST-IL-9186-1951,FAM-DAVI-IL-0046,BELONGS_TO_FAMILY,own-child,YES
CUST-IL-5863-6920,FAM-DAVI-IL-0046,BELONGS_TO_FAMILY,wife,YES
CUST-IL-5527-5007,FAM-DAVI-IL-0046,BELONGS_TO_FAMILY,unmarried,YES
CUST-IL-4256-3109,FAM-DAVI-IL-0046,BELONGS_TO_FAMILY,husband,YES
CUST-IL-3301-7245,FAM-DAVI-IL-0046,BELONGS_TO_FAMILY,husband,YES
CUST-IN-7314-4674,FAM-DAVI-IN-0047,BELONGS_TO_FAMILY,not-in-family,YES
CUST-IN-1071-5255,FAM-DAVI-IN-0047,BELONGS_TO_FAMILY,wife,YES
CUST-IN-7271-1382,FAM-DAVI-IN-0047,BELONGS_TO_FAMILY,other-relative,YES
CUST-IN-8457-8779,FAM-DAVI-IN-0047,BELONGS_TO_FAMILY,own-child,YES
CUST-IN-5154-1035,FAM-DAVI-IN-0047,BELONGS_TO_FAMILY,unmarried,YES
CUST-OH-6268-7438,FAM-DAVI-OH-0048,BELONGS_TO_FAMILY,wife,YES
CUST-OH-2794-4772,FAM-DAVI-OH-0048,BELONGS_TO_FAMILY,unmarried,YES
CUST-OH-7519-6878,FAM-DAVI-OH-0048,BELONGS_TO_FAMILY,husband,YES
CUST-IL-9854-8118,FAM-EDWA-IL-0049,BELONGS_TO_FAMILY,unmarried,YES
CUST-IL-1408-7229,FAM-EDWA-IL-0049,BELONGS_TO_FAMILY,husband,YES
CUST-IL-6557-5463,FAM-EDWA-IL-0049,BELONGS_TO_FAMILY,wife,YES
CUST-IN-3071-3298,FAM-EDWA-IN-0050,BELONGS_TO_FAMILY,own-child,YES
CUST-IN-8308-7545,FAM-EDWA-IN-0050,BELONGS_TO_FAMILY,wife,YES
CUST-IN-6911-7725,FAM-EDWA-IN-0050,BELONGS_TO_FAMILY,not-in-family,YES
CUST-IN-6151-3637,FAM-EDWA-IN-0050,BELONGS_TO_FAMILY,husband,YES
CUST-IN-7629-8083,FAM-EDWA-IN-0050,BELONGS_TO_FAMILY,husband,YES
CUST-OH-5193-9664,FAM-EDWA-OH-0051,BELONGS_TO_FAMILY,own-child,YES
CUST-OH-6698-5086,FAM-EDWA-OH-0051,BELONGS_TO_FAMILY,own-child,YES
CUST-OH-1644-4530,FAM-EDWA-OH-0051,BELONGS_TO_FAMILY,husband,YES
CUST-IL-1751-5546,FAM-EVAN-IL-0052,BELONGS_TO_FAMILY,wife,YES
CUST-IL-8471-3642,FAM-EVAN-IL-0052,BELONGS_TO_FAMILY,wife,YES
CUST-IL-2178-7057,FAM-EVAN-IL-0052,BELONGS_TO_FAMILY,own-child,YES
CUST-IL-6080-6489,FAM-EVAN-IL-0052,BELONGS_TO_FAMILY,not-in-family,YES
CUST-IN-4800-2809,FAM-EVAN-IN-0053,BELONGS_TO_FAMILY,other-relative,YES
CUST-IN-5455-2604,FAM-EVAN-IN-0053,BELONGS_TO_FAMILY,not-in-family,YES
CUST-IN-5714-7382,FAM-EVAN-IN-0053,BELONGS_TO_FAMILY,wife,YES
CUST-IN-6695-3229,FAM-EVAN-IN-0053,BELONGS_TO_FAMILY,husband,YES
CUST-OH-3736-9228,FAM-EVAN-OH-0054,BELONGS_TO_FAMILY,not-in-family,YES
CUST-OH-9915-3900,FAM-EVAN-OH-0054,BELONGS_TO_FAMILY,wife,YES
CUST-IL-1501-3138,FAM-FLOR-IL-0055,BELONGS_TO_FAMILY,husband,YES
CUST-IL-7374-6988,FAM-FLOR-IL-0055,BELONGS_TO_FAMILY,other-relative,YES
CUST-IL-2813-8371,FAM-FLOR-IL-0055,BELONGS_TO_FAMILY,own-child,YES
CUST-IN-9811-9165,FAM-FLOR-IN-0056,BELONGS_TO_FAMILY,own-child,YES
CUST-IN-9106-4246,FAM-FLOR-IN-0056,BELONGS_TO_FAMILY,husband,YES
CUST-IN-6217-1455,FAM-FLOR-IN-0056,BELONGS_TO_FAMILY,own-child,YES
CUST-IN-5779-6847,FAM-FLOR-IN-0056,BELONGS_TO_FAMILY,own-child,YES
CUST-OH-9769-1709,FAM-FLOR-OH-0057,BELONGS_TO_FAMILY,not-in-family,YES
CUST-OH-9587-6984,FAM-FLOR-OH-0057,BELONGS_TO_FAMILY,own-child,YES
CUST-OH-3479-3584,FAM-FLOR-OH-0057,BELONGS_TO_FAMILY,other-relative,YES
CUST-OH-5853-9416,FAM-FLOR-OH-0057,BELONGS_TO_FAMILY,unmarried,YES
CUST-OH-6200-9752,FAM-FLOR-OH-0057,BELONGS_TO_FAMILY,husband,YES
CUST-IL-9272-3160,FAM-GARC-IL-0058,BELONGS_TO_FAMILY,unmarried,YES
CUST-IL-9795-9455,FAM-GARC-IL-0058,BELONGS_TO_FAMILY,husband,YES
CUST-IN-2186-7751,FAM-GARC-IN-0059,BELONGS_TO_FAMILY,not-in-family,YES
CUST-IN-8426-8491,FAM-GARC-IN-0059,BELONGS_TO_FAMILY,wife,YES
CUST-IN-1134-2522,FAM-GARC-IN-0059,BELONGS_TO_FAMILY,own-child,YES
CUST-IN-7358-3132,FAM-GARC-IN-0059,BELONGS_TO_FAMILY,own-child,YES
CUST-IN-3578-1371,FAM-GARC-IN-0059,BELONGS_TO_FAMILY,husband,YES
CUST-IN-9475-4076,FAM-GARC-IN-0059,BELONGS_TO_FAMILY,other-relative,YES
CUST-OH-2848-7381,FAM-GARC-OH-0060,BELONGS_TO_FAMILY,own-child,YES
CUST-OH-4884-2410,FAM-GARC-OH-0060,BELONGS_TO_FAMILY,husband,YES
CUST-OH-2218-4919,FAM-GARC-OH-0060,BELONGS_TO_FAMILY,wife,YES
CUST-OH-9418-2718,FAM-GARC-OH-0060,BELONGS_TO_FAMILY,unmarried,YES
CUST-IL-4698-6679,FAM-GONZ-IL-0061,BELONGS_TO_FAMILY,husband,YES
CUST-IL-2263-6731,FAM-GONZ-IL-0061,BELONGS_TO_FAMILY,unmarried,YES
CUST-IL-6230-8623,FAM-GONZ-IL-0061,BELONGS_TO_FAMILY,unmarried,YES
CUST-IL-9793-4706,FAM-GONZ-IL-0061,BELONGS_TO_FAMILY,husband,YES
CUST-IL-8713-8637,FAM-GONZ-IL-0061,BELONGS_TO_FAMILY,own-child,YES
CUST-IN-6163-3369,FAM-GONZ-IN-0062,BELONGS_TO_FAMILY,unmarried,YES
CUST-IN-6186-1878,FAM-GONZ-IN-0062,BELONGS_TO_FAMILY,own-child,YES
CUST-IN-1711-8953,FAM-GONZ-IN-0062,BELONGS_TO_FAMILY,wife,YES
CUST-IN-6588-6447,FAM-GONZ-IN-0062,BELONGS_TO_FAMILY,husband,YES
CUST-IN-7576-9974,FAM-GONZ-IN-0062,BELONGS_TO_FAMILY,not-in-family,YES
CUST-IN-9273-9899,FAM-GONZ-IN-0062,BELONGS_TO_FAMILY,not-in-family,YES
CUST-IN-5358-6386,FAM-GONZ-IN-0062,BELONGS_TO_FAMILY,wife,YES
CUST-IN-2272-1156,FAM-GONZ-IN-0062,BELONGS_TO_FAMILY,own-child,YES
CUST-OH-6452-8839,FAM-GONZ-OH-0063,BELONGS_TO_FAMILY,wife,YES
CUST-OH-3278-9577,FAM-GONZ-OH-0063,BELONGS_TO_FAMILY,other-relative,YES
CUST-OH-6890-6295,FAM-GONZ-OH-0063,BELONGS_TO_FAMILY,wife,YES
CUST-OH-5934-8010,FAM-GONZ-OH-0063,BELONGS_TO_FAMILY,other-relative,YES
CUST-OH-9651-4668,FAM-GONZ-OH-0063,BELONGS_TO_FAMILY,own-child,YES
CUST-IL-4489-3523,FAM-GRAY-IL-0064,BELONGS_TO_FAMILY,husband,YES
CUST-IL-9938-3284,FAM-GRAY-IL-0064,BELONGS_TO_FAMILY,wife,YES
CUST-IL-6877-2802,FAM-GRAY-IL-0064,BELONGS_TO_FAMILY,other-relative,YES
CUST-IL-3864-5263,FAM-GRAY-IL-0064,BELONGS_TO_FAMILY,other-relative,YES
CUST-IL-5215-9485,FAM-GRAY-IL-0064,BELONGS_TO_FAMILY,wife,YES
CUST-IL-7748-7035,FAM-GRAY-IL-0064,BELONGS_TO_FAMILY,unmarried,YES
CUST-IN-2752-4433,FAM-GRAY-IN-0065,BELONGS_TO_FAMILY,unmarried,YES
CUST-IN-5829-4510,FAM-GRAY-IN-0065,BELONGS_TO_FAMILY,not-in-family,YES
CUST-IN-5890-8877,FAM-GRAY-IN-0065,BELONGS_TO_FAMILY,unmarried,YES
CUST-OH-1253-6733,FAM-GRAY-OH-0066,BELONGS_TO_FAMILY,not-in-family,YES
CUST-OH-7431-8726,FAM-GRAY-OH-0066,BELONGS_TO_FAMILY,wife,YES
CUST-OH-6670-3614,FAM-GRAY-OH-0066,BELONGS_TO_FAMILY,own-child,YES
CUST-OH-2467-1331,FAM-GRAY-OH-0066,BELONGS_TO_FAMILY,own-child,YES
CUST-OH-5161-1417,FAM-GRAY-OH-0066,BELONGS_TO_FAMILY,own-child,YES
CUST-IL-9086-1612,FAM-GREE-IL-0067,BELONGS_TO_FAMILY,husband,YES
CUST-IL-9904-8661,FAM-GREE-IL-0067,BELONGS_TO_FAMILY,own-child,YES
CUST-IL-6518-4841,FAM-GREE-IL-0067,BELONGS_TO_FAMILY,wife,YES
CUST-IL-5225-9557,FAM-GREE-IL-0067,BELONGS_TO_FAMILY,other-relative,YES
CUST-IL-5152-2097,FAM-GREE-IL-0067,BELONGS_TO_FAMILY,unmarried,YES
CUST-IL-4635-5714,FAM-GREE-IL-0067,BELONGS_TO_FAMILY,wife,YES
CUST-IN-8632-5212,FAM-GREE-IN-0068,BELONGS_TO_FAMILY,own-child,YES
CUST-IN-9316-6436,FAM-GREE-IN-0068,BELONGS_TO_FAMILY,unmarried,YES
CUST-IN-4219-4495,FAM-GREE-IN-0068,BELONGS_TO_FAMILY,unmarried,YES
CUST-IN-2051-2050,FAM-GREE-IN-0068,BELONGS_TO_FAMILY,husband,YES
CUST-IN-8656-1092,FAM-GREE-IN-0068,BELONGS_TO_FAMILY,not-in-family,YES
CUST-IN-4632-4367,FAM-GREE-IN-0068,BELONGS_TO_FAMILY,husband,YES
CUST-IN-7530-4506,FAM-GREE-IN-0068,BELONGS_TO_FAMILY,not-in-family,YES
CUST-IN-9134-1874,FAM-GREE-IN-0068,BELONGS_TO_FAMILY,wife,YES
CUST-OH-4375-7738,FAM-GREE-OH-0069,BELONGS_TO_FAMILY,unmarried,YES
CUST-OH-4396-4188,FAM-GREE-OH-0069,BELONGS_TO_FAMILY,other-relative,YES
CUST-OH-3823-9381,FAM-GREE-OH-0069,BELONGS_TO_FAMILY,wife,YES
CUST-OH-8042-3486,FAM-GREE-OH-0069,BELONGS_TO_FAMILY,husband,YES
CUST-OH-9854-7878,FAM-GREE-OH-0069,BELONGS_TO_FAMILY,not-in-family,YES
CUST-IL-9352-9121,FAM-HALL-IL-0070,BELONGS_TO_FAMILY,wife,YES
CUST-IL-1620-1098,FAM-HALL-IL-0070,BELONGS_TO_FAMILY,not-in-family,YES
CUST-IL-5767-3195,FAM-HALL-IL-0070,BELONGS_TO_FAMILY,husband,YES
CUST-IL-2484-8137,FAM-HALL-IL-0070,BELONGS_TO_FAMILY,not-in-family,YES
CUST-IL-4619-1815,FAM-HALL-IL-0070,BELONGS_TO_FAMILY,wife,YES
CUST-IL-6841-3634,FAM-HALL-IL-0070,BELONGS_TO_FAMILY,other-relative,YES
CUST-IL-7530-8401,FAM-HALL-IL-0070,BELONGS_TO_FAMILY,not-in-family,YES
CUST-IL-2315-7490,FAM-HALL-IL-0070,BELONGS_TO_FAMILY,own-child,YES
CUST-IN-4927-9388,FAM-HALL-IN-0071,BELONGS_TO_FAMILY,unmarried,YES
CUST-IN-6899-5948,FAM-HALL-IN-0071,BELONGS_TO_FAMILY,other-relative,YES
CUST-IN-9229-6478,FAM-HALL-IN-0071,BELONGS_TO_FAMILY,own-child,YES
CUST-IN-6701-9907,FAM-HALL-IN-0071,BELONGS_TO_FAMILY,unmarried,YES
CUST-OH-4853-1424,FAM-HALL-OH-0072,BELONGS_TO_FAMILY,own-child,YES
CUST-OH-3965-5436,FAM-HALL-OH-0072,BELONGS_TO_FAMILY,husband,YES
CUST-OH-8362-1597,FAM-HALL-OH-0072,BELONGS_TO_FAMILY,own-child,YES
CUST-IL-6365-8424,FAM-HARR-IL-0073,BELONGS_TO_FAMILY,wife,YES
CUST-IL-3567-5851,FAM-HARR-IL-0073,BELONGS_TO_FAMILY,own-child,YES
CUST-IL-9766-5133,FAM-HARR-IL-0073,BELONGS_TO_FAMILY,wife,YES
CUST-IN-3328-7266,FAM-HARR-IN-0074,BELONGS_TO_FAMILY,other-relative,YES
CUST-IN-8551-7891,FAM-HARR-IN-0074,BELONGS_TO_FAMILY,other-relative,YES
CUST-IN-8110-6846,FAM-HARR-IN-0074,BELONGS_TO_FAMILY,own-child,YES
CUST-OH-5293-6194,FAM-HARR-OH-0075,BELONGS_TO_FAMILY,other-relative,YES
CUST-OH-9355-9552,FAM-HARR-OH-0075,BELONGS_TO_FAMILY,wife,YES
CUST-OH-6200-7062,FAM-HARR-OH-0075,BELONGS_TO_FAMILY,unmarried,YES
CUST-OH-3117-9903,FAM-HARR-OH-0075,BELONGS_TO_FAMILY,husband,YES
CUST-OH-1824-8333,FAM-HARR-OH-0075,BELONGS_TO_FAMILY,husband,YES
CUST-OH-5006-3838,FAM-HARR-OH-0075,BELONGS_TO_FAMILY,not-in-family,YES
CUST-IL-7981-9969,FAM-HERN-IL-0076,BELONGS_TO_FAMILY,husband,YES
CUST-IN-7790-3264,FAM-HERN-IN-0077,BELONGS_TO_FAMILY,wife,YES
CUST-IN-3607-7128,FAM-HERN-IN-0077,BELONGS_TO_FAMILY,unmarried,YES
CUST-IN-4911-1759,FAM-HERN-IN-0077,BELONGS_TO_FAMILY,wife,YES
CUST-IN-5562-2620,FAM-HERN-IN-0077,BELONGS_TO_FAMILY,not-in-family,YES
CUST-OH-2146-9056,FAM-HERN-OH-0078,BELONGS_TO_FAMILY,other-relative,YES
CUST-IL-3039-4475,FAM-HILL-IL-0079,BELONGS_TO_FAMILY,husband,YES
CUST-IL-1328-4778,FAM-HILL-IL-0079,BELONGS_TO_FAMILY,not-in-family,YES
CUST-IL-7149-5644,FAM-HILL-IL-0079,BELONGS_TO_FAMILY,own-child,YES
CUST-IL-8767-3284,FAM-HILL-IL-0079,BELONGS_TO_FAMILY,wife,YES
CUST-IL-2184-6524,FAM-HILL-IL-0079,BELONGS_TO_FAMILY,other-relative,YES
CUST-IL-9614-8328,FAM-HILL-IL-0079,BELONGS_TO_FAMILY,other-relative,YES
CUST-IN-1398-1214,FAM-HILL-IN-0080,BELONGS_TO_FAMILY,own-child,YES
CUST-IN-4390-4931,FAM-HILL-IN-0080,BELONGS_TO_FAMILY,husband,YES
CUST-OH-3305-2593,FAM-HILL-OH-0081,BELONGS_TO_FAMILY,unmarried,YES
CUST-OH-5260-2832,FAM-HILL-OH-0081,BELONGS_TO_FAMILY,wife,YES
CUST-OH-2613-6074,FAM-HILL-OH-0081,BELONGS_TO_FAMILY,other-relative,YES
CUST-OH-3376-7879,FAM-HILL-OH-0081,BELONGS_TO_FAMILY,wife,YES
CUST-OH-8766-5983,FAM-HILL-OH-0081,BELONGS_TO_FAMILY,husband,YES
CUST-OH-2478-6192,FAM-HILL-OH-0081,BELONGS_TO_FAMILY,other-relative,YES
CUST-OH-3371-3505,FAM-HILL-OH-0081,BELONGS_TO_FAMILY,wife,YES
CUST-OH-7000-2574,FAM-HILL-OH-0081,BELONGS_TO_FAMILY,husband,YES
CUST-IL-1068-4277,FAM-HOWA-IL-0082,BELONGS_TO_FAMILY,wife,YES
CUST-IL-3026-8545,FAM-HOWA-IL-0082,BELONGS_TO_FAMILY,own-child,YES
CUST-IL-7147-5730,FAM-HOWA-IL-0082,BELONGS_TO_FAMILY,unmarried,YES
CUST-IL-5401-8102,FAM-HOWA-IL-0082,BELONGS_TO_FAMILY,not-in-family,YES
CUST-IN-2374-7775,FAM-HOWA-IN-0083,BELONGS_TO_FAMILY,not-in-family,YES
CUST-IN-7309-3103,FAM-HOWA-IN-0083,BELONGS_TO_FAMILY,wife,YES
CUST-IN-2662-3271,FAM-HOWA-IN-0083,BELONGS_TO_FAMILY,not-in-family,YES
CUST-IN-1255-8983,FAM-HOWA-IN-0083,BELONGS_TO_FAMILY,not-in-family,YES
CUST-OH-5150-6951,FAM-HOWA-OH-0084,BELONGS_TO_FAMILY,wife,YES
CUST-OH-4065-7065,FAM-HOWA-OH-0084,BELONGS_TO_FAMILY,wife,YES
CUST-OH-8839-5151,FAM-HOWA-OH-0084,BELONGS_TO_FAMILY,unmarried,YES
CUST-OH-8327-5400,FAM-HOWA-OH-0084,BELONGS_TO_FAMILY,own-child,YES
CUST-OH-7152-5443,FAM-HOWA-OH-0084,BELONGS_TO_FAMILY,unmarried,YES
CUST-OH-8668-7839,FAM-HOWA-OH-0084,BELONGS_TO_FAMILY,own-child,YES
CUST-IL-8604-4679,FAM-JACK-IL-0085,BELONGS_TO_FAMILY,wife,YES
CUST-IL-5349-9397,FAM-JACK-IL-0085,BELONGS_TO_FAMILY,unmarried,YES
CUST-IL-5509-9741,FAM-JACK-IL-0085,BELONGS_TO_FAMILY,own-child,YES
CUST-IL-1595-1742,FAM-JACK-IL-0085,BELONGS_TO_FAMILY,wife,YES
CUST-IN-4139-9417,FAM-JACK-IN-0086,BELONGS_TO_FAMILY,husband,YES
CUST-IN-7296-9369,FAM-JACK-IN-0086,BELONGS_TO_FAMILY,husband,YES
CUST-IN-9588-4189,FAM-JACK-IN-0086,BELONGS_TO_FAMILY,not-in-family,YES
CUST-IN-3866-4538,FAM-JACK-IN-0086,BELONGS_TO_FAMILY,wife,YES
CUST-IN-3739-9604,FAM-JACK-IN-0086,BELONGS_TO_FAMILY,unmarried,YES
CUST-IN-1780-6618,FAM-JACK-IN-0086,BELONGS_TO_FAMILY,husband,YES
CUST-IN-7864-9605,FAM-JACK-IN-0086,BELONGS_TO_FAMILY,not-in-family,YES
CUST-OH-9396-4688,FAM-JACK-OH-0087,BELONGS_TO_FAMILY,husband,YES
CUST-IL-4913-8366,FAM-JAME-IL-0088,BELONGS_TO_FAMILY,unmarried,YES
CUST-IL-7587-4779,FAM-JAME-IL-0088,BELONGS_TO_FAMILY,unmarried,YES
CUST-IL-1649-2514,FAM-JAME-IL-0088,BELONGS_TO_FAMILY,husband,YES
CUST-IL-4315-6675,FAM-JAME-IL-0088,BELONGS_TO_FAMILY,husband,YES
CUST-IL-2302-1471,FAM-JAME-IL-0088,BELONGS_TO_FAMILY,own-child,YES
CUST-IL-8241-6075,FAM-JAME-IL-0088,BELONGS_TO_FAMILY,other-relative,YES
CUST-IL-3573-2346,FAM-JAME-IL-0088,BELONGS_TO_FAMILY,other-relative,YES
CUST-IL-4885-3685,FAM-JAME-IL-0088,BELONGS_TO_FAMILY,other-relative,YES
CUST-IN-1566-2925,FAM-JAME-IN-0089,BELONGS_TO_FAMILY,unmarried,YES
CUST-IN-6639-4667,FAM-JAME-IN-0089,BELONGS_TO_FAMILY,not-in-family,YES
CUST-IN-3380-8493,FAM-JAME-IN-0089,BELONGS_TO_FAMILY,wife,YES
CUST-IN-1354-4419,FAM-JAME-IN-0089,BELONGS_TO_FAMILY,own-child,YES
CUST-OH-2082-9201,FAM-JAME-OH-0090,BELONGS_TO_FAMILY,other-relative,YES
CUST-OH-7661-5916,FAM-JAME-OH-0090,BELONGS_TO_FAMILY,wife,YES
CUST-OH-1167-6823,FAM-JAME-OH-0090,BELONGS_TO_FAMILY,husband,YES
CUST-OH-3785-8754,FAM-JAME-OH-0090,BELONGS_TO_FAMILY,not-in-family,YES
CUST-OH-6306-7376,FAM-JAME-OH-0090,BELONGS_TO_FAMILY,not-in-family,YES
CUST-OH-9826-5079,FAM-JAME-OH-0090,BELONGS_TO_FAMILY,not-in-family,YES
CUST-OH-1755-1859,FAM-JAME-OH-0090,BELONGS_TO_FAMILY,husband,YES
CUST-OH-6432-7910,FAM-JAME-OH-0090,BELONGS_TO_FAMILY,other-relative,YES
CUST-IL-2125-9710,FAM-JOHN-IL-0091,BELONGS_TO_FAMILY,husband,YES
CUST-IL-2350-4694,FAM-JOHN-IL-0091,BELONGS_TO_FAMILY,unmarried,YES
CUST-IN-3565-8194,FAM-JOHN-IN-0092,BELONGS_TO_FAMILY,not-in-family,YES
CUST-IN-1672-1401,FAM-JOHN-IN-0092,BELONGS_TO_FAMILY,husband,YES
CUST-IN-9914-4101,FAM-JOHN-IN-0092,BELONGS_TO_FAMILY,unmarried,YES
CUST-IN-7445-3522,FAM-JOHN-IN-0092,BELONGS_TO_FAMILY,not-in-family,YES
CUST-OH-4127-2990,FAM-JOHN-OH-0093,BELONGS_TO_FAMILY,not-in-family,YES
CUST-OH-4671-1039,FAM-JOHN-OH-0093,BELONGS_TO_FAMILY,wife,YES
CUST-OH-3444-5720,FAM-JOHN-OH-0093,BELONGS_TO_FAMILY,husband,YES
CUST-IL-6793-6557,FAM-JONE-IL-0094,BELONGS_TO_FAMILY,not-in-family,YES
CUST-IL-2234-8560,FAM-JONE-IL-0094,BELONGS_TO_FAMILY,other-relative,YES
CUST-IL-4960-1573,FAM-JONE-IL-0094,BELONGS_TO_FAMILY,own-child,YES
CUST-IL-5169-9213,FAM-JONE-IL-0094,BELONGS_TO_FAMILY,wife,YES
CUST-IN-9006-4322,FAM-JONE-IN-0095,BELONGS_TO_FAMILY,not-in-family,YES
CUST-IN-2678-8004,FAM-JONE-IN-0095,BELONGS_TO_FAMILY,unmarried,YES
CUST-IN-4145-4772,FAM-JONE-IN-0095,BELONGS_TO_FAMILY,own-child,YES
CUST-IN-6073-1704,FAM-JONE-IN-0095,BELONGS_TO_FAMILY,unmarried,YES
CUST-IN-4858-7099,FAM-JONE-IN-0095,BELONGS_TO_FAMILY,not-in-family,YES
CUST-IN-3544-6586,FAM-JONE-IN-0095,BELONGS_TO_FAMILY,other-relative,YES
CUST-OH-4866-3937,FAM-JONE-OH-0096,BELONGS_TO_FAMILY,own-child,YES
CUST-OH-7811-7991,FAM-JONE-OH-0096,BELONGS_TO_FAMILY,husband,YES
CUST-OH-8540-6389,FAM-JONE-OH-0096,BELONGS_TO_FAMILY,other-relative,YES
CUST-OH-1682-6272,FAM-JONE-OH-0096,BELONGS_TO_FAMILY,other-relative,YES
CUST-OH-1166-8572,FAM-JONE-OH-0096,BELONGS_TO_FAMILY,unmarried,YES
CUST-OH-5564-8847,FAM-JONE-OH-0096,BELONGS_TO_FAMILY,not-in-family,YES
CUST-OH-9133-3712,FAM-JONE-OH-0096,BELONGS_TO_FAMILY,wife,YES
CUST-OH-2915-7797,FAM-JONE-OH-0096,BELONGS_TO_FAMILY,own-child,YES
CUST-OH-8680-6904,FAM-JONE-OH-0096,BELONGS_TO_FAMILY,husband,YES
CUST-IL-2001-8912,FAM-KELL-IL-0097,BELONGS_TO_FAMILY,unmarried,YES
CUST-IL-1557-9208,FAM-KELL-IL-0097,BELONGS_TO_FAMILY,not-in-family,YES
CUST-IL-4199-5915,FAM-KELL-IL-0097,BELONGS_TO_FAMILY,wife,YES
CUST-IL-2768-4683,FAM-KELL-IL-0097,BELONGS_TO_FAMILY,unmarried,YES
CUST-IN-4314-6257,FAM-KELL-IN-0098,BELONGS_TO_FAMILY,wife,YES
CUST-IN-6951-9695,FAM-KELL-IN-0098,BELONGS_TO_FAMILY,husband,YES
CUST-IN-5990-9304,FAM-KELL-IN-0098,BELONGS_TO_FAMILY,unmarried,YES
CUST-OH-5323-3957,FAM-KELL-OH-0099,BELONGS_TO_FAMILY,other-relative,YES
CUST-OH-8432-4458,FAM-KELL-OH-0099,BELONGS_TO_FAMILY,unmarried,YES
CUST-OH-6460-8708,FAM-KELL-OH-0099,BELONGS_TO_FAMILY,wife,YES
CUST-OH-7372-1693,FAM-KELL-OH-0099,BELONGS_TO_FAMILY,own-child,YES
CUST-IL-1088-6374,FAM-KING-IL-0100,BELONGS_TO_FAMILY,unmarried,YES
CUST-IL-7791-4698,FAM-KING-IL-0100,BELONGS_TO_FAMILY,unmarried,YES
CUST-IL-1008-9157,FAM-KING-IL-0100,BELONGS_TO_FAMILY,wife,YES
CUST-IL-9089-9501,FAM-KING-IL-0100,BELONGS_TO_FAMILY,unmarried,YES
CUST-IN-9646-7635,FAM-KING-IN-0101,BELONGS_TO_FAMILY,other-relative,YES
CUST-IN-1394-1842,FAM-KING-IN-0101,BELONGS_TO_FAMILY,not-in-family,YES
CUST-IN-5389-1163,FAM-KING-IN-0101,BELONGS_TO_FAMILY,wife,YES
CUST-IN-8843-8783,FAM-KING-IN-0101,BELONGS_TO_FAMILY,not-in-family,YES
CUST-IN-6814-2120,FAM-KING-IN-0101,BELONGS_TO_FAMILY,own-child,YES
CUST-OH-9677-8229,FAM-KING-OH-0102,BELONGS_TO_FAMILY,own-child,YES
CUST-OH-7869-4038,FAM-KING-OH-0102,BELONGS_TO_FAMILY,not-in-family,YES
CUST-OH-7712-9837,FAM-KING-OH-0102,BELONGS_TO_FAMILY,wife,YES
CUST-OH-7885-8848,FAM-KING-OH-0102,BELONGS_TO_FAMILY,own-child,YES
CUST-OH-7573-7043,FAM-KING-OH-0102,BELONGS_TO_FAMILY,other-relative,YES
CUST-OH-3316-1764,FAM-KING-OH-0102,BELONGS_TO_FAMILY,husband,YES
CUST-OH-6076-2304,FAM-KING-OH-0102,BELONGS_TO_FAMILY,husband,YES
CUST-IL-8658-4072,FAM-LEE-IL-0103,BELONGS_TO_FAMILY,husband,YES
CUST-IN-2834-6343,FAM-LEE-IN-0104,BELONGS_TO_FAMILY,own-child,YES
CUST-IN-6024-4468,FAM-LEE-IN-0104,BELONGS_TO_FAMILY,own-child,YES
CUST-IN-2284-2335,FAM-LEE-IN-0104,BELONGS_TO_FAMILY,not-in-family,YES
CUST-IN-3986-5306,FAM-LEE-IN-0104,BELONGS_TO_FAMILY,own-child,YES
CUST-OH-3460-7641,FAM-LEE-OH-0105,BELONGS_TO_FAMILY,unmarried,YES
CUST-OH-6744-2565,FAM-LEE-OH-0105,BELONGS_TO_FAMILY,other-relative,YES
CUST-OH-4440-5780,FAM-LEE-OH-0105,BELONGS_TO_FAMILY,wife,YES
CUST-IL-1542-2132,FAM-LEWI-IL-0106,BELONGS_TO_FAMILY,wife,YES
CUST-IL-4271-5768,FAM-LEWI-IL-0106,BELONGS_TO_FAMILY,husband,YES
CUST-IL-9559-5414,FAM-LEWI-IL-0106,BELONGS_TO_FAMILY,not-in-family,YES
CUST-IL-4327-9049,FAM-LEWI-IL-0106,BELONGS_TO_FAMILY,wife,YES
CUST-IL-4374-2428,FAM-LEWI-IL-0106,BELONGS_TO_FAMILY,not-in-family,YES
CUST-IL-5534-1760,FAM-LEWI-IL-0106,BELONGS_TO_FAMILY,husband,YES
CUST-IL-2582-3976,FAM-LEWI-IL-0106,BELONGS_TO_FAMILY,not-in-family,YES
CUST-IN-8533-8794,FAM-LEWI-IN-0107,BELONGS_TO_FAMILY,husband,YES
CUST-IN-2650-2200,FAM-LEWI-IN-0107,BELONGS_TO_FAMILY,unmarried,YES
CUST-IN-3156-2360,FAM-LEWI-IN-0107,BELONGS_TO_FAMILY,not-in-family,YES
CUST-IN-1530-8377,FAM-LEWI-IN-0107,BELONGS_TO_FAMILY,husband,YES
CUST-IN-7976-2779,FAM-LEWI-IN-0107,BELONGS_TO_FAMILY,other-relative,YES
CUST-IN-1829-5805,FAM-LEWI-IN-0107,BELONGS_TO_FAMILY,not-in-family,YES
CUST-OH-5215-5637,FAM-LEWI-OH-0108,BELONGS_TO_FAMILY,husband,YES
CUST-OH-5316-5072,FAM-LEWI-OH-0108,BELONGS_TO_FAMILY,husband,YES
CUST-OH-2126-5740,FAM-LEWI-OH-0108,BELONGS_TO_FAMILY,wife,YES
CUST-OH-8044-9316,FAM-LEWI-OH-0108,BELONGS_TO_FAMILY,own-child,YES
CUST-OH-9994-5024,FAM-LEWI-OH-0108,BELONGS_TO_FAMILY,not-in-family,YES
CUST-OH-7569-6776,FAM-LEWI-OH-0108,BELONGS_TO_FAMILY,own-child,YES
CUST-OH-4307-3612,FAM-LEWI-OH-0108,BELONGS_TO_FAMILY,own-child,YES
CUST-OH-6262-7395,FAM-LEWI-OH-0108,BELONGS_TO_FAMILY,husband,YES
CUST-OH-2211-9269,FAM-LEWI-OH-0108,BELONGS_TO_FAMILY,own-child,YES
CUST-IL-6490-3487,FAM-LOPE-IL-0109,BELONGS_TO_FAMILY,wife,YES
CUST-IL-2181-5699,FAM-LOPE-IL-0109,BELONGS_TO_FAMILY,other-relative,YES
CUST-IN-6046-9146,FAM-LOPE-IN-0110,BELONGS_TO_FAMILY,wife,YES
CUST-IN-7979-6345,FAM-LOPE-IN-0110,BELONGS_TO_FAMILY,own-child,YES
CUST-IN-7985-5165,FAM-LOPE-IN-0110,BELONGS_TO_FAMILY,wife,YES
CUST-OH-2807-6089,FAM-LOPE-OH-0111,BELONGS_TO_FAMILY,own-child,YES
CUST-OH-3360-4974,FAM-LOPE-OH-0111,BELONGS_TO_FAMILY,unmarried,YES
CUST-OH-9366-3576,FAM-LOPE-OH-0111,BELONGS_TO_FAMILY,not-in-family,YES
CUST-OH-6498-3405,FAM-LOPE-OH-0111,BELONGS_TO_FAMILY,unmarried,YES
CUST-IL-5820-3991,FAM-MART-IL-0112,BELONGS_TO_FAMILY,wife,YES
CUST-IL-8968-7411,FAM-MART-IL-0112,BELONGS_TO_FAMILY,husband,YES
CUST-IL-1849-9789,FAM-MART-IL-0112,BELONGS_TO_FAMILY,not-in-family,YES
CUST-IL-3737-2836,FAM-MART-IL-0112,BELONGS_TO_FAMILY,unmarried,YES
CUST-IL-7353-5943,FAM-MART-IL-0112,BELONGS_TO_FAMILY,own-child,YES
CUST-IL-2432-4094,FAM-MART-IL-0112,BELONGS_TO_FAMILY,own-child,YES
CUST-IL-1100-3180,FAM-MART-IL-0112,BELONGS_TO_FAMILY,own-child,YES
CUST-IN-8081-7978,FAM-MART-IN-0113,BELONGS_TO_FAMILY,own-child,YES
CUST-IN-2910-7074,FAM-MART-IN-0113,BELONGS_TO_FAMILY,wife,YES
CUST-OH-7288-4730,FAM-MART-OH-0114,BELONGS_TO_FAMILY,unmarried,YES
CUST-OH-8897-2448,FAM-MART-OH-0114,BELONGS_TO_FAMILY,unmarried,YES
CUST-IL-4345-5887,FAM-MART-IL-0115,BELONGS_TO_FAMILY,not-in-family,YES
CUST-IL-2530-2499,FAM-MART-IL-0115,BELONGS_TO_FAMILY,own-child,YES
CUST-IL-1376-5222,FAM-MART-IL-0115,BELONGS_TO_FAMILY,own-child,YES
CUST-IL-4642-4370,FAM-MART-IL-0115,BELONGS_TO_FAMILY,wife,YES
CUST-IL-3074-3779,FAM-MART-IL-0115,BELONGS_TO_FAMILY,not-in-family,YES
CUST-IN-9208-8454,FAM-MART-IN-0116,BELONGS_TO_FAMILY,other-relative,YES
CUST-IN-2901-4973,FAM-MART-IN-0116,BELONGS_TO_FAMILY,own-child,YES
CUST-IN-4699-9195,FAM-MART-IN-0116,BELONGS_TO_FAMILY,other-relative,YES
CUST-IN-7525-6155,FAM-MART-IN-0116,BELONGS_TO_FAMILY,own-child,YES
CUST-OH-6876-4181,FAM-MART-OH-0117,BELONGS_TO_FAMILY,own-child,YES
CUST-OH-9140-8310,FAM-MART-OH-0117,BELONGS_TO_FAMILY,not-in-family,YES
CUST-OH-4637-4701,FAM-MART-OH-0117,BELONGS_TO_FAMILY,unmarried,YES
CUST-OH-9968-9105,FAM-MART-OH-0117,BELONGS_TO_FAMILY,not-in-family,YES
CUST-OH-9523-8454,FAM-MART-OH-0117,BELONGS_TO_FAMILY,husband,YES
CUST-OH-4694-2656,FAM-MART-OH-0117,BELONGS_TO_FAMILY,husband,YES
CUST-OH-1556-2396,FAM-MART-OH-0117,BELONGS_TO_FAMILY,not-in-family,YES
CUST-IL-9332-5478,FAM-MILL-IL-0118,BELONGS_TO_FAMILY,unmarried,YES
CUST-IL-6330-8823,FAM-MILL-IL-0118,BELONGS_TO_FAMILY,wife,YES
CUST-IL-5216-4416,FAM-MILL-IL-0118,BELONGS_TO_FAMILY,not-in-family,YES
CUST-IL-2597-9090,FAM-MILL-IL-0118,BELONGS_TO_FAMILY,unmarried,YES
CUST-IL-3057-1553,FAM-MILL-IL-0118,BELONGS_TO_FAMILY,own-child,YES
CUST-IN-8985-7192,FAM-MILL-IN-0119,BELONGS_TO_FAMILY,own-child,YES
CUST-IN-2548-1573,FAM-MILL-IN-0119,BELONGS_TO_FAMILY,husband,YES
CUST-IN-4393-7575,FAM-MILL-IN-0119,BELONGS_TO_FAMILY,other-relative,YES
CUST-OH-1167-2873,FAM-MILL-OH-0120,BELONGS_TO_FAMILY,other-relative,YES
CUST-OH-2839-1974,FAM-MILL-OH-0120,BELONGS_TO_FAMILY,other-relative,YES
CUST-OH-3886-5052,FAM-MILL-OH-0120,BELONGS_TO_FAMILY,wife,YES
CUST-OH-9449-8584,FAM-MILL-OH-0120,BELONGS_TO_FAMILY,wife,YES
CUST-IL-8728-8487,FAM-MITC-IL-0121,BELONGS_TO_FAMILY,husband,YES
CUST-IL-3952-5034,FAM-MITC-IL-0121,BELONGS_TO_FAMILY,other-relative,YES
CUST-IL-7956-8117,FAM-MITC-IL-0121,BELONGS_TO_FAMILY,not-in-family,YES
CUST-IL-2490-5947,FAM-MITC-IL-0121,BELONGS_TO_FAMILY,other-relative,YES
CUST-IL-9849-8298,FAM-MITC-IL-0121,BELONGS_TO_FAMILY,not-in-family,YES
CUST-IL-6631-9486,FAM-MITC-IL-0121,BELONGS_TO_FAMILY,unmarried,YES
CUST-IN-1439-3309,FAM-MITC-IN-0122,BELONGS_TO_FAMILY,own-child,YES
CUST-IN-5985-4615,FAM-MITC-IN-0122,BELONGS_TO_FAMILY,other-relative,YES
CUST-IN-7367-3570,FAM-MITC-IN-0122,BELONGS_TO_FAMILY,own-child,YES
CUST-OH-6549-7091,FAM-MITC-OH-0123,BELONGS_TO_FAMILY,husband,YES
CUST-IL-3366-4969,FAM-MOOR-IL-0124,BELONGS_TO_FAMILY,other-relative,YES
CUST-IL-5075-4810,FAM-MOOR-IL-0124,BELONGS_TO_FAMILY,other-relative,YES
CUST-IL-2475-3382,FAM-MOOR-IL-0124,BELONGS_TO_FAMILY,husband,YES
CUST-IL-7873-6009,FAM-MOOR-IL-0124,BELONGS_TO_FAMILY,not-in-family,YES
CUST-IL-4571-5592,FAM-MOOR-IL-0124,BELONGS_TO_FAMILY,own-child,YES
CUST-IN-8669-6450,FAM-MOOR-IN-0125,BELONGS_TO_FAMILY,other-relative,YES
CUST-IN-1807-4643,FAM-MOOR-IN-0125,BELONGS_TO_FAMILY,unmarried,YES
CUST-IN-1104-6935,FAM-MOOR-IN-0125,BELONGS_TO_FAMILY,not-in-family,YES
CUST-IN-7568-9845,FAM-MOOR-IN-0125,BELONGS_TO_FAMILY,own-child,YES
CUST-OH-6823-4130,FAM-MOOR-OH-0126,BELONGS_TO_FAMILY,other-relative,YES
CUST-OH-5099-1619,FAM-MOOR-OH-0126,BELONGS_TO_FAMILY,other-relative,YES
CUST-OH-1093-6365,FAM-MOOR-OH-0126,BELONGS_TO_FAMILY,other-relative,YES
CUST-IL-5848-1441,FAM-MORG-IL-0127,BELONGS_TO_FAMILY,wife,YES
CUST-IL-4320-1559,FAM-MORG-IL-0127,BELONGS_TO_FAMILY,other-relative,YES
CUST-IL-7958-7865,FAM-MORG-IL-0127,BELONGS_TO_FAMILY,wife,YES
CUST-IL-6488-6659,FAM-MORG-IL-0127,BELONGS_TO_FAMILY,wife,YES
CUST-IL-9875-6231,FAM-MORG-IL-0127,BELONGS_TO_FAMILY,wife,YES
CUST-IN-5156-1023,FAM-MORG-IN-0128,BELONGS_TO_FAMILY,other-relative,YES
CUST-IN-8073-8837,FAM-MORG-IN-0128,BELONGS_TO_FAMILY,other-relative,YES
CUST-IN-7949-5655,FAM-MORG-IN-0128,BELONGS_TO_FAMILY,not-in-family,YES
CUST-IN-9218-4891,FAM-MORG-IN-0128,BELONGS_TO_FAMILY,other-relative,YES
CUST-IN-8637-4671,FAM-MORG-IN-0128,BELONGS_TO_FAMILY,own-child,YES
CUST-IN-2729-4437,FAM-MORG-IN-0128,BELONGS_TO_FAMILY,own-child,YES
CUST-OH-6868-3386,FAM-MORG-OH-0129,BELONGS_TO_FAMILY,own-child,YES
CUST-OH-8738-3660,FAM-MORG-OH-0129,BELONGS_TO_FAMILY,not-in-family,YES
CUST-OH-1532-4802,FAM-MORG-OH-0129,BELONGS_TO_FAMILY,other-relative,YES
CUST-IL-3074-5686,FAM-MORR-IL-0130,BELONGS_TO_FAMILY,not-in-family,YES
CUST-IL-1654-7467,FAM-MORR-IL-0130,BELONGS_TO_FAMILY,wife,YES
CUST-IL-1148-9178,FAM-MORR-IL-0130,BELONGS_TO_FAMILY,wife,YES
CUST-IL-2258-7737,FAM-MORR-IL-0130,BELONGS_TO_FAMILY,not-in-family,YES
CUST-IL-8903-8060,FAM-MORR-IL-0130,BELONGS_TO_FAMILY,own-child,YES
CUST-IL-5831-5940,FAM-MORR-IL-0130,BELONGS_TO_FAMILY,wife,YES
CUST-IL-4459-8524,FAM-MORR-IL-0130,BELONGS_TO_FAMILY,own-child,YES
CUST-IL-1566-1403,FAM-MORR-IL-0130,BELONGS_TO_FAMILY,other-relative,YES
CUST-IL-2315-5319,FAM-MORR-IL-0130,BELONGS_TO_FAMILY,wife,YES
CUST-IL-4719-2738,FAM-MORR-IL-0130,BELONGS_TO_FAMILY,other-relative,YES
CUST-IN-5339-9307,FAM-MORR-IN-0131,BELONGS_TO_FAMILY,unmarried,YES
CUST-IN-3729-4838,FAM-MORR-IN-0131,BELONGS_TO_FAMILY,husband,YES
CUST-IN-5992-6954,FAM-MORR-IN-0131,BELONGS_TO_FAMILY,own-child,YES
CUST-IN-7947-4096,FAM-MORR-IN-0131,BELONGS_TO_FAMILY,not-in-family,YES
CUST-IN-7147-1405,FAM-MORR-IN-0131,BELONGS_TO_FAMILY,own-child,YES
CUST-IN-5912-8228,FAM-MORR-IN-0131,BELONGS_TO_FAMILY,wife,YES
CUST-OH-8184-3568,FAM-MORR-OH-0132,BELONGS_TO_FAMILY,not-in-family,YES
CUST-OH-9010-5712,FAM-MORR-OH-0132,BELONGS_TO_FAMILY,unmarried,YES
CUST-OH-7433-9722,FAM-MORR-OH-0132,BELONGS_TO_FAMILY,husband,YES
CUST-OH-3618-8248,FAM-MORR-OH-0132,BELONGS_TO_FAMILY,wife,YES
CUST-OH-3785-4738,FAM-MORR-OH-0132,BELONGS_TO_FAMILY,not-in-family,YES
CUST-OH-1498-1934,FAM-MORR-OH-0132,BELONGS_TO_FAMILY,own-child,YES
CUST-OH-8890-6309,FAM-MORR-OH-0132,BELONGS_TO_FAMILY,not-in-family,YES
CUST-OH-6745-3572,FAM-MORR-OH-0132,BELONGS_TO_FAMILY,husband,YES
CUST-IL-5967-5051,FAM-MURP-IL-0133,BELONGS_TO_FAMILY,unmarried,YES
CUST-IL-2415-8551,FAM-MURP-IL-0133,BELONGS_TO_FAMILY,other-relative,YES
CUST-IL-8580-3421,FAM-MURP-IL-0133,BELONGS_TO_FAMILY,unmarried,YES
CUST-IL-3261-4858,FAM-MURP-IL-0133,BELONGS_TO_FAMILY,other-relative,YES
CUST-IN-7295-4125,FAM-MURP-IN-0134,BELONGS_TO_FAMILY,other-relative,YES
CUST-OH-2777-9589,FAM-MURP-OH-0135,BELONGS_TO_FAMILY,other-relative,YES
CUST-OH-7963-9582,FAM-MURP-OH-0135,BELONGS_TO_FAMILY,other-relative,YES
CUST-OH-9421-1667,FAM-MURP-OH-0135,BELONGS_TO_FAMILY,husband,YES
CUST-OH-9735-5068,FAM-MURP-OH-0135,BELONGS_TO_FAMILY,not-in-family,YES
CUST-IL-4769-4822,FAM-NELS-IL-0136,BELONGS_TO_FAMILY,own-child,YES
CUST-IL-8060-9997,FAM-NELS-IL-0136,BELONGS_TO_FAMILY,wife,YES
CUST-IL-2978-7517,FAM-NELS-IL-0136,BELONGS_TO_FAMILY,other-relative,YES
CUST-IL-5553-3686,FAM-NELS-IL-0136,BELONGS_TO_FAMILY,other-relative,YES
CUST-IL-9769-2803,FAM-NELS-IL-0136,BELONGS_TO_FAMILY,own-child,YES
CUST-IL-8314-3099,FAM-NELS-IL-0136,BELONGS_TO_FAMILY,own-child,YES
CUST-IL-9386-9286,FAM-NELS-IL-0136,BELONGS_TO_FAMILY,wife,YES
CUST-IL-5565-6848,FAM-NELS-IL-0136,BELONGS_TO_FAMILY,other-relative,YES
CUST-IN-4981-8685,FAM-NELS-IN-0137,BELONGS_TO_FAMILY,not-in-family,YES
CUST-IN-3226-2839,FAM-NELS-IN-0137,BELONGS_TO_FAMILY,husband,YES
CUST-OH-3357-3879,FAM-NELS-OH-0138,BELONGS_TO_FAMILY,unmarried,YES
CUST-OH-1877-9846,FAM-NELS-OH-0138,BELONGS_TO_FAMILY,own-child,YES
CUST-OH-6419-7685,FAM-NELS-OH-0138,BELONGS_TO_FAMILY,unmarried,YES
CUST-OH-5258-8410,FAM-NELS-OH-0138,BELONGS_TO_FAMILY,unmarried,YES
CUST-IL-3859-7974,FAM-NGUY-IL-0139,BELONGS_TO_FAMILY,wife,YES
CUST-IL-3984-7057,FAM-NGUY-IL-0139,BELONGS_TO_FAMILY,husband,YES
CUST-IN-6085-4973,FAM-NGUY-IN-0140,BELONGS_TO_FAMILY,not-in-family,YES
CUST-IN-6283-1177,FAM-NGUY-IN-0140,BELONGS_TO_FAMILY,wife,YES
CUST-OH-1723-6746,FAM-NGUY-OH-0141,BELONGS_TO_FAMILY,own-child,YES
CUST-IL-9325-3204,FAM-PARK-IL-0142,BELONGS_TO_FAMILY,other-relative,YES
CUST-IL-5933-4424,FAM-PARK-IL-0142,BELONGS_TO_FAMILY,unmarried,YES
CUST-IL-3653-6040,FAM-PARK-IL-0142,BELONGS_TO_FAMILY,husband,YES
CUST-IL-8304-5085,FAM-PARK-IL-0142,BELONGS_TO_FAMILY,not-in-family,YES
CUST-IL-9243-3063,FAM-PARK-IL-0142,BELONGS_TO_FAMILY,not-in-family,YES
CUST-IL-3428-9871,FAM-PARK-IL-0142,BELONGS_TO_FAMILY,other-relative,YES
CUST-IN-6315-6373,FAM-PARK-IN-0143,BELONGS_TO_FAMILY,not-in-family,YES
CUST-IN-3960-2436,FAM-PARK-IN-0143,BELONGS_TO_FAMILY,other-relative,YES
CUST-OH-8288-6831,FAM-PARK-OH-0144,BELONGS_TO_FAMILY,unmarried,YES
CUST-OH-5477-8745,FAM-PARK-OH-0144,BELONGS_TO_FAMILY,other-relative,YES
CUST-OH-8158-8927,FAM-PARK-OH-0144,BELONGS_TO_FAMILY,wife,YES
CUST-IL-1631-1570,FAM-PERE-IL-0145,BELONGS_TO_FAMILY,other-relative,YES
CUST-IL-6302-7146,FAM-PERE-IL-0145,BELONGS_TO_FAMILY,own-child,YES
CUST-IL-7405-1721,FAM-PERE-IL-0145,BELONGS_TO_FAMILY,own-child,YES
CUST-IL-9251-9635,FAM-PERE-IL-0145,BELONGS_TO_FAMILY,husband,YES
CUST-IN-3675-5471,FAM-PERE-IN-0146,BELONGS_TO_FAMILY,own-child,YES
CUST-IN-4733-6641,FAM-PERE-IN-0146,BELONGS_TO_FAMILY,own-child,YES
CUST-IN-3902-6158,FAM-PERE-IN-0146,BELONGS_TO_FAMILY,own-child,YES
CUST-OH-9221-9204,FAM-PERE-OH-0147,BELONGS_TO_FAMILY,not-in-family,YES
CUST-OH-3517-1267,FAM-PERE-OH-0147,BELONGS_TO_FAMILY,not-in-family,YES
CUST-OH-3910-7990,FAM-PERE-OH-0147,BELONGS_TO_FAMILY,other-relative,YES
CUST-OH-7945-3166,FAM-PERE-OH-0147,BELONGS_TO_FAMILY,unmarried,YES
CUST-OH-3895-9476,FAM-PERE-OH-0147,BELONGS_TO_FAMILY,own-child,YES
CUST-OH-6072-5985,FAM-PERE-OH-0147,BELONGS_TO_FAMILY,other-relative,YES
CUST-OH-9518-5011,FAM-PERE-OH-0147,BELONGS_TO_FAMILY,unmarried,YES
CUST-IL-5063-6819,FAM-PETE-IL-0148,BELONGS_TO_FAMILY,husband,YES
CUST-IN-1493-1648,FAM-PETE-IN-0149,BELONGS_TO_FAMILY,unmarried,YES
CUST-IN-7358-8422,FAM-PETE-IN-0149,BELONGS_TO_FAMILY,other-relative,YES
CUST-IN-3550-4602,FAM-PETE-IN-0149,BELONGS_TO_FAMILY,husband,YES
CUST-IN-6724-1165,FAM-PETE-IN-0149,BELONGS_TO_FAMILY,own-child,YES
CUST-OH-3959-6040,FAM-PETE-OH-0150,BELONGS_TO_FAMILY,other-relative,YES
CUST-OH-7743-2970,FAM-PETE-OH-0150,BELONGS_TO_FAMILY,own-child,YES
CUST-OH-9319-5231,FAM-PETE-OH-0150,BELONGS_TO_FAMILY,own-child,YES
CUST-IL-2537-9894,FAM-PHIL-IL-0151,BELONGS_TO_FAMILY,other-relative,YES
CUST-IL-2384-3451,FAM-PHIL-IL-0151,BELONGS_TO_FAMILY,unmarried,YES
CUST-IL-4456-4304,FAM-PHIL-IL-0151,BELONGS_TO_FAMILY,not-in-family,YES
CUST-IL-7199-2746,FAM-PHIL-IL-0151,BELONGS_TO_FAMILY,unmarried,YES
CUST-IL-6051-9898,FAM-PHIL-IL-0151,BELONGS_TO_FAMILY,unmarried,YES
CUST-IL-7939-8522,FAM-PHIL-IL-0151,BELONGS_TO_FAMILY,unmarried,YES
CUST-IL-5572-4492,FAM-PHIL-IL-0151,BELONGS_TO_FAMILY,unmarried,YES
CUST-IN-3541-5097,FAM-PHIL-IN-0152,BELONGS_TO_FAMILY,other-relative,YES
CUST-IN-7394-3379,FAM-PHIL-IN-0152,BELONGS_TO_FAMILY,not-in-family,YES
CUST-IN-5861-6271,FAM-PHIL-IN-0152,BELONGS_TO_FAMILY,husband,YES
CUST-IN-4037-1995,FAM-PHIL-IN-0152,BELONGS_TO_FAMILY,wife,YES
CUST-IN-2042-8632,FAM-PHIL-IN-0152,BELONGS_TO_FAMILY,wife,YES
CUST-IN-3728-3028,FAM-PHIL-IN-0152,BELONGS_TO_FAMILY,other-relative,YES
CUST-IN-7914-4642,FAM-PHIL-IN-0152,BELONGS_TO_FAMILY,not-in-family,YES
CUST-IN-2152-2691,FAM-PHIL-IN-0152,BELONGS_TO_FAMILY,husband,YES
CUST-OH-4208-3967,FAM-PHIL-OH-0153,BELONGS_TO_FAMILY,not-in-family,YES
CUST-OH-7768-6927,FAM-PHIL-OH-0153,BELONGS_TO_FAMILY,unmarried,YES
CUST-OH-3469-1044,FAM-PHIL-OH-0153,BELONGS_TO_FAMILY,not-in-family,YES
CUST-OH-3800-1140,FAM-PHIL-OH-0153,BELONGS_TO_FAMILY,own-child,YES
CUST-OH-7834-3212,FAM-PHIL-OH-0153,BELONGS_TO_FAMILY,wife,YES
CUST-OH-5422-9695,FAM-PHIL-OH-0153,BELONGS_TO_FAMILY,other-relative,YES
CUST-OH-5074-1182,FAM-PHIL-OH-0153,BELONGS_TO_FAMILY,not-in-family,YES
CUST-IL-6946-4532,FAM-PRIC-IL-0154,BELONGS_TO_FAMILY,other-relative,YES
CUST-IL-1747-3224,FAM-PRIC-IL-0154,BELONGS_TO_FAMILY,not-in-family,YES
CUST-IL-4452-1959,FAM-PRIC-IL-0154,BELONGS_TO_FAMILY,not-in-family,YES
CUST-IL-5262-1069,FAM-PRIC-IL-0154,BELONGS_TO_FAMILY,other-relative,YES
CUST-IL-7534-3133,FAM-PRIC-IL-0154,BELONGS_TO_FAMILY,unmarried,YES
CUST-IL-4905-9750,FAM-PRIC-IL-0154,BELONGS_TO_FAMILY,wife,YES
CUST-IN-2032-3709,FAM-PRIC-IN-0155,BELONGS_TO_FAMILY,not-in-family,YES
CUST-IN-7308-3591,FAM-PRIC-IN-0155,BELONGS_TO_FAMILY,wife,YES
CUST-OH-1204-2516,FAM-PRIC-OH-0156,BELONGS_TO_FAMILY,other-relative,YES
CUST-OH-3916-4980,FAM-PRIC-OH-0156,BELONGS_TO_FAMILY,other-relative,YES
CUST-OH-6500-4765,FAM-PRIC-OH-0156,BELONGS_TO_FAMILY,not-in-family,YES
CUST-OH-9418-6080,FAM-PRIC-OH-0156,BELONGS_TO_FAMILY,wife,YES
CUST-OH-6418-4569,FAM-PRIC-OH-0156,BELONGS_TO_FAMILY,unmarried,YES
CUST-OH-8316-5289,FAM-PRIC-OH-0156,BELONGS_TO_FAMILY,husband,YES
CUST-OH-8402-3708,FAM-PRIC-OH-0156,BELONGS_TO_FAMILY,husband,YES
CUST-IL-9945-4041,FAM-RAMI-IL-0157,BELONGS_TO_FAMILY,other-relative,YES
CUST-IL-2841-7081,FAM-RAMI-IL-0157,BELONGS_TO_FAMILY,husband,YES
CUST-IN-4856-5101,FAM-RAMI-IN-0158,BELONGS_TO_FAMILY,unmarried,YES
CUST-IN-9198-8508,FAM-RAMI-IN-0158,BELONGS_TO_FAMILY,own-child,YES
CUST-IN-6984-7207,FAM-RAMI-IN-0158,BELONGS_TO_FAMILY,not-in-family,YES
CUST-IN-8058-9199,FAM-RAMI-IN-0158,BELONGS_TO_FAMILY,husband,YES
CUST-IN-5282-5132,FAM-RAMI-IN-0158,BELONGS_TO_FAMILY,wife,YES
CUST-OH-5172-4318,FAM-RAMI-OH-0159,BELONGS_TO_FAMILY,wife,YES
CUST-OH-4195-3121,FAM-RAMI-OH-0159,BELONGS_TO_FAMILY,own-child,YES
CUST-OH-4055-1549,FAM-RAMI-OH-0159,BELONGS_TO_FAMILY,wife,YES
CUST-OH-3262-6310,FAM-RAMI-OH-0159,BELONGS_TO_FAMILY,own-child,YES
CUST-OH-3699-8627,FAM-RAMI-OH-0159,BELONGS_TO_FAMILY,wife,YES
CUST-IL-4290-7860,FAM-REED-IL-0160,BELONGS_TO_FAMILY,unmarried,YES
CUST-IL-6236-2751,FAM-REED-IL-0160,BELONGS_TO_FAMILY,husband,YES
CUST-IL-8398-7974,FAM-REED-IL-0160,BELONGS_TO_FAMILY,unmarried,YES
CUST-IL-6008-5537,FAM-REED-IL-0160,BELONGS_TO_FAMILY,other-relative,YES
CUST-IL-2066-3685,FAM-REED-IL-0160,BELONGS_TO_FAMILY,other-relative,YES
CUST-IL-8247-6992,FAM-REED-IL-0160,BELONGS_TO_FAMILY,not-in-family,YES
CUST-IN-2848-8693,FAM-REED-IN-0161,BELONGS_TO_FAMILY,husband,YES
CUST-OH-8245-9757,FAM-REED-OH-0162,BELONGS_TO_FAMILY,other-relative,YES
CUST-OH-4427-6544,FAM-REED-OH-0162,BELONGS_TO_FAMILY,husband,YES
CUST-OH-6821-5109,FAM-REED-OH-0162,BELONGS_TO_FAMILY,husband,YES
CUST-OH-4988-5035,FAM-REED-OH-0162,BELONGS_TO_FAMILY,wife,YES
CUST-OH-4090-2522,FAM-REED-OH-0162,BELONGS_TO_FAMILY,husband,YES
CUST-IL-4856-9636,FAM-RICH-IL-0163,BELONGS_TO_FAMILY,own-child,YES
CUST-IL-9225-3711,FAM-RICH-IL-0163,BELONGS_TO_FAMILY,not-in-family,YES
CUST-IL-6895-7617,FAM-RICH-IL-0163,BELONGS_TO_FAMILY,husband,YES
CUST-IL-4398-9303,FAM-RICH-IL-0163,BELONGS_TO_FAMILY,not-in-family,YES
CUST-IL-8733-7991,FAM-RICH-IL-0163,BELONGS_TO_FAMILY,husband,YES
CUST-IL-7696-9665,FAM-RICH-IL-0163,BELONGS_TO_FAMILY,husband,YES
CUST-IL-1800-9426,FAM-RICH-IL-0163,BELONGS_TO_FAMILY,not-in-family,YES
CUST-IL-4492-8630,FAM-RICH-IL-0163,BELONGS_TO_FAMILY,unmarried,YES
CUST-IN-5897-7726,FAM-RICH-IN-0164,BELONGS_TO_FAMILY,not-in-family,YES
CUST-IN-4361-6337,FAM-RICH-IN-0164,BELONGS_TO_FAMILY,husband,YES
CUST-IN-7403-7984,FAM-RICH-IN-0164,BELONGS_TO_FAMILY,other-relative,YES
CUST-IN-9508-9304,FAM-RICH-IN-0164,BELONGS_TO_FAMILY,other-relative,YES
CUST-OH-6326-4983,FAM-RICH-OH-0165,BELONGS_TO_FAMILY,husband,YES
CUST-OH-5750-2758,FAM-RICH-OH-0165,BELONGS_TO_FAMILY,own-child,YES
CUST-OH-3716-3106,FAM-RICH-OH-0165,BELONGS_TO_FAMILY,unmarried,YES
CUST-OH-2631-9447,FAM-RICH-OH-0165,BELONGS_TO_FAMILY,husband,YES
CUST-OH-6036-5837,FAM-RICH-OH-0165,BELONGS_TO_FAMILY,not-in-family,YES
CUST-OH-5778-1025,FAM-RICH-OH-0165,BELONGS_TO_FAMILY,not-in-family,YES
CUST-OH-1182-9784,FAM-RICH-OH-0165,BELONGS_TO_FAMILY,not-in-family,YES
CUST-IL-7015-9314,FAM-RIVE-IL-0166,BELONGS_TO_FAMILY,other-relative,YES
CUST-IL-7131-5446,FAM-RIVE-IL-0166,BELONGS_TO_FAMILY,other-relative,YES
CUST-IL-2501-4459,FAM-RIVE-IL-0166,BELONGS_TO_FAMILY,unmarried,YES
CUST-IN-3482-6556,FAM-RIVE-IN-0167,BELONGS_TO_FAMILY,own-child,YES
CUST-IN-6132-2320,FAM-RIVE-IN-0167,BELONGS_TO_FAMILY,unmarried,YES
CUST-IN-3496-8643,FAM-RIVE-IN-0167,BELONGS_TO_FAMILY,husband,YES
CUST-IN-9106-4091,FAM-RIVE-IN-0167,BELONGS_TO_FAMILY,wife,YES
CUST-IN-5218-7835,FAM-RIVE-IN-0167,BELONGS_TO_FAMILY,own-child,YES
CUST-IN-4547-1541,FAM-RIVE-IN-0167,BELONGS_TO_FAMILY,other-relative,YES
CUST-IN-9745-7492,FAM-RIVE-IN-0167,BELONGS_TO_FAMILY,husband,YES
CUST-OH-5436-2258,FAM-RIVE-OH-0168,BELONGS_TO_FAMILY,other-relative,YES
CUST-OH-7430-2422,FAM-RIVE-OH-0168,BELONGS_TO_FAMILY,other-relative,YES
CUST-OH-5026-7294,FAM-RIVE-OH-0168,BELONGS_TO_FAMILY,wife,YES
CUST-OH-9445-5154,FAM-RIVE-OH-0168,BELONGS_TO_FAMILY,wife,YES
CUST-OH-3347-8729,FAM-RIVE-OH-0168,BELONGS_TO_FAMILY,unmarried,YES
CUST-OH-8047-5192,FAM-RIVE-OH-0168,BELONGS_TO_FAMILY,own-child,YES
CUST-IL-2854-7788,FAM-ROBE-IL-0169,BELONGS_TO_FAMILY,other-relative,YES
CUST-IL-4755-4089,FAM-ROBE-IL-0169,BELONGS_TO_FAMILY,husband,YES
CUST-IL-9425-7922,FAM-ROBE-IL-0169,BELONGS_TO_FAMILY,wife,YES
CUST-IL-8898-3022,FAM-ROBE-IL-0169,BELONGS_TO_FAMILY,wife,YES
CUST-IL-6622-2955,FAM-ROBE-IL-0169,BELONGS_TO_FAMILY,husband,YES
CUST-IL-8520-9861,FAM-ROBE-IL-0169,BELONGS_TO_FAMILY,own-child,YES
CUST-IN-7368-9289,FAM-ROBE-IN-0170,BELONGS_TO_FAMILY,husband,YES
CUST-IN-5535-3227,FAM-ROBE-IN-0170,BELONGS_TO_FAMILY,husband,YES
CUST-IN-2650-7639,FAM-ROBE-IN-0170,BELONGS_TO_FAMILY,other-relative,YES
CUST-IN-7280-5035,FAM-ROBE-IN-0170,BELONGS_TO_FAMILY,own-child,YES
CUST-IN-1484-5001,FAM-ROBE-IN-0170,BELONGS_TO_FAMILY,own-child,YES
CUST-OH-4472-5630,FAM-ROBE-OH-0171,BELONGS_TO_FAMILY,other-relative,YES
CUST-OH-6457-2906,FAM-ROBE-OH-0171,BELONGS_TO_FAMILY,husband,YES
CUST-IL-1135-2016,FAM-ROBI-IL-0172,BELONGS_TO_FAMILY,own-child,YES
CUST-IL-1061-2831,FAM-ROBI-IL-0172,BELONGS_TO_FAMILY,husband,YES
CUST-IL-5692-7864,FAM-ROBI-IL-0172,BELONGS_TO_FAMILY,husband,YES
CUST-IN-1834-4577,FAM-ROBI-IN-0173,BELONGS_TO_FAMILY,own-child,YES
CUST-IN-6483-1723,FAM-ROBI-IN-0173,BELONGS_TO_FAMILY,other-relative,YES
CUST-IN-7184-3887,FAM-ROBI-IN-0173,BELONGS_TO_FAMILY,wife,YES
CUST-IN-6202-9905,FAM-ROBI-IN-0173,BELONGS_TO_FAMILY,own-child,YES
CUST-IN-8727-6463,FAM-ROBI-IN-0173,BELONGS_TO_FAMILY,not-in-family,YES
CUST-IN-5016-2427,FAM-ROBI-IN-0173,BELONGS_TO_FAMILY,husband,YES
CUST-IN-4037-5707,FAM-ROBI-IN-0173,BELONGS_TO_FAMILY,wife,YES
CUST-IN-9205-3443,FAM-ROBI-IN-0173,BELONGS_TO_FAMILY,husband,YES
CUST-IN-5969-7218,FAM-ROBI-IN-0173,BELONGS_TO_FAMILY,other-relative,YES
CUST-IN-9533-3622,FAM-ROBI-IN-0173,BELONGS_TO_FAMILY,own-child,YES
CUST-IN-9293-7163,FAM-ROBI-IN-0173,BELONGS_TO_FAMILY,other-relative,YES
CUST-OH-6186-5385,FAM-ROBI-OH-0174,BELONGS_TO_FAMILY,unmarried,YES
CUST-OH-9032-1203,FAM-ROBI-OH-0174,BELONGS_TO_FAMILY,not-in-family,YES
CUST-OH-5201-2021,FAM-ROBI-OH-0174,BELONGS_TO_FAMILY,own-child,YES
CUST-IL-1195-1770,FAM-RODR-IL-0175,BELONGS_TO_FAMILY,not-in-family,YES
CUST-IL-2874-6514,FAM-RODR-IL-0175,BELONGS_TO_FAMILY,other-relative,YES
CUST-IL-4843-4033,FAM-RODR-IL-0175,BELONGS_TO_FAMILY,not-in-family,YES
CUST-IL-7107-2797,FAM-RODR-IL-0175,BELONGS_TO_FAMILY,other-relative,YES
CUST-IL-4824-1402,FAM-RODR-IL-0175,BELONGS_TO_FAMILY,husband,YES
CUST-IL-2654-3032,FAM-RODR-IL-0175,BELONGS_TO_FAMILY,husband,YES
CUST-IN-7516-7078,FAM-RODR-IN-0176,BELONGS_TO_FAMILY,other-relative,YES
CUST-IN-2688-7428,FAM-RODR-IN-0176,BELONGS_TO_FAMILY,own-child,YES
CUST-IN-9909-7065,FAM-RODR-IN-0176,BELONGS_TO_FAMILY,not-in-family,YES
CUST-OH-5005-4829,FAM-RODR-OH-0177,BELONGS_TO_FAMILY,own-child,YES
CUST-OH-4357-5165,FAM-RODR-OH-0177,BELONGS_TO_FAMILY,other-relative,YES
CUST-OH-1655-9520,FAM-RODR-OH-0177,BELONGS_TO_FAMILY,unmarried,YES
CUST-OH-7203-6259,FAM-RODR-OH-0177,BELONGS_TO_FAMILY,own-child,YES
CUST-OH-1338-2664,FAM-RODR-OH-0177,BELONGS_TO_FAMILY,own-child,YES
CUST-OH-9185-1735,FAM-RODR-OH-0177,BELONGS_TO_FAMILY,other-relative,YES
CUST-IL-3406-9216,FAM-RUIZ-IL-0178,BELONGS_TO_FAMILY,not-in-family,YES
CUST-IL-2919-1759,FAM-RUIZ-IL-0178,BELONGS_TO_FAMILY,husband,YES
CUST-IN-1153-1006,FAM-RUIZ-IN-0179,BELONGS_TO_FAMILY,own-child,YES
CUST-IN-4259-5216,FAM-RUIZ-IN-0179,BELONGS_TO_FAMILY,wife,YES
CUST-IN-5140-7970,FAM-RUIZ-IN-0179,BELONGS_TO_FAMILY,husband,YES
CUST-IN-5638-2908,FAM-RUIZ-IN-0179,BELONGS_TO_FAMILY,husband,YES
CUST-IN-4931-4083,FAM-RUIZ-IN-0179,BELONGS_TO_FAMILY,husband,YES
CUST-IN-9103-4589,FAM-RUIZ-IN-0179,BELONGS_TO_FAMILY,other-relative,YES
CUST-OH-2780-8845,FAM-RUIZ-OH-0180,BELONGS_TO_FAMILY,other-relative,YES
CUST-OH-6060-8630,FAM-RUIZ-OH-0180,BELONGS_TO_FAMILY,husband,YES
CUST-OH-7976-2729,FAM-RUIZ-OH-0180,BELONGS_TO_FAMILY,wife,YES
CUST-OH-8985-5843,FAM-RUIZ-OH-0180,BELONGS_TO_FAMILY,other-relative,YES
CUST-OH-9637-2964,FAM-RUIZ-OH-0180,BELONGS_TO_FAMILY,wife,YES
CUST-OH-1932-8922,FAM-RUIZ-OH-0180,BELONGS_TO_FAMILY,wife,YES
CUST-IL-7173-3330,FAM-SANC-IL-0181,BELONGS_TO_FAMILY,not-in-family,YES
CUST-IL-3315-3224,FAM-SANC-IL-0181,BELONGS_TO_FAMILY,unmarried,YES
CUST-IL-2678-9942,FAM-SANC-IL-0181,BELONGS_TO_FAMILY,unmarried,YES
CUST-IL-6827-7916,FAM-SANC-IL-0181,BELONGS_TO_FAMILY,husband,YES
CUST-IL-9988-9170,FAM-SANC-IL-0181,BELONGS_TO_FAMILY,wife,YES
CUST-IL-5735-4411,FAM-SANC-IL-0181,BELONGS_TO_FAMILY,husband,YES
CUST-IN-7976-7625,FAM-SANC-IN-0182,BELONGS_TO_FAMILY,not-in-family,YES
CUST-IN-9625-2281,FAM-SANC-IN-0182,BELONGS_TO_FAMILY,not-in-family,YES
CUST-IN-1273-1761,FAM-SANC-IN-0182,BELONGS_TO_FAMILY,not-in-family,YES
CUST-IN-4149-6899,FAM-SANC-IN-0182,BELONGS_TO_FAMILY,husband,YES
CUST-IN-5983-1958,FAM-SANC-IN-0182,BELONGS_TO_FAMILY,unmarried,YES
CUST-OH-1298-5883,FAM-SANC-OH-0183,BELONGS_TO_FAMILY,not-in-family,YES
CUST-OH-3903-1379,FAM-SANC-OH-0183,BELONGS_TO_FAMILY,other-relative,YES
CUST-OH-4830-9430,FAM-SANC-OH-0183,BELONGS_TO_FAMILY,not-in-family,YES
CUST-OH-6580-7201,FAM-SANC-OH-0183,BELONGS_TO_FAMILY,husband,YES
CUST-IL-4566-4686,FAM-SAND-IL-0184,BELONGS_TO_FAMILY,wife,YES
CUST-IL-4771-9072,FAM-SAND-IL-0184,BELONGS_TO_FAMILY,unmarried,YES
CUST-IL-8731-1698,FAM-SAND-IL-0184,BELONGS_TO_FAMILY,wife,YES
CUST-IL-4444-7891,FAM-SAND-IL-0184,BELONGS_TO_FAMILY,other-relative,YES
CUST-IL-1301-9795,FAM-SAND-IL-0184,BELONGS_TO_FAMILY,own-child,YES
CUST-IN-2267-5576,FAM-SAND-IN-0185,BELONGS_TO_FAMILY,other-relative,YES
CUST-IN-3846-2535,FAM-SAND-IN-0185,BELONGS_TO_FAMILY,unmarried,YES
CUST-IN-4131-8980,FAM-SAND-IN-0185,BELONGS_TO_FAMILY,other-relative,YES
CUST-IN-8323-6744,FAM-SAND-IN-0185,BELONGS_TO_FAMILY,husband,YES
CUST-OH-9409-4445,FAM-SAND-OH-0186,BELONGS_TO_FAMILY,other-relative,YES
CUST-OH-7902-7104,FAM-SAND-OH-0186,BELONGS_TO_FAMILY,other-relative,YES
CUST-OH-5242-1575,FAM-SAND-OH-0186,BELONGS_TO_FAMILY,not-in-family,YES
CUST-IL-2358-7873,FAM-SCOT-IL-0187,BELONGS_TO_FAMILY,own-child,YES
CUST-IL-5874-4804,FAM-SCOT-IL-0187,BELONGS_TO_FAMILY,wife,YES
CUST-IL-5947-7919,FAM-SCOT-IL-0187,BELONGS_TO_FAMILY,wife,YES
CUST-IL-4896-5134,FAM-SCOT-IL-0187,BELONGS_TO_FAMILY,husband,YES
CUST-IN-3949-8643,FAM-SCOT-IN-0188,BELONGS_TO_FAMILY,not-in-family,YES
CUST-IN-5252-8806,FAM-SCOT-IN-0188,BELONGS_TO_FAMILY,other-relative,YES
CUST-IN-9844-1434,FAM-SCOT-IN-0188,BELONGS_TO_FAMILY,wife,YES
CUST-IN-1409-2313,FAM-SCOT-IN-0188,BELONGS_TO_FAMILY,wife,YES
CUST-IN-2508-7304,FAM-SCOT-IN-0188,BELONGS_TO_FAMILY,unmarried,YES
CUST-IN-6762-1160,FAM-SCOT-IN-0188,BELONGS_TO_FAMILY,other-relative,YES
CUST-OH-6440-9777,FAM-SCOT-OH-0189,BELONGS_TO_FAMILY,not-in-family,YES
CUST-OH-7452-6356,FAM-SCOT-OH-0189,BELONGS_TO_FAMILY,own-child,YES
CUST-OH-3434-4150,FAM-SCOT-OH-0189,BELONGS_TO_FAMILY,unmarried,YES
CUST-OH-1439-1401,FAM-SCOT-OH-0189,BELONGS_TO_FAMILY,other-relative,YES
CUST-OH-9070-1175,FAM-SCOT-OH-0189,BELONGS_TO_FAMILY,own-child,YES
CUST-IL-2468-5826,FAM-SMIT-IL-0190,BELONGS_TO_FAMILY,not-in-family,YES
CUST-IL-3680-7987,FAM-SMIT-IL-0190,BELONGS_TO_FAMILY,other-relative,YES
CUST-IL-8938-4220,FAM-SMIT-IL-0190,BELONGS_TO_FAMILY,other-relative,YES
CUST-IL-4406-7477,FAM-SMIT-IL-0190,BELONGS_TO_FAMILY,wife,YES
CUST-IN-9148-2318,FAM-SMIT-IN-0191,BELONGS_TO_FAMILY,other-relative,YES
CUST-IN-6538-1901,FAM-SMIT-IN-0191,BELONGS_TO_FAMILY,unmarried,YES
CUST-IN-6274-5646,FAM-SMIT-IN-0191,BELONGS_TO_FAMILY,unmarried,YES
CUST-IN-4678-7169,FAM-SMIT-IN-0191,BELONGS_TO_FAMILY,husband,YES
CUST-OH-2530-7110,FAM-SMIT-OH-0192,BELONGS_TO_FAMILY,unmarried,YES
CUST-OH-9180-3052,FAM-SMIT-OH-0192,BELONGS_TO_FAMILY,other-relative,YES
CUST-OH-1431-4178,FAM-SMIT-OH-0192,BELONGS_TO_FAMILY,not-in-family,YES
CUST-IL-4300-5740,FAM-STEW-IL-0193,BELONGS_TO_FAMILY,husband,YES
CUST-IL-3892-9642,FAM-STEW-IL-0193,BELONGS_TO_FAMILY,husband,YES
CUST-IL-8900-9869,FAM-STEW-IL-0193,BELONGS_TO_FAMILY,unmarried,YES
CUST-IL-7227-4890,FAM-STEW-IL-0193,BELONGS_TO_FAMILY,husband,YES
CUST-IL-1851-4348,FAM-STEW-IL-0193,BELONGS_TO_FAMILY,other-relative,YES
CUST-IL-7607-3793,FAM-STEW-IL-0193,BELONGS_TO_FAMILY,own-child,YES
CUST-IL-6985-5828,FAM-STEW-IL-0193,BELONGS_TO_FAMILY,other-relative,YES
CUST-IN-8682-1574,FAM-STEW-IN-0194,BELONGS_TO_FAMILY,unmarried,YES
CUST-IN-8032-4096,FAM-STEW-IN-0194,BELONGS_TO_FAMILY,own-child,YES
CUST-IN-7715-3938,FAM-STEW-IN-0194,BELONGS_TO_FAMILY,husband,YES
CUST-IN-4379-5269,FAM-STEW-IN-0194,BELONGS_TO_FAMILY,husband,YES
CUST-OH-5589-5313,FAM-STEW-OH-0195,BELONGS_TO_FAMILY,own-child,YES
CUST-OH-6788-6334,FAM-STEW-OH-0195,BELONGS_TO_FAMILY,unmarried,YES
CUST-OH-2008-9321,FAM-STEW-OH-0195,BELONGS_TO_FAMILY,unmarried,YES
CUST-OH-9541-2963,FAM-STEW-OH-0195,BELONGS_TO_FAMILY,own-child,YES
CUST-OH-2984-1410,FAM-STEW-OH-0195,BELONGS_TO_FAMILY,other-relative,YES
CUST-OH-7960-2152,FAM-STEW-OH-0195,BELONGS_TO_FAMILY,unmarried,YES
CUST-OH-8652-9260,FAM-STEW-OH-0195,BELONGS_TO_FAMILY,husband,YES
CUST-OH-2190-9253,FAM-STEW-OH-0195,BELONGS_TO_FAMILY,wife,YES
CUST-OH-1178-2389,FAM-STEW-OH-0195,BELONGS_TO_FAMILY,own-child,YES
CUST-IL-3955-9876,FAM-TAYL-IL-0196,BELONGS_TO_FAMILY,own-child,YES
CUST-IL-9792-3051,FAM-TAYL-IL-0196,BELONGS_TO_FAMILY,own-child,YES
CUST-IL-3690-9907,FAM-TAYL-IL-0196,BELONGS_TO_FAMILY,other-relative,YES
CUST-IL-4208-7298,FAM-TAYL-IL-0196,BELONGS_TO_FAMILY,wife,YES
CUST-IN-9657-2391,FAM-TAYL-IN-0197,BELONGS_TO_FAMILY,unmarried,YES
CUST-OH-6570-2676,FAM-TAYL-OH-0198,BELONGS_TO_FAMILY,husband,YES
CUST-OH-9706-2776,FAM-TAYL-OH-0198,BELONGS_TO_FAMILY,not-in-family,YES
CUST-OH-9879-4090,FAM-TAYL-OH-0198,BELONGS_TO_FAMILY,other-relative,YES
CUST-OH-1531-2603,FAM-TAYL-OH-0198,BELONGS_TO_FAMILY,own-child,YES
CUST-OH-2631-8050,FAM-TAYL-OH-0198,BELONGS_TO_FAMILY,other-relative,YES
CUST-IL-3674-6740,FAM-THOM-IL-0199,BELONGS_TO_FAMILY,unmarried,YES
CUST-IL-1549-9239,FAM-THOM-IL-0199,BELONGS_TO_FAMILY,other-relative,YES
CUST-IL-5128-8036,FAM-THOM-IL-0199,BELONGS_TO_FAMILY,not-in-family,YES
CUST-IL-2830-2644,FAM-THOM-IL-0199,BELONGS_TO_FAMILY,own-child,YES
CUST-IL-6390-2456,FAM-THOM-IL-0199,BELONGS_TO_FAMILY,unmarried,YES
CUST-IL-7247-1214,FAM-THOM-IL-0199,BELONGS_TO_FAMILY,husband,YES
CUST-IL-5311-1436,FAM-THOM-IL-0199,BELONGS_TO_FAMILY,own-child,YES
CUST-IN-8181-9407,FAM-THOM-IN-0200,BELONGS_TO_FAMILY,unmarried,YES
CUST-IN-4451-7634,FAM-THOM-IN-0200,BELONGS_TO_FAMILY,unmarried,YES
CUST-IN-9632-1753,FAM-THOM-IN-0200,BELONGS_TO_FAMILY,other-relative,YES
CUST-IN-4824-1428,FAM-THOM-IN-0200,BELONGS_TO_FAMILY,own-child,YES
CUST-IN-7466-2276,FAM-THOM-IN-0200,BELONGS_TO_FAMILY,own-child,YES
CUST-OH-2039-1397,FAM-THOM-OH-0201,BELONGS_TO_FAMILY,wife,YES
CUST-OH-8046-6239,FAM-THOM-OH-0201,BELONGS_TO_FAMILY,not-in-family,YES
CUST-IL-2611-2294,FAM-THOM-IL-0202,BELONGS_TO_FAMILY,own-child,YES
CUST-IL-4572-7864,FAM-THOM-IL-0202,BELONGS_TO_FAMILY,unmarried,YES
CUST-IL-9126-8659,FAM-THOM-IL-0202,BELONGS_TO_FAMILY,wife,YES
CUST-IL-3311-3981,FAM-THOM-IL-0202,BELONGS_TO_FAMILY,unmarried,YES
CUST-IN-9320-8621,FAM-THOM-IN-0203,BELONGS_TO_FAMILY,wife,YES
CUST-IN-4905-2706,FAM-THOM-IN-0203,BELONGS_TO_FAMILY,other-relative,YES
CUST-OH-2702-2758,FAM-THOM-OH-0204,BELONGS_TO_FAMILY,wife,YES
CUST-OH-2212-3986,FAM-THOM-OH-0204,BELONGS_TO_FAMILY,other-relative,YES
CUST-IL-8120-1330,FAM-TORR-IL-0205,BELONGS_TO_FAMILY,other-relative,YES
CUST-IL-2115-7608,FAM-TORR-IL-0205,BELONGS_TO_FAMILY,own-child,YES
CUST-IN-6208-8757,FAM-TORR-IN-0206,BELONGS_TO_FAMILY,unmarried,YES
CUST-IN-1214-8282,FAM-TORR-IN-0206,BELONGS_TO_FAMILY,own-child,YES
CUST-IN-6519-4326,FAM-TORR-IN-0206,BELONGS_TO_FAMILY,husband,YES
CUST-IN-4336-6988,FAM-TORR-IN-0206,BELONGS_TO_FAMILY,not-in-family,YES
CUST-OH-6911-5096,FAM-TORR-OH-0207,BELONGS_TO_FAMILY,own-child,YES
CUST-OH-4388-1496,FAM-TORR-OH-0207,BELONGS_TO_FAMILY,other-relative,YES
CUST-OH-8766-8159,FAM-TORR-OH-0207,BELONGS_TO_FAMILY,wife,YES
CUST-OH-7143-7671,FAM-TORR-OH-0207,BELONGS_TO_FAMILY,husband,YES
CUST-OH-5560-6240,FAM-TORR-OH-0207,BELONGS_TO_FAMILY,husband,YES
CUST-IL-4147-7746,FAM-TURN-IL-0208,BELONGS_TO_FAMILY,unmarried,YES
CUST-IL-6333-7189,FAM-TURN-IL-0208,BELONGS_TO_FAMILY,husband,YES
CUST-IN-9041-7071,FAM-TURN-IN-0209,BELONGS_TO_FAMILY,own-child,YES
CUST-IN-5116-6126,FAM-TURN-IN-0209,BELONGS_TO_FAMILY,husband,YES
CUST-IN-8013-5833,FAM-TURN-IN-0209,BELONGS_TO_FAMILY,husband,YES
CUST-IN-4887-2718,FAM-TURN-IN-0209,BELONGS_TO_FAMILY,own-child,YES
CUST-IN-5501-6348,FAM-TURN-IN-0209,BELONGS_TO_FAMILY,husband,YES
CUST-OH-7904-1324,FAM-TURN-OH-0210,BELONGS_TO_FAMILY,own-child,YES
CUST-OH-2885-7334,FAM-TURN-OH-0210,BELONGS_TO_FAMILY,husband,YES
CUST-OH-9266-5010,FAM-TURN-OH-0210,BELONGS_TO_FAMILY,not-in-family,YES
CUST-OH-4210-8478,FAM-TURN-OH-0210,BELONGS_TO_FAMILY,not-in-family,YES
CUST-OH-6620-7819,FAM-TURN-OH-0210,BELONGS_TO_FAMILY,own-child,YES
CUST-OH-8864-9511,FAM-TURN-OH-0210,BELONGS_TO_FAMILY,husband,YES
CUST-IL-5478-4322,FAM-WALK-IL-0211,BELONGS_TO_FAMILY,own-child,YES
CUST-IL-2750-9374,FAM-WALK-IL-0211,BELONGS_TO_FAMILY,not-in-family,YES
CUST-IL-2060-3065,FAM-WALK-IL-0211,BELONGS_TO_FAMILY,other-relative,YES
CUST-IN-5130-4054,FAM-WALK-IN-0212,BELONGS_TO_FAMILY,other-relative,YES
CUST-IN-3129-5572,FAM-WALK-IN-0212,BELONGS_TO_FAMILY,not-in-family,YES
CUST-IN-4424-7090,FAM-WALK-IN-0212,BELONGS_TO_FAMILY,other-relative,YES
CUST-OH-9212-7406,FAM-WALK-OH-0213,BELONGS_TO_FAMILY,other-relative,YES
CUST-OH-1329-5374,FAM-WALK-OH-0213,BELONGS_TO_FAMILY,not-in-family,YES
CUST-OH-9713-1854,FAM-WALK-OH-0213,BELONGS_TO_FAMILY,other-relative,YES
CUST-OH-7950-3745,FAM-WALK-OH-0213,BELONGS_TO_FAMILY,wife,YES
CUST-OH-5094-6073,FAM-WALK-OH-0213,BELONGS_TO_FAMILY,unmarried,YES
CUST-OH-3226-5397,FAM-WALK-OH-0213,BELONGS_TO_FAMILY,not-in-family,YES
CUST-OH-8440-5046,FAM-WALK-OH-0213,BELONGS_TO_FAMILY,unmarried,YES
CUST-IL-8841-7734,FAM-WARD-IL-0214,BELONGS_TO_FAMILY,other-relative,YES
CUST-IN-1443-4729,FAM-WARD-IN-0215,BELONGS_TO_FAMILY,other-relative,YES
CUST-IN-1309-5544,FAM-WARD-IN-0215,BELONGS_TO_FAMILY,unmarried,YES
CUST-OH-6990-2021,FAM-WARD-OH-0216,BELONGS_TO_FAMILY,own-child,YES
CUST-OH-1905-4959,FAM-WARD-OH-0216,BELONGS_TO_FAMILY,own-child,YES
CUST-OH-7170-9108,FAM-WARD-OH-0216,BELONGS_TO_FAMILY,other-relative,YES
CUST-IL-2464-2205,FAM-WATS-IL-0217,BELONGS_TO_FAMILY,other-relative,YES
CUST-IL-7769-8874,FAM-WATS-IL-0217,BELONGS_TO_FAMILY,own-child,YES
CUST-IN-2997-6634,FAM-WATS-IN-0218,BELONGS_TO_FAMILY,other-relative,YES
CUST-IN-1344-8131,FAM-WATS-IN-0218,BELONGS_TO_FAMILY,other-relative,YES
CUST-IN-4588-5095,FAM-WATS-IN-0218,BELONGS_TO_FAMILY,not-in-family,YES
CUST-IN-9799-4608,FAM-WATS-IN-0218,BELONGS_TO_FAMILY,not-in-family,YES
CUST-OH-8426-7028,FAM-WATS-OH-0219,BELONGS_TO_FAMILY,wife,YES
CUST-OH-2821-6289,FAM-WATS-OH-0219,BELONGS_TO_FAMILY,not-in-family,YES
CUST-OH-6275-5951,FAM-WATS-OH-0219,BELONGS_TO_FAMILY,wife,YES
CUST-OH-1436-3428,FAM-WATS-OH-0219,BELONGS_TO_FAMILY,other-relative,YES
CUST-OH-5947-5696,FAM-WATS-OH-0219,BELONGS_TO_FAMILY,own-child,YES
CUST-OH-1918-3058,FAM-WATS-OH-0219,BELONGS_TO_FAMILY,husband,YES
CUST-IL-5375-7959,FAM-WHIT-IL-0220,BELONGS_TO_FAMILY,husband,YES
CUST-IL-7560-7397,FAM-WHIT-IL-0220,BELONGS_TO_FAMILY,not-in-family,YES
CUST-IL-6296-6796,FAM-WHIT-IL-0220,BELONGS_TO_FAMILY,not-in-family,YES
CUST-IL-5003-3555,FAM-WHIT-IL-0220,BELONGS_TO_FAMILY,own-child,YES
CUST-IL-3202-4624,FAM-WHIT-IL-0220,BELONGS_TO_FAMILY,husband,YES
CUST-IL-1014-3348,FAM-WHIT-IL-0220,BELONGS_TO_FAMILY,other-relative,YES
CUST-IL-4209-6347,FAM-WHIT-IL-0220,BELONGS_TO_FAMILY,wife,YES
CUST-OH-1681-4640,FAM-WHIT-OH-0221,BELONGS_TO_FAMILY,other-relative,YES
CUST-OH-7775-5876,FAM-WHIT-OH-0221,BELONGS_TO_FAMILY,not-in-family,YES
CUST-OH-7321-7862,FAM-WHIT-OH-0221,BELONGS_TO_FAMILY,not-in-family,YES
CUST-IL-2278-6896,FAM-WILL-IL-0222,BELONGS_TO_FAMILY,unmarried,YES
CUST-IL-5638-3026,FAM-WILL-IL-0222,BELONGS_TO_FAMILY,wife,YES
CUST-IL-1118-4772,FAM-WILL-IL-0222,BELONGS_TO_FAMILY,husband,YES
CUST-IN-9906-6088,FAM-WILL-IN-0223,BELONGS_TO_FAMILY,not-in-family,YES
CUST-OH-7926-6411,FAM-WILL-OH-0224,BELONGS_TO_FAMILY,other-relative,YES
CUST-OH-8902-9336,FAM-WILL-OH-0224,BELONGS_TO_FAMILY,husband,YES
CUST-OH-1082-7959,FAM-WILL-OH-0224,BELONGS_TO_FAMILY,own-child,YES
CUST-OH-1674-6021,FAM-WILL-OH-0224,BELONGS_TO_FAMILY,not-in-family,YES
CUST-OH-9505-6327,FAM-WILL-OH-0224,BELONGS_TO_FAMILY,husband,YES
CUST-OH-6010-5367,FAM-WILL-OH-0224,BELONGS_TO_FAMILY,unmarried,YES
CUST-OH-5646-7548,FAM-WILL-OH-0224,BELONGS_TO_FAMILY,wife,YES
CUST-IL-2471-7656,FAM-WILS-IL-0225,BELONGS_TO_FAMILY,not-in-family,YES
CUST-IL-6299-6486,FAM-WILS-IL-0225,BELONGS_TO_FAMILY,own-child,YES
CUST-IL-5824-1936,FAM-WILS-IL-0225,BELONGS_TO_FAMILY,unmarried,YES
CUST-IL-4768-6548,FAM-WILS-IL-0225,BELONGS_TO_FAMILY,own-child,YES
CUST-IN-3962-2792,FAM-WILS-IN-0226,BELONGS_TO_FAMILY,wife,YES
CUST-IN-9365-7944,FAM-WILS-IN-0226,BELONGS_TO_FAMILY,unmarried,YES
CUST-IN-8307-7249,FAM-WILS-IN-0226,BELONGS_TO_FAMILY,wife,YES
CUST-IN-6876-4360,FAM-WILS-IN-0226,BELONGS_TO_FAMILY,other-relative,YES
CUST-IN-8310-6925,FAM-WILS-IN-0226,BELONGS_TO_FAMILY,not-in-family,YES
CUST-IN-3745-1028,FAM-WILS-IN-0226,BELONGS_TO_FAMILY,wife,YES
CUST-OH-4243-4531,FAM-WILS-OH-0227,BELONGS_TO_FAMILY,other-relative,YES
CUST-OH-4114-2856,FAM-WILS-OH-0227,BELONGS_TO_FAMILY,own-child,YES
CUST-OH-4880-7593,FAM-WILS-OH-0227,BELONGS_TO_FAMILY,husband,YES
CUST-IL-3981-7247,FAM-WRIG-IL-0228,BELONGS_TO_FAMILY,not-in-family,YES
CUST-IL-4312-9688,FAM-WRIG-IL-0228,BELONGS_TO_FAMILY,own-child,YES
CUST-IL-6195-3873,FAM-WRIG-IL-0228,BELONGS_TO_FAMILY,own-child,YES
CUST-IL-7493-3885,FAM-WRIG-IL-0228,BELONGS_TO_FAMILY,wife,YES
CUST-IL-9071-2416,FAM-WRIG-IL-0228,BELONGS_TO_FAMILY,own-child,YES
CUST-IN-5291-2572,FAM-WRIG-IN-0229,BELONGS_TO_FAMILY,husband,YES
CUST-IN-7611-8161,FAM-WRIG-IN-0229,BELONGS_TO_FAMILY,not-in-family,YES
CUST-IN-5962-8195,FAM-WRIG-IN-0229,BELONGS_TO_FAMILY,wife,YES
CUST-IN-4922-1716,FAM-WRIG-IN-0229,BELONGS_TO_FAMILY,not-in-family,YES
CUST-IN-5053-8752,FAM-WRIG-IN-0229,BELONGS_TO_FAMILY,wife,YES
CUST-IN-9114-9913,FAM-WRIG-IN-0229,BELONGS_TO_FAMILY,not-in-family,YES
CUST-IN-6404-6762,FAM-WRIG-IN-0229,BELONGS_TO_FAMILY,own-child,YES
CUST-IN-8921-3216,FAM-WRIG-IN-0229,BELONGS_TO_FAMILY,husband,YES
CUST-IN-6865-7790,FAM-WRIG-IN-0229,BELONGS_TO_FAMILY,not-in-family,YES
CUST-OH-1662-4622,FAM-WRIG-OH-0230,BELONGS_TO_FAMILY,husband,YES
CUST-OH-6309-5508,FAM-WRIG-OH-0230,BELONGS_TO_FAMILY,not-in-family,YES
CUST-IL-6553-2672,FAM-YOUN-IL-0231,BELONGS_TO_FAMILY,not-in-family,YES
CUST-IL-1802-2513,FAM-YOUN-IL-0231,BELONGS_TO_FAMILY,husband,YES
CUST-IN-5526-1416,FAM-YOUN-IN-0232,BELONGS_TO_FAMILY,own-child,YES
CUST-IN-7538-8590,FAM-YOUN-IN-0232,BELONGS_TO_FAMILY,other-relative,YES
CUST-OH-4842-1374,FAM-YOUN-OH-0233,BELONGS_TO_FAMILY,husband,YES
CUST-OH-5655-2061,FAM-YOUN-OH-0233,BELONGS_TO_FAMILY,other-relative,YES
CUST-OH-8441-5109,FAM-YOUN-OH-0233,BELONGS_TO_FAMILY,not-in-family,YES
